[2026-01-22T05:58:30.142Z] 🔵 Availability Request: {"clinicId":"test","serviceId":"test","providerId":null}
[2026-01-22T05:58:30.162Z] 🔵 Using date: "2026-01-22"
[2026-01-22T06:06:39.923Z] 🔵 Availability Request: {"clinicId":"test","serviceId":"test","providerId":null}
[2026-01-22T06:06:39.929Z] 🔵 Using date: "2026-01-22"
[2026-01-22T06:06:39.997Z] ❌ Error in getAvailableSlots: {"query":"SELECT DISTINCT \"distinctAlias\".\"Clinic_id\" AS \"ids_Clinic_id\" FROM (SELECT \"Clinic\".\"id\" AS \"Clinic_id\", \"Clinic\".\"name\" AS \"Clinic_name\", \"Clinic\".\"description\" AS \"Clinic_description\", \"Clinic\".\"address\" AS \"Clinic_address\", \"Clinic\".\"phone\" AS \"Clinic_phone\", \"Clinic\".\"email\" AS \"Clinic_email\", \"Clinic\".\"website\" AS \"Clinic_website\", \"Clinic\".\"businessHours\" AS \"Clinic_businessHours\", \"Clinic\".\"timezone\" AS \"Clinic_timezone\", \"Clinic\".\"isActive\" AS \"Clinic_isActive\", \"Clinic\".\"ownerId\" AS \"Clinic_ownerId\", \"Clinic\".\"createdAt\" AS \"Clinic_createdAt\", \"Clinic\".\"updatedAt\" AS \"Clinic_updatedAt\", \"Clinic__Clinic_services\".\"id\" AS \"Clinic__Clinic_services_id\", \"Clinic__Clinic_services\".\"name\" AS \"Clinic__Clinic_services_name\", \"Clinic__Clinic_services\".\"description\" AS \"Clinic__Clinic_services_description\", \"Clinic__Clinic_services\".\"price\" AS \"Clinic__Clinic_services_price\", \"Clinic__Clinic_services\".\"durationMinutes\" AS \"Clinic__Clinic_services_durationMinutes\", \"Clinic__Clinic_services\".\"category\" AS \"Clinic__Clinic_services_category\", \"Clinic__Clinic_services\".\"metadata\" AS \"Clinic__Clinic_services_metadata\", \"Clinic__Clinic_services\".\"isActive\" AS \"Clinic__Clinic_services_isActive\", \"Clinic__Clinic_services\".\"clinicId\" AS \"Clinic__Clinic_services_clinicId\", \"Clinic__Clinic_services\".\"createdAt\" AS \"Clinic__Clinic_services_createdAt\", \"Clinic__Clinic_services\".\"updatedAt\" AS \"Clinic__Clinic_services_updatedAt\" FROM \"clinics\" \"Clinic\" LEFT JOIN \"services\" \"Clinic__Clinic_services\" ON \"Clinic__Clinic_services\".\"clinicId\"=\"Clinic\".\"id\" WHERE ((\"Clinic\".\"id\" = $1))) \"distinctAlias\" ORDER BY \"Clinic_id\" ASC LIMIT 1","parameters":["test"],"driverError":{"length":136,"name":"error","severity":"ERROR","code":"22P02","where":"unnamed portal parameter $1 = '...'","file":"uuid.c","line":"133","routine":"string_to_uuid"},"length":136,"severity":"ERROR","code":"22P02","where":"unnamed portal parameter $1 = '...'","file":"uuid.c","line":"133","routine":"string_to_uuid"}
[2026-01-22T06:10:09.436Z] 🔵 Availability Request: {"clinicId":"c07c073a-ad9e-44fd-b1b7-0b82ac7ed194","serviceId":"bdd6033a-d623-4770-a2a4-f62177b3c3f3","providerId":null,"date":"2026-01-22"}
[2026-01-22T06:10:09.442Z] 🔵 Using date: "2026-01-22"
[2026-01-22T06:10:09.513Z] 🔵 Clinic: "abc clinic"
[2026-01-22T06:10:09.520Z] 🔵 Using timezone: "America/New_York"
[2026-01-22T06:10:09.530Z] 🔵 Day of week: "thursday"
[2026-01-22T06:10:09.539Z] 🔵 Business hours for thursday: {"open":"09:00","close":"17:00","isOpen":true}
[2026-01-22T06:10:09.543Z] 🔵 All business hours: {"monday":{"open":"09:00","close":"17:00","isOpen":true},"tuesday":{"open":"09:00","close":"17:00","isOpen":true},"wednesday":{"open":"09:00","close":"17:00","isOpen":true},"thursday":{"open":"09:00","close":"17:00","isOpen":true},"friday":{"open":"09:00","close":"17:00","isOpen":true},"saturday":{"open":"10:00","close":"15:00","isOpen":true},"sunday":{"open":"10:00","close":"15:00","isOpen":false}}
[2026-01-22T06:10:09.547Z] ✅ Clinic is open on thursday from 09:00 to 17:00 
[2026-01-22T06:10:09.555Z] ❌ Error in getAvailableSlots: {"query":"SELECT \"Appointment\".\"id\" AS \"Appointment_id\", \"Appointment\".\"clinicId\" AS \"Appointment_clinicId\", \"Appointment\".\"serviceId\" AS \"Appointment_serviceId\", \"Appointment\".\"providerId\" AS \"Appointment_providerId\", \"Appointment\".\"clientId\" AS \"Appointment_clientId\", \"Appointment\".\"startTime\" AS \"Appointment_startTime\", \"Appointment\".\"endTime\" AS \"Appointment_endTime\", \"Appointment\".\"status\" AS \"Appointment_status\", \"Appointment\".\"notes\" AS \"Appointment_notes\", \"Appointment\".\"paymentMethod\" AS \"Appointment_paymentMethod\", \"Appointment\".\"advancePaymentAmount\" AS \"Appointment_advancePaymentAmount\", \"Appointment\".\"totalAmount\" AS \"Appointment_totalAmount\", \"Appointment\".\"holdId\" AS \"Appointment_holdId\", \"Appointment\".\"treatmentDetails\" AS \"Appointment_treatmentDetails\", \"Appointment\".\"completedAt\" AS \"Appointment_completedAt\", \"Appointment\".\"appointmentSource\" AS \"Appointment_appointmentSource\", \"Appointment\".\"showStatus\" AS \"Appointment_showStatus\", \"Appointment\".\"serviceExecuted\" AS \"Appointment_serviceExecuted\", \"Appointment\".\"followUpServiceId\" AS \"Appointment_followUpServiceId\", \"Appointment\".\"clinicNotes\" AS \"Appointment_clinicNotes\", \"Appointment\".\"appointmentCompletionReport\" AS \"Appointment_appointmentCompletionReport\", \"Appointment\".\"createdAt\" AS \"Appointment_createdAt\", \"Appointment\".\"updatedAt\" AS \"Appointment_updatedAt\" FROM \"appointments\" \"Appointment\" WHERE ((\"Appointment\".\"clinicId\" = $1) AND (\"Appointment\".\"startTime\" BETWEEN $2 AND $3) AND (\"Appointment\".\"status\" = $4))","parameters":["c07c073a-ad9e-44fd-b1b7-0b82ac7ed194","2026-01-22T05:00:00.000Z","2026-01-23T04:59:59.999Z","confirmed"],"driverError":{"length":128,"name":"error","severity":"ERROR","code":"42703","position":"830","file":"parse_relation.c","line":"3665","routine":"errorMissingColumn"},"length":128,"severity":"ERROR","code":"42703","position":"830","file":"parse_relation.c","line":"3665","routine":"errorMissingColumn"}
[2026-01-22T06:10:09.615Z] 🔵 Availability Request: {"clinicId":"c07c073a-ad9e-44fd-b1b7-0b82ac7ed194","serviceId":"bdd6033a-d623-4770-a2a4-f62177b3c3f3","providerId":null,"date":"2026-01-22"}
[2026-01-22T06:10:09.621Z] 🔵 Using date: "2026-01-22"
[2026-01-22T06:10:09.632Z] 🔵 Clinic: "abc clinic"
[2026-01-22T06:10:09.640Z] 🔵 Using timezone: "America/New_York"
[2026-01-22T06:10:09.659Z] 🔵 Day of week: "thursday"
[2026-01-22T06:10:09.666Z] 🔵 Business hours for thursday: {"open":"09:00","close":"17:00","isOpen":true}
[2026-01-22T06:10:09.669Z] 🔵 All business hours: {"monday":{"open":"09:00","close":"17:00","isOpen":true},"tuesday":{"open":"09:00","close":"17:00","isOpen":true},"wednesday":{"open":"09:00","close":"17:00","isOpen":true},"thursday":{"open":"09:00","close":"17:00","isOpen":true},"friday":{"open":"09:00","close":"17:00","isOpen":true},"saturday":{"open":"10:00","close":"15:00","isOpen":true},"sunday":{"open":"10:00","close":"15:00","isOpen":false}}
[2026-01-22T06:10:09.673Z] ✅ Clinic is open on thursday from 09:00 to 17:00 
[2026-01-22T06:10:09.678Z] ❌ Error in getAvailableSlots: {"query":"SELECT \"Appointment\".\"id\" AS \"Appointment_id\", \"Appointment\".\"clinicId\" AS \"Appointment_clinicId\", \"Appointment\".\"serviceId\" AS \"Appointment_serviceId\", \"Appointment\".\"providerId\" AS \"Appointment_providerId\", \"Appointment\".\"clientId\" AS \"Appointment_clientId\", \"Appointment\".\"startTime\" AS \"Appointment_startTime\", \"Appointment\".\"endTime\" AS \"Appointment_endTime\", \"Appointment\".\"status\" AS \"Appointment_status\", \"Appointment\".\"notes\" AS \"Appointment_notes\", \"Appointment\".\"paymentMethod\" AS \"Appointment_paymentMethod\", \"Appointment\".\"advancePaymentAmount\" AS \"Appointment_advancePaymentAmount\", \"Appointment\".\"totalAmount\" AS \"Appointment_totalAmount\", \"Appointment\".\"holdId\" AS \"Appointment_holdId\", \"Appointment\".\"treatmentDetails\" AS \"Appointment_treatmentDetails\", \"Appointment\".\"completedAt\" AS \"Appointment_completedAt\", \"Appointment\".\"appointmentSource\" AS \"Appointment_appointmentSource\", \"Appointment\".\"showStatus\" AS \"Appointment_showStatus\", \"Appointment\".\"serviceExecuted\" AS \"Appointment_serviceExecuted\", \"Appointment\".\"followUpServiceId\" AS \"Appointment_followUpServiceId\", \"Appointment\".\"clinicNotes\" AS \"Appointment_clinicNotes\", \"Appointment\".\"appointmentCompletionReport\" AS \"Appointment_appointmentCompletionReport\", \"Appointment\".\"createdAt\" AS \"Appointment_createdAt\", \"Appointment\".\"updatedAt\" AS \"Appointment_updatedAt\" FROM \"appointments\" \"Appointment\" WHERE ((\"Appointment\".\"clinicId\" = $1) AND (\"Appointment\".\"startTime\" BETWEEN $2 AND $3) AND (\"Appointment\".\"status\" = $4))","parameters":["c07c073a-ad9e-44fd-b1b7-0b82ac7ed194","2026-01-22T05:00:00.000Z","2026-01-23T04:59:59.999Z","confirmed"],"driverError":{"length":128,"name":"error","severity":"ERROR","code":"42703","position":"830","file":"parse_relation.c","line":"3665","routine":"errorMissingColumn"},"length":128,"severity":"ERROR","code":"42703","position":"830","file":"parse_relation.c","line":"3665","routine":"errorMissingColumn"}
[2026-01-22T06:10:13.426Z] 🔵 Availability Request: {"clinicId":"c07c073a-ad9e-44fd-b1b7-0b82ac7ed194","serviceId":"bdd6033a-d623-4770-a2a4-f62177b3c3f3","providerId":null,"date":"2026-01-29"}
[2026-01-22T06:10:13.428Z] 🔵 Using date: "2026-01-29"
[2026-01-22T06:10:13.442Z] 🔵 Clinic: "abc clinic"
[2026-01-22T06:10:13.448Z] 🔵 Using timezone: "America/New_York"
[2026-01-22T06:10:13.452Z] 🔵 Day of week: "thursday"
[2026-01-22T06:10:13.456Z] 🔵 Business hours for thursday: {"open":"09:00","close":"17:00","isOpen":true}
[2026-01-22T06:10:13.459Z] 🔵 All business hours: {"monday":{"open":"09:00","close":"17:00","isOpen":true},"tuesday":{"open":"09:00","close":"17:00","isOpen":true},"wednesday":{"open":"09:00","close":"17:00","isOpen":true},"thursday":{"open":"09:00","close":"17:00","isOpen":true},"friday":{"open":"09:00","close":"17:00","isOpen":true},"saturday":{"open":"10:00","close":"15:00","isOpen":true},"sunday":{"open":"10:00","close":"15:00","isOpen":false}}
[2026-01-22T06:10:13.461Z] ✅ Clinic is open on thursday from 09:00 to 17:00 
[2026-01-22T06:10:13.468Z] ❌ Error in getAvailableSlots: {"query":"SELECT \"Appointment\".\"id\" AS \"Appointment_id\", \"Appointment\".\"clinicId\" AS \"Appointment_clinicId\", \"Appointment\".\"serviceId\" AS \"Appointment_serviceId\", \"Appointment\".\"providerId\" AS \"Appointment_providerId\", \"Appointment\".\"clientId\" AS \"Appointment_clientId\", \"Appointment\".\"startTime\" AS \"Appointment_startTime\", \"Appointment\".\"endTime\" AS \"Appointment_endTime\", \"Appointment\".\"status\" AS \"Appointment_status\", \"Appointment\".\"notes\" AS \"Appointment_notes\", \"Appointment\".\"paymentMethod\" AS \"Appointment_paymentMethod\", \"Appointment\".\"advancePaymentAmount\" AS \"Appointment_advancePaymentAmount\", \"Appointment\".\"totalAmount\" AS \"Appointment_totalAmount\", \"Appointment\".\"holdId\" AS \"Appointment_holdId\", \"Appointment\".\"treatmentDetails\" AS \"Appointment_treatmentDetails\", \"Appointment\".\"completedAt\" AS \"Appointment_completedAt\", \"Appointment\".\"appointmentSource\" AS \"Appointment_appointmentSource\", \"Appointment\".\"showStatus\" AS \"Appointment_showStatus\", \"Appointment\".\"serviceExecuted\" AS \"Appointment_serviceExecuted\", \"Appointment\".\"followUpServiceId\" AS \"Appointment_followUpServiceId\", \"Appointment\".\"clinicNotes\" AS \"Appointment_clinicNotes\", \"Appointment\".\"appointmentCompletionReport\" AS \"Appointment_appointmentCompletionReport\", \"Appointment\".\"createdAt\" AS \"Appointment_createdAt\", \"Appointment\".\"updatedAt\" AS \"Appointment_updatedAt\" FROM \"appointments\" \"Appointment\" WHERE ((\"Appointment\".\"clinicId\" = $1) AND (\"Appointment\".\"startTime\" BETWEEN $2 AND $3) AND (\"Appointment\".\"status\" = $4))","parameters":["c07c073a-ad9e-44fd-b1b7-0b82ac7ed194","2026-01-29T05:00:00.000Z","2026-01-30T04:59:59.999Z","confirmed"],"driverError":{"length":128,"name":"error","severity":"ERROR","code":"42703","position":"830","file":"parse_relation.c","line":"3665","routine":"errorMissingColumn"},"length":128,"severity":"ERROR","code":"42703","position":"830","file":"parse_relation.c","line":"3665","routine":"errorMissingColumn"}
[2026-01-22T06:10:15.119Z] 🔵 Availability Request: {"clinicId":"c07c073a-ad9e-44fd-b1b7-0b82ac7ed194","serviceId":"bdd6033a-d623-4770-a2a4-f62177b3c3f3","providerId":null,"date":"2026-01-30"}
[2026-01-22T06:10:15.123Z] 🔵 Using date: "2026-01-30"
[2026-01-22T06:10:15.133Z] 🔵 Clinic: "abc clinic"
[2026-01-22T06:10:15.139Z] 🔵 Using timezone: "America/New_York"
[2026-01-22T06:10:15.141Z] 🔵 Day of week: "friday"
[2026-01-22T06:10:15.142Z] 🔵 Business hours for friday: {"open":"09:00","close":"17:00","isOpen":true}
[2026-01-22T06:10:15.144Z] 🔵 All business hours: {"monday":{"open":"09:00","close":"17:00","isOpen":true},"tuesday":{"open":"09:00","close":"17:00","isOpen":true},"wednesday":{"open":"09:00","close":"17:00","isOpen":true},"thursday":{"open":"09:00","close":"17:00","isOpen":true},"friday":{"open":"09:00","close":"17:00","isOpen":true},"saturday":{"open":"10:00","close":"15:00","isOpen":true},"sunday":{"open":"10:00","close":"15:00","isOpen":false}}
[2026-01-22T06:10:15.147Z] ✅ Clinic is open on friday from 09:00 to 17:00 
[2026-01-22T06:10:15.155Z] ❌ Error in getAvailableSlots: {"query":"SELECT \"Appointment\".\"id\" AS \"Appointment_id\", \"Appointment\".\"clinicId\" AS \"Appointment_clinicId\", \"Appointment\".\"serviceId\" AS \"Appointment_serviceId\", \"Appointment\".\"providerId\" AS \"Appointment_providerId\", \"Appointment\".\"clientId\" AS \"Appointment_clientId\", \"Appointment\".\"startTime\" AS \"Appointment_startTime\", \"Appointment\".\"endTime\" AS \"Appointment_endTime\", \"Appointment\".\"status\" AS \"Appointment_status\", \"Appointment\".\"notes\" AS \"Appointment_notes\", \"Appointment\".\"paymentMethod\" AS \"Appointment_paymentMethod\", \"Appointment\".\"advancePaymentAmount\" AS \"Appointment_advancePaymentAmount\", \"Appointment\".\"totalAmount\" AS \"Appointment_totalAmount\", \"Appointment\".\"holdId\" AS \"Appointment_holdId\", \"Appointment\".\"treatmentDetails\" AS \"Appointment_treatmentDetails\", \"Appointment\".\"completedAt\" AS \"Appointment_completedAt\", \"Appointment\".\"appointmentSource\" AS \"Appointment_appointmentSource\", \"Appointment\".\"showStatus\" AS \"Appointment_showStatus\", \"Appointment\".\"serviceExecuted\" AS \"Appointment_serviceExecuted\", \"Appointment\".\"followUpServiceId\" AS \"Appointment_followUpServiceId\", \"Appointment\".\"clinicNotes\" AS \"Appointment_clinicNotes\", \"Appointment\".\"appointmentCompletionReport\" AS \"Appointment_appointmentCompletionReport\", \"Appointment\".\"createdAt\" AS \"Appointment_createdAt\", \"Appointment\".\"updatedAt\" AS \"Appointment_updatedAt\" FROM \"appointments\" \"Appointment\" WHERE ((\"Appointment\".\"clinicId\" = $1) AND (\"Appointment\".\"startTime\" BETWEEN $2 AND $3) AND (\"Appointment\".\"status\" = $4))","parameters":["c07c073a-ad9e-44fd-b1b7-0b82ac7ed194","2026-01-30T05:00:00.000Z","2026-01-31T04:59:59.999Z","confirmed"],"driverError":{"length":128,"name":"error","severity":"ERROR","code":"42703","position":"830","file":"parse_relation.c","line":"3665","routine":"errorMissingColumn"},"length":128,"severity":"ERROR","code":"42703","position":"830","file":"parse_relation.c","line":"3665","routine":"errorMissingColumn"}
[2026-01-22T06:10:16.575Z] 🔵 Availability Request: {"clinicId":"c07c073a-ad9e-44fd-b1b7-0b82ac7ed194","serviceId":"bdd6033a-d623-4770-a2a4-f62177b3c3f3","providerId":null,"date":"2026-01-31"}
[2026-01-22T06:10:16.588Z] 🔵 Using date: "2026-01-31"
[2026-01-22T06:10:16.609Z] 🔵 Clinic: "abc clinic"
[2026-01-22T06:10:16.615Z] 🔵 Using timezone: "America/New_York"
[2026-01-22T06:10:16.623Z] 🔵 Day of week: "saturday"
[2026-01-22T06:10:16.631Z] 🔵 Business hours for saturday: {"open":"10:00","close":"15:00","isOpen":true}
[2026-01-22T06:10:16.635Z] 🔵 All business hours: {"monday":{"open":"09:00","close":"17:00","isOpen":true},"tuesday":{"open":"09:00","close":"17:00","isOpen":true},"wednesday":{"open":"09:00","close":"17:00","isOpen":true},"thursday":{"open":"09:00","close":"17:00","isOpen":true},"friday":{"open":"09:00","close":"17:00","isOpen":true},"saturday":{"open":"10:00","close":"15:00","isOpen":true},"sunday":{"open":"10:00","close":"15:00","isOpen":false}}
[2026-01-22T06:10:16.639Z] ✅ Clinic is open on saturday from 10:00 to 15:00 
[2026-01-22T06:10:16.648Z] ❌ Error in getAvailableSlots: {"query":"SELECT \"Appointment\".\"id\" AS \"Appointment_id\", \"Appointment\".\"clinicId\" AS \"Appointment_clinicId\", \"Appointment\".\"serviceId\" AS \"Appointment_serviceId\", \"Appointment\".\"providerId\" AS \"Appointment_providerId\", \"Appointment\".\"clientId\" AS \"Appointment_clientId\", \"Appointment\".\"startTime\" AS \"Appointment_startTime\", \"Appointment\".\"endTime\" AS \"Appointment_endTime\", \"Appointment\".\"status\" AS \"Appointment_status\", \"Appointment\".\"notes\" AS \"Appointment_notes\", \"Appointment\".\"paymentMethod\" AS \"Appointment_paymentMethod\", \"Appointment\".\"advancePaymentAmount\" AS \"Appointment_advancePaymentAmount\", \"Appointment\".\"totalAmount\" AS \"Appointment_totalAmount\", \"Appointment\".\"holdId\" AS \"Appointment_holdId\", \"Appointment\".\"treatmentDetails\" AS \"Appointment_treatmentDetails\", \"Appointment\".\"completedAt\" AS \"Appointment_completedAt\", \"Appointment\".\"appointmentSource\" AS \"Appointment_appointmentSource\", \"Appointment\".\"showStatus\" AS \"Appointment_showStatus\", \"Appointment\".\"serviceExecuted\" AS \"Appointment_serviceExecuted\", \"Appointment\".\"followUpServiceId\" AS \"Appointment_followUpServiceId\", \"Appointment\".\"clinicNotes\" AS \"Appointment_clinicNotes\", \"Appointment\".\"appointmentCompletionReport\" AS \"Appointment_appointmentCompletionReport\", \"Appointment\".\"createdAt\" AS \"Appointment_createdAt\", \"Appointment\".\"updatedAt\" AS \"Appointment_updatedAt\" FROM \"appointments\" \"Appointment\" WHERE ((\"Appointment\".\"clinicId\" = $1) AND (\"Appointment\".\"startTime\" BETWEEN $2 AND $3) AND (\"Appointment\".\"status\" = $4))","parameters":["c07c073a-ad9e-44fd-b1b7-0b82ac7ed194","2026-01-31T05:00:00.000Z","2026-02-01T04:59:59.999Z","confirmed"],"driverError":{"length":128,"name":"error","severity":"ERROR","code":"42703","position":"830","file":"parse_relation.c","line":"3665","routine":"errorMissingColumn"},"length":128,"severity":"ERROR","code":"42703","position":"830","file":"parse_relation.c","line":"3665","routine":"errorMissingColumn"}
[2026-01-22T06:37:00.436Z] 🔵 Availability Request: {"clinicId":"c07c073a-ad9e-44fd-b1b7-0b82ac7ed194","serviceId":"bdd6033a-d623-4770-a2a4-f62177b3c3f3","providerId":null,"date":"2026-01-22"}
[2026-01-22T06:37:00.446Z] 🔵 Using date: "2026-01-22"
[2026-01-22T06:37:00.479Z] 🔵 Clinic: "abc clinic"
[2026-01-22T06:37:00.497Z] 🔵 Using timezone: "America/New_York"
[2026-01-22T06:37:00.508Z] 🔵 Day of week: "thursday"
[2026-01-22T06:37:00.516Z] 🔵 Business hours for thursday: {"open":"09:00","close":"17:00","isOpen":true}
[2026-01-22T06:37:00.519Z] 🔵 All business hours: {"monday":{"open":"09:00","close":"17:00","isOpen":true},"tuesday":{"open":"09:00","close":"17:00","isOpen":true},"wednesday":{"open":"09:00","close":"17:00","isOpen":true},"thursday":{"open":"09:00","close":"17:00","isOpen":true},"friday":{"open":"09:00","close":"17:00","isOpen":true},"saturday":{"open":"10:00","close":"15:00","isOpen":true},"sunday":{"open":"10:00","close":"15:00","isOpen":false}}
[2026-01-22T06:37:00.527Z] ✅ Clinic is open on thursday from 09:00 to 17:00 
[2026-01-22T06:37:00.592Z] ❌ Error in getAvailableSlots: {"message":"No metadata for \"BlockedTimeSlot\" was found."}
[2026-01-22T06:37:00.986Z] 🔵 Availability Request: {"clinicId":"c07c073a-ad9e-44fd-b1b7-0b82ac7ed194","serviceId":"bdd6033a-d623-4770-a2a4-f62177b3c3f3","providerId":null,"date":"2026-01-22"}
[2026-01-22T06:37:01.001Z] 🔵 Using date: "2026-01-22"
[2026-01-22T06:37:01.058Z] 🔵 Clinic: "abc clinic"
[2026-01-22T06:37:01.065Z] 🔵 Using timezone: "America/New_York"
[2026-01-22T06:37:01.070Z] 🔵 Day of week: "thursday"
[2026-01-22T06:37:01.075Z] 🔵 Business hours for thursday: {"open":"09:00","close":"17:00","isOpen":true}
[2026-01-22T06:37:01.079Z] 🔵 All business hours: {"monday":{"open":"09:00","close":"17:00","isOpen":true},"tuesday":{"open":"09:00","close":"17:00","isOpen":true},"wednesday":{"open":"09:00","close":"17:00","isOpen":true},"thursday":{"open":"09:00","close":"17:00","isOpen":true},"friday":{"open":"09:00","close":"17:00","isOpen":true},"saturday":{"open":"10:00","close":"15:00","isOpen":true},"sunday":{"open":"10:00","close":"15:00","isOpen":false}}
[2026-01-22T06:37:01.082Z] ✅ Clinic is open on thursday from 09:00 to 17:00 
[2026-01-22T06:37:01.100Z] ❌ Error in getAvailableSlots: {"message":"No metadata for \"BlockedTimeSlot\" was found."}
[2026-01-22T06:37:16.729Z] 🔵 Availability Request: {"clinicId":"c07c073a-ad9e-44fd-b1b7-0b82ac7ed194","serviceId":"bdd6033a-d623-4770-a2a4-f62177b3c3f3","providerId":null,"date":"2026-01-23"}
[2026-01-22T06:37:16.734Z] 🔵 Using date: "2026-01-23"
[2026-01-22T06:37:16.794Z] 🔵 Clinic: "abc clinic"
[2026-01-22T06:37:16.800Z] 🔵 Using timezone: "America/New_York"
[2026-01-22T06:37:16.804Z] 🔵 Day of week: "friday"
[2026-01-22T06:37:16.808Z] 🔵 Business hours for friday: {"open":"09:00","close":"17:00","isOpen":true}
[2026-01-22T06:37:16.816Z] 🔵 All business hours: {"monday":{"open":"09:00","close":"17:00","isOpen":true},"tuesday":{"open":"09:00","close":"17:00","isOpen":true},"wednesday":{"open":"09:00","close":"17:00","isOpen":true},"thursday":{"open":"09:00","close":"17:00","isOpen":true},"friday":{"open":"09:00","close":"17:00","isOpen":true},"saturday":{"open":"10:00","close":"15:00","isOpen":true},"sunday":{"open":"10:00","close":"15:00","isOpen":false}}
[2026-01-22T06:37:16.837Z] ✅ Clinic is open on friday from 09:00 to 17:00 
[2026-01-22T06:37:16.872Z] ❌ Error in getAvailableSlots: {"message":"No metadata for \"BlockedTimeSlot\" was found."}
[2026-01-22T06:37:18.333Z] 🔵 Availability Request: {"clinicId":"c07c073a-ad9e-44fd-b1b7-0b82ac7ed194","serviceId":"bdd6033a-d623-4770-a2a4-f62177b3c3f3","providerId":null,"date":"2026-01-30"}
[2026-01-22T06:37:18.336Z] 🔵 Using date: "2026-01-30"
[2026-01-22T06:37:18.350Z] 🔵 Clinic: "abc clinic"
[2026-01-22T06:37:18.354Z] 🔵 Using timezone: "America/New_York"
[2026-01-22T06:37:18.363Z] 🔵 Day of week: "friday"
[2026-01-22T06:37:18.380Z] 🔵 Business hours for friday: {"open":"09:00","close":"17:00","isOpen":true}
[2026-01-22T06:37:18.385Z] 🔵 All business hours: {"monday":{"open":"09:00","close":"17:00","isOpen":true},"tuesday":{"open":"09:00","close":"17:00","isOpen":true},"wednesday":{"open":"09:00","close":"17:00","isOpen":true},"thursday":{"open":"09:00","close":"17:00","isOpen":true},"friday":{"open":"09:00","close":"17:00","isOpen":true},"saturday":{"open":"10:00","close":"15:00","isOpen":true},"sunday":{"open":"10:00","close":"15:00","isOpen":false}}
[2026-01-22T06:37:18.391Z] ✅ Clinic is open on friday from 09:00 to 17:00 
[2026-01-22T06:37:18.408Z] ❌ Error in getAvailableSlots: {"message":"No metadata for \"BlockedTimeSlot\" was found."}
[2026-01-22T06:39:52.306Z] 🔵 Availability Request: {"clinicId":"c07c073a-ad9e-44fd-b1b7-0b82ac7ed194","serviceId":"bdd6033a-d623-4770-a2a4-f62177b3c3f3","providerId":null,"date":"2026-01-22"}
[2026-01-22T06:39:52.336Z] 🔵 Using date: "2026-01-22"
[2026-01-22T06:39:52.410Z] 🔵 Clinic: "abc clinic"
[2026-01-22T06:39:52.414Z] 🔵 Using timezone: "America/New_York"
[2026-01-22T06:39:52.422Z] 🔵 Day of week: "thursday"
[2026-01-22T06:39:52.424Z] 🔵 Business hours for thursday: {"open":"09:00","close":"17:00","isOpen":true}
[2026-01-22T06:39:52.426Z] 🔵 All business hours: {"monday":{"open":"09:00","close":"17:00","isOpen":true},"tuesday":{"open":"09:00","close":"17:00","isOpen":true},"wednesday":{"open":"09:00","close":"17:00","isOpen":true},"thursday":{"open":"09:00","close":"17:00","isOpen":true},"friday":{"open":"09:00","close":"17:00","isOpen":true},"saturday":{"open":"10:00","close":"15:00","isOpen":true},"sunday":{"open":"10:00","close":"15:00","isOpen":false}}
[2026-01-22T06:39:52.430Z] ✅ Clinic is open on thursday from 09:00 to 17:00 
[2026-01-22T06:39:52.461Z] Blocked slots count: 
[2026-01-22T06:39:52.462Z] 🔵 Open time (UTC): "2026-01-22T14:00:00.000Z"
[2026-01-22T06:39:52.463Z] 🔵 Close time (UTC): "2026-01-22T22:00:00.000Z"
[2026-01-22T06:39:52.464Z] 🔵 Current time (UTC): "2026-01-22T06:39:52.464Z"
[2026-01-22T06:39:52.472Z] 🔵 Availability Request: {"clinicId":"c07c073a-ad9e-44fd-b1b7-0b82ac7ed194","serviceId":"bdd6033a-d623-4770-a2a4-f62177b3c3f3","providerId":null,"date":"2026-01-22"}
[2026-01-22T06:39:52.472Z] 🔵 Using date: "2026-01-22"
[2026-01-22T06:39:52.482Z] 🔵 Clinic: "abc clinic"
[2026-01-22T06:39:52.486Z] 🔵 Using timezone: "America/New_York"
[2026-01-22T06:39:52.487Z] 🔵 Day of week: "thursday"
[2026-01-22T06:39:52.493Z] 🔵 Business hours for thursday: {"open":"09:00","close":"17:00","isOpen":true}
[2026-01-22T06:39:52.497Z] 🔵 All business hours: {"monday":{"open":"09:00","close":"17:00","isOpen":true},"tuesday":{"open":"09:00","close":"17:00","isOpen":true},"wednesday":{"open":"09:00","close":"17:00","isOpen":true},"thursday":{"open":"09:00","close":"17:00","isOpen":true},"friday":{"open":"09:00","close":"17:00","isOpen":true},"saturday":{"open":"10:00","close":"15:00","isOpen":true},"sunday":{"open":"10:00","close":"15:00","isOpen":false}}
[2026-01-22T06:39:52.500Z] ✅ Clinic is open on thursday from 09:00 to 17:00 
[2026-01-22T06:39:52.516Z] Blocked slots count: 
[2026-01-22T06:39:52.518Z] 🔵 Open time (UTC): "2026-01-22T14:00:00.000Z"
[2026-01-22T06:39:52.518Z] 🔵 Close time (UTC): "2026-01-22T22:00:00.000Z"
[2026-01-22T06:39:52.519Z] 🔵 Current time (UTC): "2026-01-22T06:39:52.519Z"
[2026-01-22T06:40:50.125Z] 🔵 Availability Request: {"clinicId":"c07c073a-ad9e-44fd-b1b7-0b82ac7ed194","serviceId":"bdd6033a-d623-4770-a2a4-f62177b3c3f3","providerId":null,"date":"2026-01-22"}
[2026-01-22T06:40:50.126Z] 🔵 Using date: "2026-01-22"
[2026-01-22T06:40:50.207Z] 🔵 Clinic: "abc clinic"
[2026-01-22T06:40:50.214Z] 🔵 Using timezone: "America/New_York"
[2026-01-22T06:40:50.217Z] 🔵 Day of week: "thursday"
[2026-01-22T06:40:50.219Z] 🔵 Business hours for thursday: {"open":"09:00","close":"17:00","isOpen":true}
[2026-01-22T06:40:50.220Z] 🔵 All business hours: {"monday":{"open":"09:00","close":"17:00","isOpen":true},"tuesday":{"open":"09:00","close":"17:00","isOpen":true},"wednesday":{"open":"09:00","close":"17:00","isOpen":true},"thursday":{"open":"09:00","close":"17:00","isOpen":true},"friday":{"open":"09:00","close":"17:00","isOpen":true},"saturday":{"open":"10:00","close":"15:00","isOpen":true},"sunday":{"open":"10:00","close":"15:00","isOpen":false}}
[2026-01-22T06:40:50.221Z] ✅ Clinic is open on thursday from 09:00 to 17:00 
[2026-01-22T06:40:50.244Z] Blocked slots count: 
[2026-01-22T06:40:50.247Z] 🔵 Open time (UTC): "2026-01-22T14:00:00.000Z"
[2026-01-22T06:40:50.248Z] 🔵 Close time (UTC): "2026-01-22T22:00:00.000Z"
[2026-01-22T06:40:50.250Z] 🔵 Current time (UTC): "2026-01-22T06:40:50.250Z"
[2026-01-22T06:40:50.259Z] 🔵 Availability Request: {"clinicId":"c07c073a-ad9e-44fd-b1b7-0b82ac7ed194","serviceId":"bdd6033a-d623-4770-a2a4-f62177b3c3f3","providerId":null,"date":"2026-01-22"}
[2026-01-22T06:40:50.260Z] 🔵 Using date: "2026-01-22"
[2026-01-22T06:40:50.272Z] 🔵 Clinic: "abc clinic"
[2026-01-22T06:40:50.276Z] 🔵 Using timezone: "America/New_York"
[2026-01-22T06:40:50.277Z] 🔵 Day of week: "thursday"
[2026-01-22T06:40:50.278Z] 🔵 Business hours for thursday: {"open":"09:00","close":"17:00","isOpen":true}
[2026-01-22T06:40:50.278Z] 🔵 All business hours: {"monday":{"open":"09:00","close":"17:00","isOpen":true},"tuesday":{"open":"09:00","close":"17:00","isOpen":true},"wednesday":{"open":"09:00","close":"17:00","isOpen":true},"thursday":{"open":"09:00","close":"17:00","isOpen":true},"friday":{"open":"09:00","close":"17:00","isOpen":true},"saturday":{"open":"10:00","close":"15:00","isOpen":true},"sunday":{"open":"10:00","close":"15:00","isOpen":false}}
[2026-01-22T06:40:50.282Z] ✅ Clinic is open on thursday from 09:00 to 17:00 
[2026-01-22T06:40:50.298Z] Blocked slots count: 
[2026-01-22T06:40:50.299Z] 🔵 Open time (UTC): "2026-01-22T14:00:00.000Z"
[2026-01-22T06:40:50.299Z] 🔵 Close time (UTC): "2026-01-22T22:00:00.000Z"
[2026-01-22T06:40:50.300Z] 🔵 Current time (UTC): "2026-01-22T06:40:50.300Z"
[2026-01-22T06:40:55.258Z] 🔵 Availability Request: {"clinicId":"c07c073a-ad9e-44fd-b1b7-0b82ac7ed194","serviceId":"bdd6033a-d623-4770-a2a4-f62177b3c3f3","providerId":null,"date":"2026-01-23"}
[2026-01-22T06:40:55.259Z] 🔵 Using date: "2026-01-23"
[2026-01-22T06:40:55.270Z] 🔵 Clinic: "abc clinic"
[2026-01-22T06:40:55.274Z] 🔵 Using timezone: "America/New_York"
[2026-01-22T06:40:55.276Z] 🔵 Day of week: "friday"
[2026-01-22T06:40:55.277Z] 🔵 Business hours for friday: {"open":"09:00","close":"17:00","isOpen":true}
[2026-01-22T06:40:55.280Z] 🔵 All business hours: {"monday":{"open":"09:00","close":"17:00","isOpen":true},"tuesday":{"open":"09:00","close":"17:00","isOpen":true},"wednesday":{"open":"09:00","close":"17:00","isOpen":true},"thursday":{"open":"09:00","close":"17:00","isOpen":true},"friday":{"open":"09:00","close":"17:00","isOpen":true},"saturday":{"open":"10:00","close":"15:00","isOpen":true},"sunday":{"open":"10:00","close":"15:00","isOpen":false}}
[2026-01-22T06:40:55.281Z] ✅ Clinic is open on friday from 09:00 to 17:00 
[2026-01-22T06:40:55.291Z] Blocked slots count: 
[2026-01-22T06:40:55.292Z] 🔵 Open time (UTC): "2026-01-23T14:00:00.000Z"
[2026-01-22T06:40:55.293Z] 🔵 Close time (UTC): "2026-01-23T22:00:00.000Z"
[2026-01-22T06:40:55.295Z] 🔵 Current time (UTC): "2026-01-22T06:40:55.295Z"
[2026-01-22T06:40:56.615Z] 🔵 Availability Request: {"clinicId":"c07c073a-ad9e-44fd-b1b7-0b82ac7ed194","serviceId":"bdd6033a-d623-4770-a2a4-f62177b3c3f3","providerId":null,"date":"2026-01-24"}
[2026-01-22T06:40:56.615Z] 🔵 Using date: "2026-01-24"
[2026-01-22T06:40:56.622Z] 🔵 Clinic: "abc clinic"
[2026-01-22T06:40:56.626Z] 🔵 Using timezone: "America/New_York"
[2026-01-22T06:40:56.627Z] 🔵 Day of week: "saturday"
[2026-01-22T06:40:56.631Z] 🔵 Business hours for saturday: {"open":"10:00","close":"15:00","isOpen":true}
[2026-01-22T06:40:56.632Z] 🔵 All business hours: {"monday":{"open":"09:00","close":"17:00","isOpen":true},"tuesday":{"open":"09:00","close":"17:00","isOpen":true},"wednesday":{"open":"09:00","close":"17:00","isOpen":true},"thursday":{"open":"09:00","close":"17:00","isOpen":true},"friday":{"open":"09:00","close":"17:00","isOpen":true},"saturday":{"open":"10:00","close":"15:00","isOpen":true},"sunday":{"open":"10:00","close":"15:00","isOpen":false}}
[2026-01-22T06:40:56.635Z] ✅ Clinic is open on saturday from 10:00 to 15:00 
[2026-01-22T06:40:56.648Z] Blocked slots count: 
[2026-01-22T06:40:56.649Z] 🔵 Open time (UTC): "2026-01-24T15:00:00.000Z"
[2026-01-22T06:40:56.650Z] 🔵 Close time (UTC): "2026-01-24T20:00:00.000Z"
[2026-01-22T06:40:56.650Z] 🔵 Current time (UTC): "2026-01-22T06:40:56.650Z"
[2026-01-22T06:40:58.615Z] 🔵 Availability Request: {"clinicId":"c07c073a-ad9e-44fd-b1b7-0b82ac7ed194","serviceId":"bdd6033a-d623-4770-a2a4-f62177b3c3f3","providerId":null,"date":"2026-01-25"}
[2026-01-22T06:40:58.616Z] 🔵 Using date: "2026-01-25"
[2026-01-22T06:40:58.623Z] 🔵 Clinic: "abc clinic"
[2026-01-22T06:40:58.626Z] 🔵 Using timezone: "America/New_York"
[2026-01-22T06:40:58.627Z] 🔵 Day of week: "sunday"
[2026-01-22T06:40:58.628Z] 🔵 Business hours for sunday: {"open":"10:00","close":"15:00","isOpen":false}
[2026-01-22T06:40:58.629Z] 🔵 All business hours: {"monday":{"open":"09:00","close":"17:00","isOpen":true},"tuesday":{"open":"09:00","close":"17:00","isOpen":true},"wednesday":{"open":"09:00","close":"17:00","isOpen":true},"thursday":{"open":"09:00","close":"17:00","isOpen":true},"friday":{"open":"09:00","close":"17:00","isOpen":true},"saturday":{"open":"10:00","close":"15:00","isOpen":true},"sunday":{"open":"10:00","close":"15:00","isOpen":false}}
[2026-01-22T06:41:00.003Z] 🔵 Availability Request: {"clinicId":"c07c073a-ad9e-44fd-b1b7-0b82ac7ed194","serviceId":"bdd6033a-d623-4770-a2a4-f62177b3c3f3","providerId":null,"date":"2026-01-26"}
[2026-01-22T06:41:00.004Z] 🔵 Using date: "2026-01-26"
[2026-01-22T06:41:00.019Z] 🔵 Clinic: "abc clinic"
[2026-01-22T06:41:00.022Z] 🔵 Using timezone: "America/New_York"
[2026-01-22T06:41:00.023Z] 🔵 Day of week: "monday"
[2026-01-22T06:41:00.024Z] 🔵 Business hours for monday: {"open":"09:00","close":"17:00","isOpen":true}
[2026-01-22T06:41:00.024Z] 🔵 All business hours: {"monday":{"open":"09:00","close":"17:00","isOpen":true},"tuesday":{"open":"09:00","close":"17:00","isOpen":true},"wednesday":{"open":"09:00","close":"17:00","isOpen":true},"thursday":{"open":"09:00","close":"17:00","isOpen":true},"friday":{"open":"09:00","close":"17:00","isOpen":true},"saturday":{"open":"10:00","close":"15:00","isOpen":true},"sunday":{"open":"10:00","close":"15:00","isOpen":false}}
[2026-01-22T06:41:00.025Z] ✅ Clinic is open on monday from 09:00 to 17:00 
[2026-01-22T06:41:00.035Z] Blocked slots count: 
[2026-01-22T06:41:00.036Z] 🔵 Open time (UTC): "2026-01-26T14:00:00.000Z"
[2026-01-22T06:41:00.036Z] 🔵 Close time (UTC): "2026-01-26T22:00:00.000Z"
[2026-01-22T06:41:00.037Z] 🔵 Current time (UTC): "2026-01-22T06:41:00.037Z"
[2026-01-22T06:41:01.720Z] 🔵 Availability Request: {"clinicId":"c07c073a-ad9e-44fd-b1b7-0b82ac7ed194","serviceId":"bdd6033a-d623-4770-a2a4-f62177b3c3f3","providerId":null,"date":"2026-01-22"}
[2026-01-22T06:41:01.721Z] 🔵 Using date: "2026-01-22"
[2026-01-22T06:41:01.729Z] 🔵 Clinic: "abc clinic"
[2026-01-22T06:41:01.732Z] 🔵 Using timezone: "America/New_York"
[2026-01-22T06:41:01.733Z] 🔵 Day of week: "thursday"
[2026-01-22T06:41:01.734Z] 🔵 Business hours for thursday: {"open":"09:00","close":"17:00","isOpen":true}
[2026-01-22T06:41:01.735Z] 🔵 All business hours: {"monday":{"open":"09:00","close":"17:00","isOpen":true},"tuesday":{"open":"09:00","close":"17:00","isOpen":true},"wednesday":{"open":"09:00","close":"17:00","isOpen":true},"thursday":{"open":"09:00","close":"17:00","isOpen":true},"friday":{"open":"09:00","close":"17:00","isOpen":true},"saturday":{"open":"10:00","close":"15:00","isOpen":true},"sunday":{"open":"10:00","close":"15:00","isOpen":false}}
[2026-01-22T06:41:01.736Z] ✅ Clinic is open on thursday from 09:00 to 17:00 
[2026-01-22T06:41:01.746Z] Blocked slots count: 
[2026-01-22T06:41:01.747Z] 🔵 Open time (UTC): "2026-01-22T14:00:00.000Z"
[2026-01-22T06:41:01.748Z] 🔵 Close time (UTC): "2026-01-22T22:00:00.000Z"
[2026-01-22T06:41:01.748Z] 🔵 Current time (UTC): "2026-01-22T06:41:01.748Z"
[2026-01-22T06:41:27.060Z] 🔵 Availability Request: {"clinicId":"c07c073a-ad9e-44fd-b1b7-0b82ac7ed194","serviceId":"bdd6033a-d623-4770-a2a4-f62177b3c3f3","providerId":null,"date":"2026-01-22"}
[2026-01-22T06:41:27.065Z] 🔵 Using date: "2026-01-22"
[2026-01-22T06:41:27.134Z] 🔵 Clinic: "abc clinic"
[2026-01-22T06:41:27.141Z] 🔵 Using timezone: "America/New_York"
[2026-01-22T06:41:27.142Z] 🔵 Day of week: "thursday"
[2026-01-22T06:41:27.147Z] 🔵 Business hours for thursday: {"open":"09:00","close":"17:00","isOpen":true}
[2026-01-22T06:41:27.148Z] 🔵 All business hours: {"monday":{"open":"09:00","close":"17:00","isOpen":true},"tuesday":{"open":"09:00","close":"17:00","isOpen":true},"wednesday":{"open":"09:00","close":"17:00","isOpen":true},"thursday":{"open":"09:00","close":"17:00","isOpen":true},"friday":{"open":"09:00","close":"17:00","isOpen":true},"saturday":{"open":"10:00","close":"15:00","isOpen":true},"sunday":{"open":"10:00","close":"15:00","isOpen":false}}
[2026-01-22T06:41:27.149Z] ✅ Clinic is open on thursday from 09:00 to 17:00 
[2026-01-22T06:41:27.187Z] Blocked slots count: 
[2026-01-22T06:41:27.188Z] 🔵 Open time (UTC): "2026-01-22T14:00:00.000Z"
[2026-01-22T06:41:27.189Z] 🔵 Close time (UTC): "2026-01-22T22:00:00.000Z"
[2026-01-22T06:41:27.189Z] 🔵 Current time (UTC): "2026-01-22T06:41:27.189Z"
[2026-01-22T06:41:27.198Z] 🔵 Availability Request: {"clinicId":"c07c073a-ad9e-44fd-b1b7-0b82ac7ed194","serviceId":"bdd6033a-d623-4770-a2a4-f62177b3c3f3","providerId":null,"date":"2026-01-22"}
[2026-01-22T06:41:27.199Z] 🔵 Using date: "2026-01-22"
[2026-01-22T06:41:27.208Z] 🔵 Clinic: "abc clinic"
[2026-01-22T06:41:27.212Z] 🔵 Using timezone: "America/New_York"
[2026-01-22T06:41:27.213Z] 🔵 Day of week: "thursday"
[2026-01-22T06:41:27.213Z] 🔵 Business hours for thursday: {"open":"09:00","close":"17:00","isOpen":true}
[2026-01-22T06:41:27.214Z] 🔵 All business hours: {"monday":{"open":"09:00","close":"17:00","isOpen":true},"tuesday":{"open":"09:00","close":"17:00","isOpen":true},"wednesday":{"open":"09:00","close":"17:00","isOpen":true},"thursday":{"open":"09:00","close":"17:00","isOpen":true},"friday":{"open":"09:00","close":"17:00","isOpen":true},"saturday":{"open":"10:00","close":"15:00","isOpen":true},"sunday":{"open":"10:00","close":"15:00","isOpen":false}}
[2026-01-22T06:41:27.214Z] ✅ Clinic is open on thursday from 09:00 to 17:00 
[2026-01-22T06:41:27.226Z] Blocked slots count: 
[2026-01-22T06:41:27.228Z] 🔵 Open time (UTC): "2026-01-22T14:00:00.000Z"
[2026-01-22T06:41:27.233Z] 🔵 Close time (UTC): "2026-01-22T22:00:00.000Z"
[2026-01-22T06:41:27.235Z] 🔵 Current time (UTC): "2026-01-22T06:41:27.235Z"
[2026-01-22T06:44:06.924Z] 🔵 Availability Request: {"clinicId":"c07c073a-ad9e-44fd-b1b7-0b82ac7ed194","serviceId":"bdd6033a-d623-4770-a2a4-f62177b3c3f3","providerId":null,"date":"2026-01-22"}
[2026-01-22T06:44:06.924Z] 🔵 Using date: "2026-01-22"
[2026-01-22T06:44:06.937Z] 🔵 Clinic: "abc clinic"
[2026-01-22T06:44:06.941Z] 🔵 Using timezone: "America/New_York"
[2026-01-22T06:44:06.943Z] 🔵 Day of week: "thursday"
[2026-01-22T06:44:06.944Z] 🔵 Business hours for thursday: {"open":"09:00","close":"17:00","isOpen":true}
[2026-01-22T06:44:06.946Z] 🔵 All business hours: {"monday":{"open":"09:00","close":"17:00","isOpen":true},"tuesday":{"open":"09:00","close":"17:00","isOpen":true},"wednesday":{"open":"09:00","close":"17:00","isOpen":true},"thursday":{"open":"09:00","close":"17:00","isOpen":true},"friday":{"open":"09:00","close":"17:00","isOpen":true},"saturday":{"open":"10:00","close":"15:00","isOpen":true},"sunday":{"open":"10:00","close":"15:00","isOpen":false}}
[2026-01-22T06:44:06.947Z] ✅ Clinic is open on thursday from 09:00 to 17:00 
[2026-01-22T06:44:06.976Z] Blocked slots count: 
[2026-01-22T06:44:06.976Z] 🔵 Open time (UTC): "2026-01-22T14:00:00.000Z"
[2026-01-22T06:44:06.977Z] 🔵 Close time (UTC): "2026-01-22T22:00:00.000Z"
[2026-01-22T06:44:06.978Z] 🔵 Current time (UTC): "2026-01-22T06:44:06.978Z"
[2026-01-22T07:53:54.554Z] 🔵 Availability Request: {"clinicId":"c07c073a-ad9e-44fd-b1b7-0b82ac7ed194","serviceId":"bdd6033a-d623-4770-a2a4-f62177b3c3f3","providerId":null,"date":"2026-01-22"}
[2026-01-22T07:53:54.826Z] 🔵 Using date: "2026-01-22"
[2026-01-22T07:53:54.928Z] 🔵 Clinic: "abc clinic"
[2026-01-22T07:53:54.933Z] 🔵 Using timezone: "America/New_York"
[2026-01-22T07:53:54.934Z] 🔵 Day of week: "thursday"
[2026-01-22T07:53:54.935Z] 🔵 Business hours for thursday: {"open":"09:00","close":"17:00","isOpen":true}
[2026-01-22T07:53:54.935Z] 🔵 All business hours: {"monday":{"open":"09:00","close":"17:00","isOpen":true},"tuesday":{"open":"09:00","close":"17:00","isOpen":true},"wednesday":{"open":"09:00","close":"17:00","isOpen":true},"thursday":{"open":"09:00","close":"17:00","isOpen":true},"friday":{"open":"09:00","close":"17:00","isOpen":true},"saturday":{"open":"10:00","close":"15:00","isOpen":true},"sunday":{"open":"10:00","close":"15:00","isOpen":false}}
[2026-01-22T07:53:54.937Z] ✅ Clinic is open on thursday from 09:00 to 17:00 
[2026-01-22T07:53:54.967Z] Blocked slots count: 
[2026-01-22T07:53:54.968Z] 🔵 Open time (UTC): "2026-01-22T14:00:00.000Z"
[2026-01-22T07:53:54.968Z] 🔵 Close time (UTC): "2026-01-22T22:00:00.000Z"
[2026-01-22T07:53:54.969Z] 🔵 Current time (UTC): "2026-01-22T07:53:54.969Z"
[2026-01-22T07:53:54.976Z] 🔵 Availability Request: {"clinicId":"c07c073a-ad9e-44fd-b1b7-0b82ac7ed194","serviceId":"bdd6033a-d623-4770-a2a4-f62177b3c3f3","providerId":null,"date":"2026-01-22"}
[2026-01-22T07:53:54.977Z] 🔵 Using date: "2026-01-22"
[2026-01-22T07:53:54.985Z] 🔵 Clinic: "abc clinic"
[2026-01-22T07:53:54.989Z] 🔵 Using timezone: "America/New_York"
[2026-01-22T07:53:54.990Z] 🔵 Day of week: "thursday"
[2026-01-22T07:53:54.997Z] 🔵 Business hours for thursday: {"open":"09:00","close":"17:00","isOpen":true}
[2026-01-22T07:53:54.998Z] 🔵 All business hours: {"monday":{"open":"09:00","close":"17:00","isOpen":true},"tuesday":{"open":"09:00","close":"17:00","isOpen":true},"wednesday":{"open":"09:00","close":"17:00","isOpen":true},"thursday":{"open":"09:00","close":"17:00","isOpen":true},"friday":{"open":"09:00","close":"17:00","isOpen":true},"saturday":{"open":"10:00","close":"15:00","isOpen":true},"sunday":{"open":"10:00","close":"15:00","isOpen":false}}
[2026-01-22T07:53:55.009Z] ✅ Clinic is open on thursday from 09:00 to 17:00 
[2026-01-22T07:53:55.036Z] Blocked slots count: 
[2026-01-22T07:53:55.037Z] 🔵 Open time (UTC): "2026-01-22T14:00:00.000Z"
[2026-01-22T07:53:55.038Z] 🔵 Close time (UTC): "2026-01-22T22:00:00.000Z"
[2026-01-22T07:53:55.038Z] 🔵 Current time (UTC): "2026-01-22T07:53:55.038Z"
[2026-01-23T05:29:30.206Z] 🔵 Availability Request: {"clinicId":"c07c073a-ad9e-44fd-b1b7-0b82ac7ed194","serviceId":"bdd6033a-d623-4770-a2a4-f62177b3c3f3","providerId":null,"date":"2026-01-23"}
[2026-01-23T05:29:30.467Z] 🔵 Using date: "2026-01-23"
[2026-01-23T05:29:30.557Z] 🔵 Clinic: "abc clinic"
[2026-01-23T05:29:30.563Z] 🔵 Using timezone: "America/New_York"
[2026-01-23T05:29:30.592Z] 🔵 Day of week: "friday"
[2026-01-23T05:29:30.597Z] 🔵 Business hours for friday: {"open":"09:00","close":"17:00","isOpen":true}
[2026-01-23T05:29:30.599Z] 🔵 All business hours: {"monday":{"open":"09:00","close":"17:00","isOpen":true},"tuesday":{"open":"09:00","close":"17:00","isOpen":true},"wednesday":{"open":"09:00","close":"17:00","isOpen":true},"thursday":{"open":"09:00","close":"17:00","isOpen":true},"friday":{"open":"09:00","close":"17:00","isOpen":true},"saturday":{"open":"10:00","close":"15:00","isOpen":true},"sunday":{"open":"10:00","close":"15:00","isOpen":false}}
[2026-01-23T05:29:30.602Z] ✅ Clinic is open on friday from 09:00 to 17:00 
[2026-01-23T05:29:30.655Z] Blocked slots count: 
[2026-01-23T05:29:30.659Z] 🔵 Open time (UTC): "2026-01-23T14:00:00.000Z"
[2026-01-23T05:29:30.660Z] 🔵 Close time (UTC): "2026-01-23T22:00:00.000Z"
[2026-01-23T05:29:30.661Z] 🔵 Current time (UTC): "2026-01-23T05:29:30.661Z"
[2026-01-23T05:29:30.674Z] 🔵 Availability Request: {"clinicId":"c07c073a-ad9e-44fd-b1b7-0b82ac7ed194","serviceId":"bdd6033a-d623-4770-a2a4-f62177b3c3f3","providerId":null,"date":"2026-01-23"}
[2026-01-23T05:29:30.675Z] 🔵 Using date: "2026-01-23"
[2026-01-23T05:29:30.693Z] 🔵 Clinic: "abc clinic"
[2026-01-23T05:29:30.697Z] 🔵 Using timezone: "America/New_York"
[2026-01-23T05:29:30.698Z] 🔵 Day of week: "friday"
[2026-01-23T05:29:30.699Z] 🔵 Business hours for friday: {"open":"09:00","close":"17:00","isOpen":true}
[2026-01-23T05:29:30.700Z] 🔵 All business hours: {"monday":{"open":"09:00","close":"17:00","isOpen":true},"tuesday":{"open":"09:00","close":"17:00","isOpen":true},"wednesday":{"open":"09:00","close":"17:00","isOpen":true},"thursday":{"open":"09:00","close":"17:00","isOpen":true},"friday":{"open":"09:00","close":"17:00","isOpen":true},"saturday":{"open":"10:00","close":"15:00","isOpen":true},"sunday":{"open":"10:00","close":"15:00","isOpen":false}}
[2026-01-23T05:29:30.700Z] ✅ Clinic is open on friday from 09:00 to 17:00 
[2026-01-23T05:29:30.735Z] Blocked slots count: 
[2026-01-23T05:29:30.736Z] 🔵 Open time (UTC): "2026-01-23T14:00:00.000Z"
[2026-01-23T05:29:30.737Z] 🔵 Close time (UTC): "2026-01-23T22:00:00.000Z"
[2026-01-23T05:29:30.737Z] 🔵 Current time (UTC): "2026-01-23T05:29:30.737Z"
[2026-01-23T05:33:21.024Z] 🔵 Availability Request: {"clinicId":"c07c073a-ad9e-44fd-b1b7-0b82ac7ed194","serviceId":"bdd6033a-d623-4770-a2a4-f62177b3c3f3","providerId":null,"date":"2026-01-23"}
[2026-01-23T05:33:21.305Z] 🔵 Using date: "2026-01-23"
[2026-01-23T05:33:21.434Z] 🔵 Clinic: "abc clinic"
[2026-01-23T05:33:21.445Z] 🔵 Using timezone: "America/New_York"
[2026-01-23T05:33:21.448Z] 🔵 Day of week: "friday"
[2026-01-23T05:33:21.462Z] 🔵 Business hours for friday: {"open":"09:00","close":"17:00","isOpen":true}
[2026-01-23T05:33:21.463Z] 🔵 All business hours: {"monday":{"open":"09:00","close":"17:00","isOpen":true},"tuesday":{"open":"09:00","close":"17:00","isOpen":true},"wednesday":{"open":"09:00","close":"17:00","isOpen":true},"thursday":{"open":"09:00","close":"17:00","isOpen":true},"friday":{"open":"09:00","close":"17:00","isOpen":true},"saturday":{"open":"10:00","close":"15:00","isOpen":true},"sunday":{"open":"10:00","close":"15:00","isOpen":false}}
[2026-01-23T05:33:21.465Z] ✅ Clinic is open on friday from 09:00 to 17:00 
[2026-01-23T05:33:21.523Z] Blocked slots count: 
[2026-01-23T05:33:21.524Z] 🔵 Open time (UTC): "2026-01-23T14:00:00.000Z"
[2026-01-23T05:33:21.526Z] 🔵 Close time (UTC): "2026-01-23T22:00:00.000Z"
[2026-01-23T05:33:21.526Z] 🔵 Current time (UTC): "2026-01-23T05:33:21.526Z"
[2026-01-23T05:33:21.543Z] 🔵 Availability Request: {"clinicId":"c07c073a-ad9e-44fd-b1b7-0b82ac7ed194","serviceId":"bdd6033a-d623-4770-a2a4-f62177b3c3f3","providerId":null,"date":"2026-01-23"}
[2026-01-23T05:33:21.544Z] 🔵 Using date: "2026-01-23"
[2026-01-23T05:33:21.566Z] 🔵 Clinic: "abc clinic"
[2026-01-23T05:33:21.570Z] 🔵 Using timezone: "America/New_York"
[2026-01-23T05:33:21.571Z] 🔵 Day of week: "friday"
[2026-01-23T05:33:21.574Z] 🔵 Business hours for friday: {"open":"09:00","close":"17:00","isOpen":true}
[2026-01-23T05:33:21.575Z] 🔵 All business hours: {"monday":{"open":"09:00","close":"17:00","isOpen":true},"tuesday":{"open":"09:00","close":"17:00","isOpen":true},"wednesday":{"open":"09:00","close":"17:00","isOpen":true},"thursday":{"open":"09:00","close":"17:00","isOpen":true},"friday":{"open":"09:00","close":"17:00","isOpen":true},"saturday":{"open":"10:00","close":"15:00","isOpen":true},"sunday":{"open":"10:00","close":"15:00","isOpen":false}}
[2026-01-23T05:33:21.576Z] ✅ Clinic is open on friday from 09:00 to 17:00 
[2026-01-23T05:33:21.710Z] Blocked slots count: 
[2026-01-23T05:33:21.712Z] 🔵 Open time (UTC): "2026-01-23T14:00:00.000Z"
[2026-01-23T05:33:21.713Z] 🔵 Close time (UTC): "2026-01-23T22:00:00.000Z"
[2026-01-23T05:33:21.714Z] 🔵 Current time (UTC): "2026-01-23T05:33:21.714Z"
[2026-01-23T05:38:01.843Z] 🔵 Availability Request: {"clinicId":"c07c073a-ad9e-44fd-b1b7-0b82ac7ed194","serviceId":"bdd6033a-d623-4770-a2a4-f62177b3c3f3","providerId":null,"date":"2026-01-23"}
[2026-01-23T05:38:01.846Z] 🔵 Using date: "2026-01-23"
[2026-01-23T05:38:01.952Z] 🔵 Clinic: "abc clinic"
[2026-01-23T05:38:01.963Z] 🔵 Using timezone: "America/New_York"
[2026-01-23T05:38:01.973Z] 🔵 Day of week: "friday"
[2026-01-23T05:38:01.975Z] 🔵 Business hours for friday: {"open":"09:00","close":"17:00","isOpen":true}
[2026-01-23T05:38:01.976Z] 🔵 All business hours: {"monday":{"open":"09:00","close":"17:00","isOpen":true},"tuesday":{"open":"09:00","close":"17:00","isOpen":true},"wednesday":{"open":"09:00","close":"17:00","isOpen":true},"thursday":{"open":"09:00","close":"17:00","isOpen":true},"friday":{"open":"09:00","close":"17:00","isOpen":true},"saturday":{"open":"10:00","close":"15:00","isOpen":true},"sunday":{"open":"10:00","close":"15:00","isOpen":false}}
[2026-01-23T05:38:01.980Z] ✅ Clinic is open on friday from 09:00 to 17:00 
[2026-01-23T05:38:01.988Z] ❌ Error in getAvailableSlots: {"query":"SELECT \"Appointment\".\"id\" AS \"Appointment_id\", \"Appointment\".\"clinicId\" AS \"Appointment_clinicId\", \"Appointment\".\"serviceId\" AS \"Appointment_serviceId\", \"Appointment\".\"providerId\" AS \"Appointment_providerId\", \"Appointment\".\"clientId\" AS \"Appointment_clientId\", \"Appointment\".\"clientDetails\" AS \"Appointment_clientDetails\", \"Appointment\".\"startTime\" AS \"Appointment_startTime\", \"Appointment\".\"endTime\" AS \"Appointment_endTime\", \"Appointment\".\"status\" AS \"Appointment_status\", \"Appointment\".\"notes\" AS \"Appointment_notes\", \"Appointment\".\"paymentMethod\" AS \"Appointment_paymentMethod\", \"Appointment\".\"advancePaymentAmount\" AS \"Appointment_advancePaymentAmount\", \"Appointment\".\"totalAmount\" AS \"Appointment_totalAmount\", \"Appointment\".\"holdId\" AS \"Appointment_holdId\", \"Appointment\".\"treatmentDetails\" AS \"Appointment_treatmentDetails\", \"Appointment\".\"completedAt\" AS \"Appointment_completedAt\", \"Appointment\".\"appointmentSource\" AS \"Appointment_appointmentSource\", \"Appointment\".\"showStatus\" AS \"Appointment_showStatus\", \"Appointment\".\"serviceExecuted\" AS \"Appointment_serviceExecuted\", \"Appointment\".\"followUpServiceId\" AS \"Appointment_followUpServiceId\", \"Appointment\".\"clinicNotes\" AS \"Appointment_clinicNotes\", \"Appointment\".\"appointmentCompletionReport\" AS \"Appointment_appointmentCompletionReport\", \"Appointment\".\"createdAt\" AS \"Appointment_createdAt\", \"Appointment\".\"updatedAt\" AS \"Appointment_updatedAt\" FROM \"appointments\" \"Appointment\" WHERE ((\"Appointment\".\"clinicId\" = $1) AND (\"Appointment\".\"startTime\" BETWEEN $2 AND $3) AND (\"Appointment\".\"status\" = $4))","parameters":["c07c073a-ad9e-44fd-b1b7-0b82ac7ed194","2026-01-23T05:00:00.000Z","2026-01-24T04:59:59.999Z","confirmed"],"driverError":{"length":124,"name":"error","severity":"ERROR","code":"42703","position":"262","file":"parse_relation.c","line":"3665","routine":"errorMissingColumn"},"length":124,"severity":"ERROR","code":"42703","position":"262","file":"parse_relation.c","line":"3665","routine":"errorMissingColumn"}
[2026-01-23T05:38:02.020Z] 🔵 Availability Request: {"clinicId":"c07c073a-ad9e-44fd-b1b7-0b82ac7ed194","serviceId":"bdd6033a-d623-4770-a2a4-f62177b3c3f3","providerId":null,"date":"2026-01-23"}
[2026-01-23T05:38:02.022Z] 🔵 Using date: "2026-01-23"
[2026-01-23T05:38:02.032Z] 🔵 Clinic: "abc clinic"
[2026-01-23T05:38:02.048Z] 🔵 Using timezone: "America/New_York"
[2026-01-23T05:38:02.050Z] 🔵 Day of week: "friday"
[2026-01-23T05:38:02.052Z] 🔵 Business hours for friday: {"open":"09:00","close":"17:00","isOpen":true}
[2026-01-23T05:38:02.055Z] 🔵 All business hours: {"monday":{"open":"09:00","close":"17:00","isOpen":true},"tuesday":{"open":"09:00","close":"17:00","isOpen":true},"wednesday":{"open":"09:00","close":"17:00","isOpen":true},"thursday":{"open":"09:00","close":"17:00","isOpen":true},"friday":{"open":"09:00","close":"17:00","isOpen":true},"saturday":{"open":"10:00","close":"15:00","isOpen":true},"sunday":{"open":"10:00","close":"15:00","isOpen":false}}
[2026-01-23T05:38:02.061Z] ✅ Clinic is open on friday from 09:00 to 17:00 
[2026-01-23T05:38:02.066Z] ❌ Error in getAvailableSlots: {"query":"SELECT \"Appointment\".\"id\" AS \"Appointment_id\", \"Appointment\".\"clinicId\" AS \"Appointment_clinicId\", \"Appointment\".\"serviceId\" AS \"Appointment_serviceId\", \"Appointment\".\"providerId\" AS \"Appointment_providerId\", \"Appointment\".\"clientId\" AS \"Appointment_clientId\", \"Appointment\".\"clientDetails\" AS \"Appointment_clientDetails\", \"Appointment\".\"startTime\" AS \"Appointment_startTime\", \"Appointment\".\"endTime\" AS \"Appointment_endTime\", \"Appointment\".\"status\" AS \"Appointment_status\", \"Appointment\".\"notes\" AS \"Appointment_notes\", \"Appointment\".\"paymentMethod\" AS \"Appointment_paymentMethod\", \"Appointment\".\"advancePaymentAmount\" AS \"Appointment_advancePaymentAmount\", \"Appointment\".\"totalAmount\" AS \"Appointment_totalAmount\", \"Appointment\".\"holdId\" AS \"Appointment_holdId\", \"Appointment\".\"treatmentDetails\" AS \"Appointment_treatmentDetails\", \"Appointment\".\"completedAt\" AS \"Appointment_completedAt\", \"Appointment\".\"appointmentSource\" AS \"Appointment_appointmentSource\", \"Appointment\".\"showStatus\" AS \"Appointment_showStatus\", \"Appointment\".\"serviceExecuted\" AS \"Appointment_serviceExecuted\", \"Appointment\".\"followUpServiceId\" AS \"Appointment_followUpServiceId\", \"Appointment\".\"clinicNotes\" AS \"Appointment_clinicNotes\", \"Appointment\".\"appointmentCompletionReport\" AS \"Appointment_appointmentCompletionReport\", \"Appointment\".\"createdAt\" AS \"Appointment_createdAt\", \"Appointment\".\"updatedAt\" AS \"Appointment_updatedAt\" FROM \"appointments\" \"Appointment\" WHERE ((\"Appointment\".\"clinicId\" = $1) AND (\"Appointment\".\"startTime\" BETWEEN $2 AND $3) AND (\"Appointment\".\"status\" = $4))","parameters":["c07c073a-ad9e-44fd-b1b7-0b82ac7ed194","2026-01-23T05:00:00.000Z","2026-01-24T04:59:59.999Z","confirmed"],"driverError":{"length":124,"name":"error","severity":"ERROR","code":"42703","position":"262","file":"parse_relation.c","line":"3665","routine":"errorMissingColumn"},"length":124,"severity":"ERROR","code":"42703","position":"262","file":"parse_relation.c","line":"3665","routine":"errorMissingColumn"}
[2026-01-23T05:43:43.963Z] 🔵 Availability Request: {"clinicId":"c07c073a-ad9e-44fd-b1b7-0b82ac7ed194","serviceId":"bdd6033a-d623-4770-a2a4-f62177b3c3f3","providerId":null,"date":"2026-01-23"}
[2026-01-23T05:43:43.966Z] 🔵 Using date: "2026-01-23"
[2026-01-23T05:43:44.029Z] 🔵 Clinic: "abc clinic"
[2026-01-23T05:43:44.036Z] 🔵 Using timezone: "America/New_York"
[2026-01-23T05:43:44.037Z] 🔵 Day of week: "friday"
[2026-01-23T05:43:44.038Z] 🔵 Business hours for friday: {"open":"09:00","close":"17:00","isOpen":true}
[2026-01-23T05:43:44.038Z] 🔵 All business hours: {"monday":{"open":"09:00","close":"17:00","isOpen":true},"tuesday":{"open":"09:00","close":"17:00","isOpen":true},"wednesday":{"open":"09:00","close":"17:00","isOpen":true},"thursday":{"open":"09:00","close":"17:00","isOpen":true},"friday":{"open":"09:00","close":"17:00","isOpen":true},"saturday":{"open":"10:00","close":"15:00","isOpen":true},"sunday":{"open":"10:00","close":"15:00","isOpen":false}}
[2026-01-23T05:43:44.039Z] ✅ Clinic is open on friday from 09:00 to 17:00 
[2026-01-23T05:43:44.070Z] Blocked slots count: 
[2026-01-23T05:43:44.073Z] 🔵 Open time (UTC): "2026-01-23T14:00:00.000Z"
[2026-01-23T05:43:44.077Z] 🔵 Close time (UTC): "2026-01-23T22:00:00.000Z"
[2026-01-23T05:43:44.080Z] 🔵 Current time (UTC): "2026-01-23T05:43:44.080Z"
[2026-01-23T05:43:44.088Z] 🔵 Availability Request: {"clinicId":"c07c073a-ad9e-44fd-b1b7-0b82ac7ed194","serviceId":"bdd6033a-d623-4770-a2a4-f62177b3c3f3","providerId":null,"date":"2026-01-23"}
[2026-01-23T05:43:44.088Z] 🔵 Using date: "2026-01-23"
[2026-01-23T05:43:44.096Z] 🔵 Clinic: "abc clinic"
[2026-01-23T05:43:44.099Z] 🔵 Using timezone: "America/New_York"
[2026-01-23T05:43:44.102Z] 🔵 Day of week: "friday"
[2026-01-23T05:43:44.105Z] 🔵 Business hours for friday: {"open":"09:00","close":"17:00","isOpen":true}
[2026-01-23T05:43:44.107Z] 🔵 All business hours: {"monday":{"open":"09:00","close":"17:00","isOpen":true},"tuesday":{"open":"09:00","close":"17:00","isOpen":true},"wednesday":{"open":"09:00","close":"17:00","isOpen":true},"thursday":{"open":"09:00","close":"17:00","isOpen":true},"friday":{"open":"09:00","close":"17:00","isOpen":true},"saturday":{"open":"10:00","close":"15:00","isOpen":true},"sunday":{"open":"10:00","close":"15:00","isOpen":false}}
[2026-01-23T05:43:44.107Z] ✅ Clinic is open on friday from 09:00 to 17:00 
[2026-01-23T05:43:44.120Z] Blocked slots count: 
[2026-01-23T05:43:44.122Z] 🔵 Open time (UTC): "2026-01-23T14:00:00.000Z"
[2026-01-23T05:43:44.122Z] 🔵 Close time (UTC): "2026-01-23T22:00:00.000Z"
[2026-01-23T05:43:44.123Z] 🔵 Current time (UTC): "2026-01-23T05:43:44.123Z"
[2026-01-23T06:08:24.876Z] 🔵 Availability Request: {"clinicId":"c07c073a-ad9e-44fd-b1b7-0b82ac7ed194","serviceId":"bdd6033a-d623-4770-a2a4-f62177b3c3f3","providerId":null,"date":"2026-01-23"}
[2026-01-23T06:08:25.152Z] 🔵 Using date: "2026-01-23"
[2026-01-23T06:08:25.166Z] 🔵 Clinic: "abc clinic"
[2026-01-23T06:08:25.169Z] 🔵 Using timezone: "America/New_York"
[2026-01-23T06:08:25.170Z] 🔵 Day of week: "friday"
[2026-01-23T06:08:25.171Z] 🔵 Business hours for friday: {"open":"09:00","close":"17:00","isOpen":true}
[2026-01-23T06:08:25.171Z] 🔵 All business hours: {"monday":{"open":"09:00","close":"17:00","isOpen":true},"tuesday":{"open":"09:00","close":"17:00","isOpen":true},"wednesday":{"open":"09:00","close":"17:00","isOpen":true},"thursday":{"open":"09:00","close":"17:00","isOpen":true},"friday":{"open":"09:00","close":"17:00","isOpen":true},"saturday":{"open":"10:00","close":"15:00","isOpen":true},"sunday":{"open":"10:00","close":"15:00","isOpen":false}}
[2026-01-23T06:08:25.172Z] ✅ Clinic is open on friday from 09:00 to 17:00 
[2026-01-23T06:08:25.201Z] Blocked slots count: 
[2026-01-23T06:08:25.203Z] 🔵 Open time (UTC): "2026-01-23T14:00:00.000Z"
[2026-01-23T06:08:25.203Z] 🔵 Close time (UTC): "2026-01-23T22:00:00.000Z"
[2026-01-23T06:08:25.204Z] 🔵 Current time (UTC): "2026-01-23T06:08:25.203Z"
[2026-01-23T07:39:05.503Z] 🔵 Availability Request: {"clinicId":"c07c073a-ad9e-44fd-b1b7-0b82ac7ed194","serviceId":"bdd6033a-d623-4770-a2a4-f62177b3c3f3","providerId":null,"date":"2026-01-23"}
[2026-01-23T07:39:05.534Z] 🔵 Using date: "2026-01-23"
[2026-01-23T07:39:05.546Z] 🔵 Clinic: "abc clinic"
[2026-01-23T07:39:05.552Z] 🔵 Using timezone: "America/New_York"
[2026-01-23T07:39:05.556Z] 🔵 Day of week: "friday"
[2026-01-23T07:39:05.557Z] 🔵 Business hours for friday: {"open":"09:00","close":"17:00","isOpen":true}
[2026-01-23T07:39:05.558Z] 🔵 All business hours: {"monday":{"open":"09:00","close":"17:00","isOpen":true},"tuesday":{"open":"09:00","close":"17:00","isOpen":true},"wednesday":{"open":"09:00","close":"17:00","isOpen":true},"thursday":{"open":"09:00","close":"17:00","isOpen":true},"friday":{"open":"09:00","close":"17:00","isOpen":true},"saturday":{"open":"10:00","close":"15:00","isOpen":true},"sunday":{"open":"10:00","close":"15:00","isOpen":false}}
[2026-01-23T07:39:05.559Z] ✅ Clinic is open on friday from 09:00 to 17:00 
[2026-01-23T07:39:05.592Z] Blocked slots count: 
[2026-01-23T07:39:05.593Z] 🔵 Open time (UTC): "2026-01-23T14:00:00.000Z"
[2026-01-23T07:39:05.594Z] 🔵 Close time (UTC): "2026-01-23T22:00:00.000Z"
[2026-01-23T07:39:05.594Z] 🔵 Current time (UTC): "2026-01-23T07:39:05.594Z"
[2026-01-23T07:39:14.977Z] 🔵 Availability Request: {"clinicId":"c07c073a-ad9e-44fd-b1b7-0b82ac7ed194","serviceId":"bdd6033a-d623-4770-a2a4-f62177b3c3f3","providerId":null,"date":"2026-01-30"}
[2026-01-23T07:39:14.978Z] 🔵 Using date: "2026-01-30"
[2026-01-23T07:39:14.992Z] 🔵 Clinic: "abc clinic"
[2026-01-23T07:39:14.996Z] 🔵 Using timezone: "America/New_York"
[2026-01-23T07:39:14.997Z] 🔵 Day of week: "friday"
[2026-01-23T07:39:14.998Z] 🔵 Business hours for friday: {"open":"09:00","close":"17:00","isOpen":true}
[2026-01-23T07:39:14.998Z] 🔵 All business hours: {"monday":{"open":"09:00","close":"17:00","isOpen":true},"tuesday":{"open":"09:00","close":"17:00","isOpen":true},"wednesday":{"open":"09:00","close":"17:00","isOpen":true},"thursday":{"open":"09:00","close":"17:00","isOpen":true},"friday":{"open":"09:00","close":"17:00","isOpen":true},"saturday":{"open":"10:00","close":"15:00","isOpen":true},"sunday":{"open":"10:00","close":"15:00","isOpen":false}}
[2026-01-23T07:39:14.999Z] ✅ Clinic is open on friday from 09:00 to 17:00 
[2026-01-23T07:39:15.007Z] Blocked slots count: 
[2026-01-23T07:39:15.008Z] 🔵 Open time (UTC): "2026-01-30T14:00:00.000Z"
[2026-01-23T07:39:15.009Z] 🔵 Close time (UTC): "2026-01-30T22:00:00.000Z"
[2026-01-23T07:39:15.009Z] 🔵 Current time (UTC): "2026-01-23T07:39:15.009Z"
[2026-01-23T07:39:43.790Z] 🔵 Availability Request: {"clinicId":"c07c073a-ad9e-44fd-b1b7-0b82ac7ed194","serviceId":"bdd6033a-d623-4770-a2a4-f62177b3c3f3","providerId":null,"date":"2026-01-23"}
[2026-01-23T07:39:43.790Z] 🔵 Using date: "2026-01-23"
[2026-01-23T07:39:43.802Z] 🔵 Clinic: "abc clinic"
[2026-01-23T07:39:43.805Z] 🔵 Using timezone: "America/New_York"
[2026-01-23T07:39:43.806Z] 🔵 Day of week: "friday"
[2026-01-23T07:39:43.806Z] 🔵 Business hours for friday: {"open":"09:00","close":"17:00","isOpen":true}
[2026-01-23T07:39:43.807Z] 🔵 All business hours: {"monday":{"open":"09:00","close":"17:00","isOpen":true},"tuesday":{"open":"09:00","close":"17:00","isOpen":true},"wednesday":{"open":"09:00","close":"17:00","isOpen":true},"thursday":{"open":"09:00","close":"17:00","isOpen":true},"friday":{"open":"09:00","close":"17:00","isOpen":true},"saturday":{"open":"10:00","close":"15:00","isOpen":true},"sunday":{"open":"10:00","close":"15:00","isOpen":false}}
[2026-01-23T07:39:43.826Z] ✅ Clinic is open on friday from 09:00 to 17:00 
[2026-01-23T07:39:43.854Z] Blocked slots count: 
[2026-01-23T07:39:43.855Z] 🔵 Open time (UTC): "2026-01-23T14:00:00.000Z"
[2026-01-23T07:39:43.855Z] 🔵 Close time (UTC): "2026-01-23T22:00:00.000Z"
[2026-01-23T07:39:43.856Z] 🔵 Current time (UTC): "2026-01-23T07:39:43.856Z"
[2026-01-23T07:44:22.670Z] 🔵 Availability Request: {"clinicId":"c07c073a-ad9e-44fd-b1b7-0b82ac7ed194","serviceId":"bdd6033a-d623-4770-a2a4-f62177b3c3f3","providerId":null,"date":"2026-01-23"}
[2026-01-23T07:44:22.672Z] 🔵 Using date: "2026-01-23"
[2026-01-23T07:44:22.693Z] 🔵 Clinic: "abc clinic"
[2026-01-23T07:44:22.697Z] 🔵 Using timezone: "America/New_York"
[2026-01-23T07:44:22.698Z] 🔵 Day of week: "friday"
[2026-01-23T07:44:22.698Z] 🔵 Business hours for friday: {"open":"09:00","close":"17:00","isOpen":true}
[2026-01-23T07:44:22.699Z] 🔵 All business hours: {"monday":{"open":"09:00","close":"17:00","isOpen":true},"tuesday":{"open":"09:00","close":"17:00","isOpen":true},"wednesday":{"open":"09:00","close":"17:00","isOpen":true},"thursday":{"open":"09:00","close":"17:00","isOpen":true},"friday":{"open":"09:00","close":"17:00","isOpen":true},"saturday":{"open":"10:00","close":"15:00","isOpen":true},"sunday":{"open":"10:00","close":"15:00","isOpen":false}}
[2026-01-23T07:44:22.700Z] ✅ Clinic is open on friday from 09:00 to 17:00 
[2026-01-23T07:44:22.731Z] Blocked slots count: 
[2026-01-23T07:44:22.731Z] 🔵 Open time (UTC): "2026-01-23T14:00:00.000Z"
[2026-01-23T07:44:22.732Z] 🔵 Close time (UTC): "2026-01-23T22:00:00.000Z"
[2026-01-23T07:44:22.733Z] 🔵 Current time (UTC): "2026-01-23T07:44:22.732Z"
[2026-01-23T07:44:30.408Z] 🔵 Availability Request: {"clinicId":"c07c073a-ad9e-44fd-b1b7-0b82ac7ed194","serviceId":"bdd6033a-d623-4770-a2a4-f62177b3c3f3","providerId":null,"date":"2026-01-23"}
[2026-01-23T07:44:30.409Z] 🔵 Using date: "2026-01-23"
[2026-01-23T07:44:30.418Z] 🔵 Clinic: "abc clinic"
[2026-01-23T07:44:30.421Z] 🔵 Using timezone: "America/New_York"
[2026-01-23T07:44:30.422Z] 🔵 Day of week: "friday"
[2026-01-23T07:44:30.422Z] 🔵 Business hours for friday: {"open":"09:00","close":"17:00","isOpen":true}
[2026-01-23T07:44:30.423Z] 🔵 All business hours: {"monday":{"open":"09:00","close":"17:00","isOpen":true},"tuesday":{"open":"09:00","close":"17:00","isOpen":true},"wednesday":{"open":"09:00","close":"17:00","isOpen":true},"thursday":{"open":"09:00","close":"17:00","isOpen":true},"friday":{"open":"09:00","close":"17:00","isOpen":true},"saturday":{"open":"10:00","close":"15:00","isOpen":true},"sunday":{"open":"10:00","close":"15:00","isOpen":false}}
[2026-01-23T07:44:30.424Z] ✅ Clinic is open on friday from 09:00 to 17:00 
[2026-01-23T07:44:30.446Z] Blocked slots count: 
[2026-01-23T07:44:30.447Z] 🔵 Open time (UTC): "2026-01-23T14:00:00.000Z"
[2026-01-23T07:44:30.448Z] 🔵 Close time (UTC): "2026-01-23T22:00:00.000Z"
[2026-01-23T07:44:30.448Z] 🔵 Current time (UTC): "2026-01-23T07:44:30.448Z"
[2026-01-23T07:47:23.373Z] 🔵 Availability Request: {"clinicId":"c07c073a-ad9e-44fd-b1b7-0b82ac7ed194","serviceId":"bdd6033a-d623-4770-a2a4-f62177b3c3f3","providerId":null,"date":"2026-01-23"}
[2026-01-23T07:47:23.375Z] 🔵 Using date: "2026-01-23"
[2026-01-23T07:47:23.387Z] 🔵 Clinic: "abc clinic"
[2026-01-23T07:47:23.391Z] 🔵 Using timezone: "America/New_York"
[2026-01-23T07:47:23.394Z] 🔵 Day of week: "friday"
[2026-01-23T07:47:23.395Z] 🔵 Business hours for friday: {"open":"09:00","close":"17:00","isOpen":true}
[2026-01-23T07:47:23.397Z] 🔵 All business hours: {"monday":{"open":"09:00","close":"17:00","isOpen":true},"tuesday":{"open":"09:00","close":"17:00","isOpen":true},"wednesday":{"open":"09:00","close":"17:00","isOpen":true},"thursday":{"open":"09:00","close":"17:00","isOpen":true},"friday":{"open":"09:00","close":"17:00","isOpen":true},"saturday":{"open":"10:00","close":"15:00","isOpen":true},"sunday":{"open":"10:00","close":"15:00","isOpen":false}}
[2026-01-23T07:47:23.398Z] ✅ Clinic is open on friday from 09:00 to 17:00 
[2026-01-23T07:47:23.431Z] Blocked slots count: 
[2026-01-23T07:47:23.432Z] 🔵 Open time (UTC): "2026-01-23T14:00:00.000Z"
[2026-01-23T07:47:23.434Z] 🔵 Close time (UTC): "2026-01-23T22:00:00.000Z"
[2026-01-23T07:47:23.435Z] 🔵 Current time (UTC): "2026-01-23T07:47:23.435Z"
[2026-01-23T07:47:31.839Z] 🔵 Availability Request: {"clinicId":"c07c073a-ad9e-44fd-b1b7-0b82ac7ed194","serviceId":"bdd6033a-d623-4770-a2a4-f62177b3c3f3","providerId":null,"date":"2026-01-23"}
[2026-01-23T07:47:31.840Z] 🔵 Using date: "2026-01-23"
[2026-01-23T07:47:31.865Z] 🔵 Clinic: "abc clinic"
[2026-01-23T07:47:31.868Z] 🔵 Using timezone: "America/New_York"
[2026-01-23T07:47:31.869Z] 🔵 Day of week: "friday"
[2026-01-23T07:47:31.870Z] 🔵 Business hours for friday: {"open":"09:00","close":"17:00","isOpen":true}
[2026-01-23T07:47:31.873Z] 🔵 All business hours: {"monday":{"open":"09:00","close":"17:00","isOpen":true},"tuesday":{"open":"09:00","close":"17:00","isOpen":true},"wednesday":{"open":"09:00","close":"17:00","isOpen":true},"thursday":{"open":"09:00","close":"17:00","isOpen":true},"friday":{"open":"09:00","close":"17:00","isOpen":true},"saturday":{"open":"10:00","close":"15:00","isOpen":true},"sunday":{"open":"10:00","close":"15:00","isOpen":false}}
[2026-01-23T07:47:31.878Z] ✅ Clinic is open on friday from 09:00 to 17:00 
[2026-01-23T07:47:31.908Z] Blocked slots count: 
[2026-01-23T07:47:31.909Z] 🔵 Open time (UTC): "2026-01-23T14:00:00.000Z"
[2026-01-23T07:47:31.910Z] 🔵 Close time (UTC): "2026-01-23T22:00:00.000Z"
[2026-01-23T07:47:31.910Z] 🔵 Current time (UTC): "2026-01-23T07:47:31.910Z"
[2026-01-23T07:50:49.159Z] 🔵 Availability Request: {"clinicId":"c07c073a-ad9e-44fd-b1b7-0b82ac7ed194","serviceId":"bdd6033a-d623-4770-a2a4-f62177b3c3f3","providerId":null,"date":"2026-01-23"}
[2026-01-23T07:50:49.160Z] 🔵 Using date: "2026-01-23"
[2026-01-23T07:50:49.174Z] 🔵 Clinic: "abc clinic"
[2026-01-23T07:50:49.177Z] 🔵 Using timezone: "America/New_York"
[2026-01-23T07:50:49.178Z] 🔵 Day of week: "friday"
[2026-01-23T07:50:49.178Z] 🔵 Business hours for friday: {"open":"09:00","close":"17:00","isOpen":true}
[2026-01-23T07:50:49.179Z] 🔵 All business hours: {"monday":{"open":"09:00","close":"17:00","isOpen":true},"tuesday":{"open":"09:00","close":"17:00","isOpen":true},"wednesday":{"open":"09:00","close":"17:00","isOpen":true},"thursday":{"open":"09:00","close":"17:00","isOpen":true},"friday":{"open":"09:00","close":"17:00","isOpen":true},"saturday":{"open":"10:00","close":"15:00","isOpen":true},"sunday":{"open":"10:00","close":"15:00","isOpen":false}}
[2026-01-23T07:50:49.179Z] ✅ Clinic is open on friday from 09:00 to 17:00 
[2026-01-23T07:50:49.209Z] Blocked slots count: 
[2026-01-23T07:50:49.210Z] 🔵 Open time (UTC): "2026-01-23T14:00:00.000Z"
[2026-01-23T07:50:49.211Z] 🔵 Close time (UTC): "2026-01-23T22:00:00.000Z"
[2026-01-23T07:50:49.212Z] 🔵 Current time (UTC): "2026-01-23T07:50:49.212Z"
[2026-01-23T10:09:04.108Z] 🔵 Availability Request: {"clinicId":"c07c073a-ad9e-44fd-b1b7-0b82ac7ed194","serviceId":"bdd6033a-d623-4770-a2a4-f62177b3c3f3","providerId":null,"date":"2026-01-23"}
[2026-01-23T10:09:04.400Z] 🔵 Using date: "2026-01-23"
[2026-01-23T10:09:04.418Z] 🔵 Clinic: "abc clinic"
[2026-01-23T10:09:04.424Z] 🔵 Using timezone: "America/New_York"
[2026-01-23T10:09:04.426Z] 🔵 Day of week: "friday"
[2026-01-23T10:09:04.428Z] 🔵 Business hours for friday: {"open":"09:00","close":"17:00","isOpen":true}
[2026-01-23T10:09:04.429Z] 🔵 All business hours: {"monday":{"open":"09:00","close":"17:00","isOpen":true},"tuesday":{"open":"09:00","close":"17:00","isOpen":true},"wednesday":{"open":"09:00","close":"17:00","isOpen":true},"thursday":{"open":"09:00","close":"17:00","isOpen":true},"friday":{"open":"09:00","close":"17:00","isOpen":true},"saturday":{"open":"10:00","close":"15:00","isOpen":true},"sunday":{"open":"10:00","close":"15:00","isOpen":false}}
[2026-01-23T10:09:04.431Z] ✅ Clinic is open on friday from 09:00 to 17:00 
[2026-01-23T10:09:04.473Z] Blocked slots count: 
[2026-01-23T10:09:04.475Z] 🔵 Open time (UTC): "2026-01-23T14:00:00.000Z"
[2026-01-23T10:09:04.479Z] 🔵 Close time (UTC): "2026-01-23T22:00:00.000Z"
[2026-01-23T10:09:04.480Z] 🔵 Current time (UTC): "2026-01-23T10:09:04.480Z"
[2026-01-26T12:45:24.394Z] 🔵 Availability Request: {"clinicId":"c07c073a-ad9e-44fd-b1b7-0b82ac7ed194","serviceId":"bdd6033a-d623-4770-a2a4-f62177b3c3f3","providerId":null,"date":"2026-01-26"}
[2026-01-26T12:45:24.424Z] 🔵 Using date: "2026-01-26"
[2026-01-26T12:45:24.449Z] 🔵 Clinic: "abc clinic"
[2026-01-26T12:45:24.454Z] 🔵 Using timezone: "America/New_York"
[2026-01-26T12:45:24.522Z] 🔵 Day of week: "monday"
[2026-01-26T12:45:24.524Z] 🔵 Business hours for monday: {"open":"09:00","close":"17:00","isOpen":true}
[2026-01-26T12:45:24.526Z] 🔵 All business hours: {"monday":{"open":"09:00","close":"17:00","isOpen":true},"tuesday":{"open":"09:00","close":"17:00","isOpen":true},"wednesday":{"open":"09:00","close":"17:00","isOpen":true},"thursday":{"open":"09:00","close":"17:00","isOpen":true},"friday":{"open":"09:00","close":"17:00","isOpen":true},"saturday":{"open":"10:00","close":"15:00","isOpen":true},"sunday":{"open":"10:00","close":"15:00","isOpen":false}}
[2026-01-26T12:45:24.530Z] ✅ Clinic is open on monday from 09:00 to 17:00 
[2026-01-26T12:45:24.582Z] Blocked slots count: 
[2026-01-26T12:45:24.587Z] 🔵 Open time (UTC): "2026-01-26T14:00:00.000Z"
[2026-01-26T12:45:24.590Z] 🔵 Close time (UTC): "2026-01-26T22:00:00.000Z"
[2026-01-26T12:45:24.592Z] 🔵 Current time (UTC): "2026-01-26T12:45:24.592Z"
[2026-01-26T12:57:57.119Z] 🔵 Availability Request: {"clinicId":"c07c073a-ad9e-44fd-b1b7-0b82ac7ed194","serviceId":"bdd6033a-d623-4770-a2a4-f62177b3c3f3","providerId":null,"date":"2026-01-23"}
[2026-01-26T12:57:57.144Z] 🔵 Using date: "2026-01-23"
[2026-01-26T12:57:57.193Z] 🔵 Clinic: "abc clinic"
[2026-01-26T12:57:57.197Z] 🔵 Using timezone: "America/New_York"
[2026-01-26T12:57:57.198Z] 🔵 Day of week: "friday"
[2026-01-26T12:57:57.199Z] 🔵 Business hours for friday: {"open":"09:00","close":"17:00","isOpen":true}
[2026-01-26T12:57:57.200Z] 🔵 All business hours: {"monday":{"open":"09:00","close":"17:00","isOpen":true},"tuesday":{"open":"09:00","close":"17:00","isOpen":true},"wednesday":{"open":"09:00","close":"17:00","isOpen":true},"thursday":{"open":"09:00","close":"17:00","isOpen":true},"friday":{"open":"09:00","close":"17:00","isOpen":true},"saturday":{"open":"10:00","close":"15:00","isOpen":true},"sunday":{"open":"10:00","close":"15:00","isOpen":false}}
[2026-01-26T12:57:57.203Z] ✅ Clinic is open on friday from 09:00 to 17:00 
[2026-01-26T12:57:57.232Z] Blocked slots count: 
[2026-01-26T12:57:57.233Z] 🔵 Open time (UTC): "2026-01-23T14:00:00.000Z"
[2026-01-26T12:57:57.235Z] 🔵 Close time (UTC): "2026-01-23T22:00:00.000Z"
[2026-01-26T12:57:57.235Z] 🔵 Current time (UTC): "2026-01-26T12:57:57.235Z"
[2026-01-26T12:57:57.240Z] ⚠️ No available slots found. Reason: All available slots are in the past. Please select a future date. {"totalSlotsChecked":15,"firstSlotTime":"2026-01-23T14:00:00.000Z","currentTime":"2026-01-26T12:57:57.239Z","allPast":true}
[2026-01-26T13:58:48.722Z] 🔵 Availability Request: {"clinicId":"c07c073a-ad9e-44fd-b1b7-0b82ac7ed194","serviceId":"bdd6033a-d623-4770-a2a4-f62177b3c3f3","providerId":null,"date":"2026-01-26"}
[2026-01-26T13:58:48.742Z] 🔵 Using date: "2026-01-26"
[2026-01-26T13:58:48.756Z] 🔵 Clinic: "abc clinic"
[2026-01-26T13:58:48.760Z] 🔵 Using timezone: "America/New_York"
[2026-01-26T13:58:48.766Z] 🔵 Day of week: "monday"
[2026-01-26T13:58:48.766Z] 🔵 Business hours for monday: {"open":"09:00","close":"17:00","isOpen":true}
[2026-01-26T13:58:48.767Z] 🔵 All business hours: {"monday":{"open":"09:00","close":"17:00","isOpen":true},"tuesday":{"open":"09:00","close":"17:00","isOpen":true},"wednesday":{"open":"09:00","close":"17:00","isOpen":true},"thursday":{"open":"09:00","close":"17:00","isOpen":true},"friday":{"open":"09:00","close":"17:00","isOpen":true},"saturday":{"open":"10:00","close":"15:00","isOpen":true},"sunday":{"open":"10:00","close":"15:00","isOpen":false}}
[2026-01-26T13:58:48.769Z] ✅ Clinic is open on monday from 09:00 to 17:00 
[2026-01-26T13:58:48.810Z] Blocked slots count: 
[2026-01-26T13:58:48.812Z] 🔵 Open time (UTC): "2026-01-26T14:00:00.000Z"
[2026-01-26T13:58:48.812Z] 🔵 Close time (UTC): "2026-01-26T22:00:00.000Z"
[2026-01-26T13:58:48.813Z] 🔵 Current time (UTC): "2026-01-26T13:58:48.813Z"
[2026-01-27T06:28:04.011Z] 🔵 Availability Request: {"clinicId":"c07c073a-ad9e-44fd-b1b7-0b82ac7ed194","serviceId":"bdd6033a-d623-4770-a2a4-f62177b3c3f3","providerId":null,"date":"2026-01-27"}
[2026-01-27T06:28:04.067Z] 🔵 Using date: "2026-01-27"
[2026-01-27T06:28:04.204Z] 🔵 Clinic: "abc clinic"
[2026-01-27T06:28:04.257Z] 🔵 Using timezone: "America/New_York"
[2026-01-27T06:28:04.352Z] 🔵 Day of week: "tuesday"
[2026-01-27T06:28:04.371Z] 🔵 Business hours for tuesday: {"open":"09:00","close":"17:00","isOpen":true}
[2026-01-27T06:28:04.373Z] 🔵 All business hours: {"monday":{"open":"09:00","close":"17:00","isOpen":true},"tuesday":{"open":"09:00","close":"17:00","isOpen":true},"wednesday":{"open":"09:00","close":"17:00","isOpen":true},"thursday":{"open":"09:00","close":"17:00","isOpen":true},"friday":{"open":"09:00","close":"17:00","isOpen":true},"saturday":{"open":"10:00","close":"15:00","isOpen":true},"sunday":{"open":"10:00","close":"15:00","isOpen":false}}
[2026-01-27T06:28:04.394Z] ✅ Clinic is open on tuesday from 09:00 to 17:00 
[2026-01-27T06:28:04.598Z] Blocked slots count: 
[2026-01-27T06:28:04.601Z] 🔵 Open time (UTC): "2026-01-27T14:00:00.000Z"
[2026-01-27T06:28:04.602Z] 🔵 Close time (UTC): "2026-01-27T22:00:00.000Z"
[2026-01-27T06:28:04.625Z] 🔵 Current time (UTC): "2026-01-27T06:28:04.624Z"
[2026-01-29T12:19:20.829Z] 🔵 Availability Request: {"clinicId":"c07c073a-ad9e-44fd-b1b7-0b82ac7ed194","serviceId":"bdd6033a-d623-4770-a2a4-f62177b3c3f3","providerId":"9eba50ad-ee80-4424-94b4-532bfdd265bb","date":"2026-01-30"}
[2026-01-29T12:19:21.093Z] 🔵 Using date: "2026-01-30"
[2026-01-29T12:19:21.138Z] 🔵 Clinic: "abc clinic"
[2026-01-29T12:19:21.144Z] 🔵 Using timezone: "America/New_York"
[2026-01-29T12:19:21.162Z] 🔵 Day of week: "friday"
[2026-01-29T12:19:21.164Z] 🔵 Business hours for friday: {"open":"09:00","close":"17:00","isOpen":true}
[2026-01-29T12:19:21.166Z] 🔵 All business hours: {"monday":{"open":"09:00","close":"17:00","isOpen":true},"tuesday":{"open":"09:00","close":"17:00","isOpen":true},"wednesday":{"open":"09:00","close":"17:00","isOpen":true},"thursday":{"open":"09:00","close":"17:00","isOpen":true},"friday":{"open":"09:00","close":"17:00","isOpen":true},"saturday":{"open":"10:00","close":"15:00","isOpen":true},"sunday":{"open":"10:00","close":"15:00","isOpen":false}}
[2026-01-29T12:19:21.169Z] ✅ Clinic is open on friday from 09:00 to 17:00 
[2026-01-29T12:19:21.210Z] Blocked slots count: 
[2026-01-29T12:19:21.213Z] 🔵 Open time (UTC): "2026-01-30T14:00:00.000Z"
[2026-01-29T12:19:21.216Z] 🔵 Close time (UTC): "2026-01-30T22:00:00.000Z"
[2026-01-29T12:19:21.217Z] 🔵 Current time (UTC): "2026-01-29T12:19:21.217Z"
[2026-01-29T12:19:25.121Z] 🔵 Availability Request: {"clinicId":"c07c073a-ad9e-44fd-b1b7-0b82ac7ed194","serviceId":"bdd6033a-d623-4770-a2a4-f62177b3c3f3","providerId":"9eba50ad-ee80-4424-94b4-532bfdd265bb","date":"2026-01-30"}
[2026-01-29T12:19:25.122Z] 🔵 Using date: "2026-01-30"
[2026-01-29T12:19:25.134Z] 🔵 Clinic: "abc clinic"
[2026-01-29T12:19:25.137Z] 🔵 Using timezone: "America/New_York"
[2026-01-29T12:19:25.139Z] 🔵 Day of week: "friday"
[2026-01-29T12:19:25.140Z] 🔵 Business hours for friday: {"open":"09:00","close":"17:00","isOpen":true}
[2026-01-29T12:19:25.143Z] 🔵 All business hours: {"monday":{"open":"09:00","close":"17:00","isOpen":true},"tuesday":{"open":"09:00","close":"17:00","isOpen":true},"wednesday":{"open":"09:00","close":"17:00","isOpen":true},"thursday":{"open":"09:00","close":"17:00","isOpen":true},"friday":{"open":"09:00","close":"17:00","isOpen":true},"saturday":{"open":"10:00","close":"15:00","isOpen":true},"sunday":{"open":"10:00","close":"15:00","isOpen":false}}
[2026-01-29T12:19:25.145Z] ✅ Clinic is open on friday from 09:00 to 17:00 
[2026-01-29T12:19:25.155Z] Blocked slots count: 
[2026-01-29T12:19:25.156Z] 🔵 Open time (UTC): "2026-01-30T14:00:00.000Z"
[2026-01-29T12:19:25.157Z] 🔵 Close time (UTC): "2026-01-30T22:00:00.000Z"
[2026-01-29T12:19:25.157Z] 🔵 Current time (UTC): "2026-01-29T12:19:25.157Z"
[2026-01-29T12:19:36.518Z] 🔵 Availability Request: {"clinicId":"c07c073a-ad9e-44fd-b1b7-0b82ac7ed194","serviceId":"bdd6033a-d623-4770-a2a4-f62177b3c3f3","providerId":"9eba50ad-ee80-4424-94b4-532bfdd265bb","date":"2026-02-02"}
[2026-01-29T12:19:36.518Z] 🔵 Using date: "2026-02-02"
[2026-01-29T12:19:36.552Z] 🔵 Clinic: "abc clinic"
[2026-01-29T12:19:36.556Z] 🔵 Using timezone: "America/New_York"
[2026-01-29T12:19:36.557Z] 🔵 Day of week: "monday"
[2026-01-29T12:19:36.558Z] 🔵 Business hours for monday: {"open":"09:00","close":"17:00","isOpen":true}
[2026-01-29T12:19:36.558Z] 🔵 All business hours: {"monday":{"open":"09:00","close":"17:00","isOpen":true},"tuesday":{"open":"09:00","close":"17:00","isOpen":true},"wednesday":{"open":"09:00","close":"17:00","isOpen":true},"thursday":{"open":"09:00","close":"17:00","isOpen":true},"friday":{"open":"09:00","close":"17:00","isOpen":true},"saturday":{"open":"10:00","close":"15:00","isOpen":true},"sunday":{"open":"10:00","close":"15:00","isOpen":false}}
[2026-01-29T12:19:36.560Z] ✅ Clinic is open on monday from 09:00 to 17:00 
[2026-01-29T12:19:36.576Z] Blocked slots count: 
[2026-01-29T12:19:36.578Z] 🔵 Open time (UTC): "2026-02-02T14:00:00.000Z"
[2026-01-29T12:19:36.578Z] 🔵 Close time (UTC): "2026-02-02T22:00:00.000Z"
[2026-01-29T12:19:36.579Z] 🔵 Current time (UTC): "2026-01-29T12:19:36.579Z"
[2026-01-29T12:21:33.306Z] 🔵 Availability Request: {"clinicId":"c07c073a-ad9e-44fd-b1b7-0b82ac7ed194","serviceId":"bdd6033a-d623-4770-a2a4-f62177b3c3f3","providerId":"9eba50ad-ee80-4424-94b4-532bfdd265bb","date":"2026-01-30"}
[2026-01-29T12:21:33.310Z] 🔵 Using date: "2026-01-30"
[2026-01-29T12:21:33.390Z] 🔵 Clinic: "abc clinic"
[2026-01-29T12:21:33.407Z] 🔵 Using timezone: "America/New_York"
[2026-01-29T12:21:33.408Z] 🔵 Day of week: "friday"
[2026-01-29T12:21:33.412Z] 🔵 Business hours for friday: {"open":"09:00","close":"17:00","isOpen":true}
[2026-01-29T12:21:33.419Z] 🔵 All business hours: {"monday":{"open":"09:00","close":"17:00","isOpen":true},"tuesday":{"open":"09:00","close":"17:00","isOpen":true},"wednesday":{"open":"09:00","close":"17:00","isOpen":true},"thursday":{"open":"09:00","close":"17:00","isOpen":true},"friday":{"open":"09:00","close":"17:00","isOpen":true},"saturday":{"open":"10:00","close":"15:00","isOpen":true},"sunday":{"open":"10:00","close":"15:00","isOpen":false}}
[2026-01-29T12:21:33.423Z] ✅ Clinic is open on friday from 09:00 to 17:00 
[2026-01-29T12:21:33.455Z] Blocked slots count: 
[2026-01-29T12:21:33.456Z] 🔵 Open time (UTC): "2026-01-30T14:00:00.000Z"
[2026-01-29T12:21:33.457Z] 🔵 Close time (UTC): "2026-01-30T22:00:00.000Z"
[2026-01-29T12:21:33.458Z] 🔵 Current time (UTC): "2026-01-29T12:21:33.458Z"
[2026-01-29T12:21:49.164Z] 🔵 Availability Request: {"clinicId":"c07c073a-ad9e-44fd-b1b7-0b82ac7ed194","serviceId":"bdd6033a-d623-4770-a2a4-f62177b3c3f3","providerId":"9eba50ad-ee80-4424-94b4-532bfdd265bb","date":"2026-01-30"}
[2026-01-29T12:21:49.165Z] 🔵 Using date: "2026-01-30"
[2026-01-29T12:21:49.214Z] 🔵 Clinic: "abc clinic"
[2026-01-29T12:21:49.217Z] 🔵 Using timezone: "America/New_York"
[2026-01-29T12:21:49.218Z] 🔵 Day of week: "friday"
[2026-01-29T12:21:49.220Z] 🔵 Business hours for friday: {"open":"09:00","close":"17:00","isOpen":true}
[2026-01-29T12:21:49.221Z] 🔵 All business hours: {"monday":{"open":"09:00","close":"17:00","isOpen":true},"tuesday":{"open":"09:00","close":"17:00","isOpen":true},"wednesday":{"open":"09:00","close":"17:00","isOpen":true},"thursday":{"open":"09:00","close":"17:00","isOpen":true},"friday":{"open":"09:00","close":"17:00","isOpen":true},"saturday":{"open":"10:00","close":"15:00","isOpen":true},"sunday":{"open":"10:00","close":"15:00","isOpen":false}}
[2026-01-29T12:21:49.222Z] ✅ Clinic is open on friday from 09:00 to 17:00 
[2026-01-29T12:21:49.245Z] Blocked slots count: 
[2026-01-29T12:21:49.246Z] 🔵 Open time (UTC): "2026-01-30T14:00:00.000Z"
[2026-01-29T12:21:49.246Z] 🔵 Close time (UTC): "2026-01-30T22:00:00.000Z"
[2026-01-29T12:21:49.247Z] 🔵 Current time (UTC): "2026-01-29T12:21:49.247Z"
[2026-01-29T12:22:10.075Z] 🔵 Availability Request: {"clinicId":"c07c073a-ad9e-44fd-b1b7-0b82ac7ed194","serviceId":"bdd6033a-d623-4770-a2a4-f62177b3c3f3","providerId":null,"date":"2026-01-29"}
[2026-01-29T12:22:10.075Z] 🔵 Using date: "2026-01-29"
[2026-01-29T12:22:10.161Z] 🔵 Clinic: "abc clinic"
[2026-01-29T12:22:10.165Z] 🔵 Using timezone: "America/New_York"
[2026-01-29T12:22:10.166Z] 🔵 Day of week: "thursday"
[2026-01-29T12:22:10.167Z] 🔵 Business hours for thursday: {"open":"09:00","close":"17:00","isOpen":true}
[2026-01-29T12:22:10.168Z] 🔵 All business hours: {"monday":{"open":"09:00","close":"17:00","isOpen":true},"tuesday":{"open":"09:00","close":"17:00","isOpen":true},"wednesday":{"open":"09:00","close":"17:00","isOpen":true},"thursday":{"open":"09:00","close":"17:00","isOpen":true},"friday":{"open":"09:00","close":"17:00","isOpen":true},"saturday":{"open":"10:00","close":"15:00","isOpen":true},"sunday":{"open":"10:00","close":"15:00","isOpen":false}}
[2026-01-29T12:22:10.168Z] ✅ Clinic is open on thursday from 09:00 to 17:00 
[2026-01-29T12:22:10.193Z] Blocked slots count: 
[2026-01-29T12:22:10.194Z] 🔵 Open time (UTC): "2026-01-29T14:00:00.000Z"
[2026-01-29T12:22:10.195Z] 🔵 Close time (UTC): "2026-01-29T22:00:00.000Z"
[2026-01-29T12:22:10.196Z] 🔵 Current time (UTC): "2026-01-29T12:22:10.196Z"
[2026-01-29T12:23:27.672Z] 🔵 Availability Request: {"clinicId":"c07c073a-ad9e-44fd-b1b7-0b82ac7ed194","serviceId":"bdd6033a-d623-4770-a2a4-f62177b3c3f3","providerId":"9eba50ad-ee80-4424-94b4-532bfdd265bb","date":"2026-01-30"}
[2026-01-29T12:23:27.673Z] 🔵 Using date: "2026-01-30"
[2026-01-29T12:23:27.683Z] 🔵 Clinic: "abc clinic"
[2026-01-29T12:23:27.686Z] 🔵 Using timezone: "America/New_York"
[2026-01-29T12:23:27.687Z] 🔵 Day of week: "friday"
[2026-01-29T12:23:27.687Z] 🔵 Business hours for friday: {"open":"09:00","close":"17:00","isOpen":true}
[2026-01-29T12:23:27.688Z] 🔵 All business hours: {"monday":{"open":"09:00","close":"17:00","isOpen":true},"tuesday":{"open":"09:00","close":"17:00","isOpen":true},"wednesday":{"open":"09:00","close":"17:00","isOpen":true},"thursday":{"open":"09:00","close":"17:00","isOpen":true},"friday":{"open":"09:00","close":"17:00","isOpen":true},"saturday":{"open":"10:00","close":"15:00","isOpen":true},"sunday":{"open":"10:00","close":"15:00","isOpen":false}}
[2026-01-29T12:23:27.689Z] ✅ Clinic is open on friday from 09:00 to 17:00 
[2026-01-29T12:23:27.708Z] Blocked slots count: 
[2026-01-29T12:23:27.709Z] 🔵 Open time (UTC): "2026-01-30T14:00:00.000Z"
[2026-01-29T12:23:27.710Z] 🔵 Close time (UTC): "2026-01-30T22:00:00.000Z"
[2026-01-29T12:23:27.710Z] 🔵 Current time (UTC): "2026-01-29T12:23:27.710Z"
[2026-01-29T12:23:48.635Z] 🔵 Availability Request: {"clinicId":"c07c073a-ad9e-44fd-b1b7-0b82ac7ed194","serviceId":"bdd6033a-d623-4770-a2a4-f62177b3c3f3","providerId":"9eba50ad-ee80-4424-94b4-532bfdd265bb","date":"2026-01-30"}
[2026-01-29T12:23:48.636Z] 🔵 Using date: "2026-01-30"
[2026-01-29T12:23:48.679Z] 🔵 Clinic: "abc clinic"
[2026-01-29T12:23:48.683Z] 🔵 Using timezone: "America/New_York"
[2026-01-29T12:23:48.683Z] 🔵 Day of week: "friday"
[2026-01-29T12:23:48.684Z] 🔵 Business hours for friday: {"open":"09:00","close":"17:00","isOpen":true}
[2026-01-29T12:23:48.684Z] 🔵 All business hours: {"monday":{"open":"09:00","close":"17:00","isOpen":true},"tuesday":{"open":"09:00","close":"17:00","isOpen":true},"wednesday":{"open":"09:00","close":"17:00","isOpen":true},"thursday":{"open":"09:00","close":"17:00","isOpen":true},"friday":{"open":"09:00","close":"17:00","isOpen":true},"saturday":{"open":"10:00","close":"15:00","isOpen":true},"sunday":{"open":"10:00","close":"15:00","isOpen":false}}
[2026-01-29T12:23:48.686Z] ✅ Clinic is open on friday from 09:00 to 17:00 
[2026-01-29T12:23:48.708Z] Blocked slots count: 
[2026-01-29T12:23:48.711Z] 🔵 Open time (UTC): "2026-01-30T14:00:00.000Z"
[2026-01-29T12:23:48.715Z] 🔵 Close time (UTC): "2026-01-30T22:00:00.000Z"
[2026-01-29T12:23:48.717Z] 🔵 Current time (UTC): "2026-01-29T12:23:48.717Z"
[2026-01-29T12:23:59.215Z] 🔵 Availability Request: {"clinicId":"c07c073a-ad9e-44fd-b1b7-0b82ac7ed194","serviceId":"bdd6033a-d623-4770-a2a4-f62177b3c3f3","providerId":"9eba50ad-ee80-4424-94b4-532bfdd265bb","date":"2026-01-30"}
[2026-01-29T12:23:59.216Z] 🔵 Using date: "2026-01-30"
[2026-01-29T12:23:59.252Z] 🔵 Clinic: "abc clinic"
[2026-01-29T12:23:59.255Z] 🔵 Using timezone: "America/New_York"
[2026-01-29T12:23:59.256Z] 🔵 Day of week: "friday"
[2026-01-29T12:23:59.257Z] 🔵 Business hours for friday: {"open":"09:00","close":"17:00","isOpen":true}
[2026-01-29T12:23:59.258Z] 🔵 All business hours: {"monday":{"open":"09:00","close":"17:00","isOpen":true},"tuesday":{"open":"09:00","close":"17:00","isOpen":true},"wednesday":{"open":"09:00","close":"17:00","isOpen":true},"thursday":{"open":"09:00","close":"17:00","isOpen":true},"friday":{"open":"09:00","close":"17:00","isOpen":true},"saturday":{"open":"10:00","close":"15:00","isOpen":true},"sunday":{"open":"10:00","close":"15:00","isOpen":false}}
[2026-01-29T12:23:59.258Z] ✅ Clinic is open on friday from 09:00 to 17:00 
[2026-01-29T12:23:59.281Z] Blocked slots count: 
[2026-01-29T12:23:59.282Z] 🔵 Open time (UTC): "2026-01-30T14:00:00.000Z"
[2026-01-29T12:23:59.282Z] 🔵 Close time (UTC): "2026-01-30T22:00:00.000Z"
[2026-01-29T12:23:59.284Z] 🔵 Current time (UTC): "2026-01-29T12:23:59.284Z"
[2026-01-29T12:28:35.577Z] 🔵 Availability Request: {"clinicId":"c07c073a-ad9e-44fd-b1b7-0b82ac7ed194","serviceId":"bdd6033a-d623-4770-a2a4-f62177b3c3f3","providerId":"9eba50ad-ee80-4424-94b4-532bfdd265bb","date":"2026-01-30"}
[2026-01-29T12:28:35.582Z] 🔵 Using date: "2026-01-30"
[2026-01-29T12:28:35.615Z] 🔵 Clinic: "abc clinic"
[2026-01-29T12:28:35.621Z] 🔵 Using timezone: "America/New_York"
[2026-01-29T12:28:35.630Z] 🔵 Day of week: "friday"
[2026-01-29T12:28:35.632Z] 🔵 Business hours for friday: {"open":"09:00","close":"17:00","isOpen":true}
[2026-01-29T12:28:35.638Z] 🔵 All business hours: {"monday":{"open":"09:00","close":"17:00","isOpen":true},"tuesday":{"open":"09:00","close":"17:00","isOpen":true},"wednesday":{"open":"09:00","close":"17:00","isOpen":true},"thursday":{"open":"09:00","close":"17:00","isOpen":true},"friday":{"open":"09:00","close":"17:00","isOpen":true},"saturday":{"open":"10:00","close":"15:00","isOpen":true},"sunday":{"open":"10:00","close":"15:00","isOpen":false}}
[2026-01-29T12:28:35.644Z] ✅ Clinic is open on friday from 09:00 to 17:00 
[2026-01-29T12:28:35.668Z] Blocked slots count: 
[2026-01-29T12:28:35.671Z] 🔵 Open time (UTC): "2026-01-30T14:00:00.000Z"
[2026-01-29T12:28:35.672Z] 🔵 Close time (UTC): "2026-01-30T22:00:00.000Z"
[2026-01-29T12:28:35.673Z] 🔵 Current time (UTC): "2026-01-29T12:28:35.673Z"
[2026-01-29T12:28:41.248Z] 🔵 Availability Request: {"clinicId":"c07c073a-ad9e-44fd-b1b7-0b82ac7ed194","serviceId":"bdd6033a-d623-4770-a2a4-f62177b3c3f3","providerId":"9eba50ad-ee80-4424-94b4-532bfdd265bb","date":"2026-01-30"}
[2026-01-29T12:28:41.251Z] 🔵 Using date: "2026-01-30"
[2026-01-29T12:28:41.269Z] 🔵 Clinic: "abc clinic"
[2026-01-29T12:28:41.273Z] 🔵 Using timezone: "America/New_York"
[2026-01-29T12:28:41.275Z] 🔵 Day of week: "friday"
[2026-01-29T12:28:41.275Z] 🔵 Business hours for friday: {"open":"09:00","close":"17:00","isOpen":true}
[2026-01-29T12:28:41.278Z] 🔵 All business hours: {"monday":{"open":"09:00","close":"17:00","isOpen":true},"tuesday":{"open":"09:00","close":"17:00","isOpen":true},"wednesday":{"open":"09:00","close":"17:00","isOpen":true},"thursday":{"open":"09:00","close":"17:00","isOpen":true},"friday":{"open":"09:00","close":"17:00","isOpen":true},"saturday":{"open":"10:00","close":"15:00","isOpen":true},"sunday":{"open":"10:00","close":"15:00","isOpen":false}}
[2026-01-29T12:28:41.280Z] ✅ Clinic is open on friday from 09:00 to 17:00 
[2026-01-29T12:28:41.292Z] Blocked slots count: 
[2026-01-29T12:28:41.295Z] 🔵 Open time (UTC): "2026-01-30T14:00:00.000Z"
[2026-01-29T12:28:41.296Z] 🔵 Close time (UTC): "2026-01-30T22:00:00.000Z"
[2026-01-29T12:28:41.298Z] 🔵 Current time (UTC): "2026-01-29T12:28:41.298Z"
[2026-01-29T12:30:04.727Z] 🔵 Availability Request: {"clinicId":"c07c073a-ad9e-44fd-b1b7-0b82ac7ed194","serviceId":"bdd6033a-d623-4770-a2a4-f62177b3c3f3","providerId":"9eba50ad-ee80-4424-94b4-532bfdd265bb","date":"2026-01-30"}
[2026-01-29T12:30:04.729Z] 🔵 Using date: "2026-01-30"
[2026-01-29T12:30:04.765Z] 🔵 Clinic: "abc clinic"
[2026-01-29T12:30:04.770Z] 🔵 Using timezone: "America/New_York"
[2026-01-29T12:30:04.771Z] 🔵 Day of week: "friday"
[2026-01-29T12:30:04.772Z] 🔵 Business hours for friday: {"open":"09:00","close":"17:00","isOpen":true}
[2026-01-29T12:30:04.773Z] 🔵 All business hours: {"monday":{"open":"09:00","close":"17:00","isOpen":true},"tuesday":{"open":"09:00","close":"17:00","isOpen":true},"wednesday":{"open":"09:00","close":"17:00","isOpen":true},"thursday":{"open":"09:00","close":"17:00","isOpen":true},"friday":{"open":"09:00","close":"17:00","isOpen":true},"saturday":{"open":"10:00","close":"15:00","isOpen":true},"sunday":{"open":"10:00","close":"15:00","isOpen":false}}
[2026-01-29T12:30:04.775Z] ✅ Clinic is open on friday from 09:00 to 17:00 
[2026-01-29T12:30:04.796Z] Blocked slots count: 
[2026-01-29T12:30:04.799Z] 🔵 Open time (UTC): "2026-01-30T14:00:00.000Z"
[2026-01-29T12:30:04.800Z] 🔵 Close time (UTC): "2026-01-30T22:00:00.000Z"
[2026-01-29T12:30:04.801Z] 🔵 Current time (UTC): "2026-01-29T12:30:04.801Z"
[2026-01-29T12:31:13.802Z] 🔵 Availability Request: {"clinicId":"c07c073a-ad9e-44fd-b1b7-0b82ac7ed194","serviceId":"bdd6033a-d623-4770-a2a4-f62177b3c3f3","providerId":"9eba50ad-ee80-4424-94b4-532bfdd265bb","date":"2026-01-30"}
[2026-01-29T12:31:13.804Z] 🔵 Using date: "2026-01-30"
[2026-01-29T12:31:13.852Z] 🔵 Clinic: "abc clinic"
[2026-01-29T12:31:13.856Z] 🔵 Using timezone: "America/New_York"
[2026-01-29T12:31:13.858Z] 🔵 Day of week: "friday"
[2026-01-29T12:31:13.860Z] 🔵 Business hours for friday: {"open":"09:00","close":"17:00","isOpen":true}
[2026-01-29T12:31:13.861Z] 🔵 All business hours: {"monday":{"open":"09:00","close":"17:00","isOpen":true},"tuesday":{"open":"09:00","close":"17:00","isOpen":true},"wednesday":{"open":"09:00","close":"17:00","isOpen":true},"thursday":{"open":"09:00","close":"17:00","isOpen":true},"friday":{"open":"09:00","close":"17:00","isOpen":true},"saturday":{"open":"10:00","close":"15:00","isOpen":true},"sunday":{"open":"10:00","close":"15:00","isOpen":false}}
[2026-01-29T12:31:13.863Z] ✅ Clinic is open on friday from 09:00 to 17:00 
[2026-01-29T12:31:13.886Z] Blocked slots count: 
[2026-01-29T12:31:13.888Z] 🔵 Open time (UTC): "2026-01-30T14:00:00.000Z"
[2026-01-29T12:31:13.889Z] 🔵 Close time (UTC): "2026-01-30T22:00:00.000Z"
[2026-01-29T12:31:13.891Z] 🔵 Current time (UTC): "2026-01-29T12:31:13.891Z"
[2026-01-30T08:38:08.480Z] 🔵 Availability Request: {"clinicId":"c07c073a-ad9e-44fd-b1b7-0b82ac7ed194","serviceId":"bdd6033a-d623-4770-a2a4-f62177b3c3f3","providerId":"9eba50ad-ee80-4424-94b4-532bfdd265bb","date":"2026-01-31"}
[2026-01-30T08:38:08.519Z] 🔵 Using date: "2026-01-31"
[2026-01-30T08:38:08.531Z] 🔵 Clinic: "abc clinic"
[2026-01-30T08:38:08.539Z] 🔵 Using timezone: "America/New_York"
[2026-01-30T08:38:08.546Z] 🔵 Day of week: "saturday"
[2026-01-30T08:38:08.557Z] 🔵 Business hours for saturday: {"open":"10:00","close":"15:00","isOpen":true}
[2026-01-30T08:38:08.562Z] 🔵 All business hours: {"monday":{"open":"09:00","close":"17:00","isOpen":true},"tuesday":{"open":"09:00","close":"17:00","isOpen":true},"wednesday":{"open":"09:00","close":"17:00","isOpen":true},"thursday":{"open":"09:00","close":"17:00","isOpen":true},"friday":{"open":"09:00","close":"17:00","isOpen":true},"saturday":{"open":"10:00","close":"15:00","isOpen":true},"sunday":{"open":"10:00","close":"15:00","isOpen":false}}
[2026-01-30T08:38:08.573Z] ✅ Clinic is open on saturday from 10:00 to 15:00 
[2026-01-30T08:38:08.620Z] Blocked slots count: 
[2026-01-30T08:38:08.658Z] 🔵 Open time (UTC): "2026-01-31T15:00:00.000Z"
[2026-01-30T08:38:08.668Z] 🔵 Close time (UTC): "2026-01-31T20:00:00.000Z"
[2026-01-30T08:38:08.675Z] 🔵 Current time (UTC): "2026-01-30T08:38:08.675Z"
[2026-02-04T11:04:47.683Z] 🔵 Availability Request: {"clinicId":"c07c073a-ad9e-44fd-b1b7-0b82ac7ed194","serviceId":"bdd6033a-d623-4770-a2a4-f62177b3c3f3","providerId":null,"date":"2026-02-04"}
[2026-02-04T11:04:47.952Z] 🔵 Using date: "2026-02-04"
[2026-02-04T11:04:47.972Z] 🔵 Clinic: "abc clinic"
[2026-02-04T11:04:47.976Z] 🔵 Using timezone: "America/New_York"
[2026-02-04T11:04:47.982Z] 🔵 Day of week: "wednesday"
[2026-02-04T11:04:47.983Z] 🔵 Business hours for wednesday: {"open":"09:00","close":"17:00","isOpen":true}
[2026-02-04T11:04:47.983Z] 🔵 All business hours: {"monday":{"open":"09:00","close":"17:00","isOpen":true},"tuesday":{"open":"09:00","close":"17:00","isOpen":true},"wednesday":{"open":"09:00","close":"17:00","isOpen":true},"thursday":{"open":"09:00","close":"17:00","isOpen":true},"friday":{"open":"09:00","close":"17:00","isOpen":true},"saturday":{"open":"10:00","close":"15:00","isOpen":true},"sunday":{"open":"10:00","close":"15:00","isOpen":false}}
[2026-02-04T11:04:47.984Z] ✅ Clinic is open on wednesday from 09:00 to 17:00 
[2026-02-04T11:04:48.003Z] Blocked slots count: 
[2026-02-04T11:04:48.004Z] 🔵 Open time (UTC): "2026-02-04T14:00:00.000Z"
[2026-02-04T11:04:48.006Z] 🔵 Close time (UTC): "2026-02-04T22:00:00.000Z"
[2026-02-04T11:04:48.006Z] 🔵 Current time (UTC): "2026-02-04T11:04:48.006Z"
[2026-02-04T11:06:20.698Z] 🔵 Availability Request: {"clinicId":"c07c073a-ad9e-44fd-b1b7-0b82ac7ed194","serviceId":"bdd6033a-d623-4770-a2a4-f62177b3c3f3","providerId":null,"date":"2026-02-04"}
[2026-02-04T11:06:20.698Z] 🔵 Using date: "2026-02-04"
[2026-02-04T11:06:20.812Z] 🔵 Clinic: "abc clinic"
[2026-02-04T11:06:20.816Z] 🔵 Using timezone: "America/New_York"
[2026-02-04T11:06:20.817Z] 🔵 Day of week: "wednesday"
[2026-02-04T11:06:20.817Z] 🔵 Business hours for wednesday: {"open":"09:00","close":"17:00","isOpen":true}
[2026-02-04T11:06:20.818Z] 🔵 All business hours: {"monday":{"open":"09:00","close":"17:00","isOpen":true},"tuesday":{"open":"09:00","close":"17:00","isOpen":true},"wednesday":{"open":"09:00","close":"17:00","isOpen":true},"thursday":{"open":"09:00","close":"17:00","isOpen":true},"friday":{"open":"09:00","close":"17:00","isOpen":true},"saturday":{"open":"10:00","close":"15:00","isOpen":true},"sunday":{"open":"10:00","close":"15:00","isOpen":false}}
[2026-02-04T11:06:20.818Z] ✅ Clinic is open on wednesday from 09:00 to 17:00 
[2026-02-04T11:06:20.945Z] Blocked slots count: 
[2026-02-04T11:06:20.946Z] 🔵 Open time (UTC): "2026-02-04T14:00:00.000Z"
[2026-02-04T11:06:20.947Z] 🔵 Close time (UTC): "2026-02-04T22:00:00.000Z"
[2026-02-04T11:06:20.948Z] 🔵 Current time (UTC): "2026-02-04T11:06:20.948Z"
[2026-02-04T11:07:34.283Z] 🔵 Availability Request: {"clinicId":"c07c073a-ad9e-44fd-b1b7-0b82ac7ed194","serviceId":"bdd6033a-d623-4770-a2a4-f62177b3c3f3","providerId":null,"date":"2026-02-04"}
[2026-02-04T11:07:34.284Z] 🔵 Using date: "2026-02-04"
[2026-02-04T11:07:34.290Z] 🔵 Clinic: "abc clinic"
[2026-02-04T11:07:34.293Z] 🔵 Using timezone: "America/New_York"
[2026-02-04T11:07:34.295Z] 🔵 Day of week: "wednesday"
[2026-02-04T11:07:34.295Z] 🔵 Business hours for wednesday: {"open":"09:00","close":"17:00","isOpen":true}
[2026-02-04T11:07:34.296Z] 🔵 All business hours: {"monday":{"open":"09:00","close":"17:00","isOpen":true},"tuesday":{"open":"09:00","close":"17:00","isOpen":true},"wednesday":{"open":"09:00","close":"17:00","isOpen":true},"thursday":{"open":"09:00","close":"17:00","isOpen":true},"friday":{"open":"09:00","close":"17:00","isOpen":true},"saturday":{"open":"10:00","close":"15:00","isOpen":true},"sunday":{"open":"10:00","close":"15:00","isOpen":false}}
[2026-02-04T11:07:34.297Z] ✅ Clinic is open on wednesday from 09:00 to 17:00 
[2026-02-04T11:07:34.311Z] Blocked slots count: 
[2026-02-04T11:07:34.311Z] 🔵 Open time (UTC): "2026-02-04T14:00:00.000Z"
[2026-02-04T11:07:34.312Z] 🔵 Close time (UTC): "2026-02-04T22:00:00.000Z"
[2026-02-04T11:07:34.312Z] 🔵 Current time (UTC): "2026-02-04T11:07:34.312Z"
[2026-02-04T11:08:42.027Z] 🔵 Availability Request: {"clinicId":"c07c073a-ad9e-44fd-b1b7-0b82ac7ed194","serviceId":"bdd6033a-d623-4770-a2a4-f62177b3c3f3","providerId":null,"date":"2026-02-04"}
[2026-02-04T11:08:42.028Z] 🔵 Using date: "2026-02-04"
[2026-02-04T11:08:42.033Z] 🔵 Clinic: "abc clinic"
[2026-02-04T11:08:42.037Z] 🔵 Using timezone: "America/New_York"
[2026-02-04T11:08:42.038Z] 🔵 Day of week: "wednesday"
[2026-02-04T11:08:42.039Z] 🔵 Business hours for wednesday: {"open":"09:00","close":"17:00","isOpen":true}
[2026-02-04T11:08:42.039Z] 🔵 All business hours: {"monday":{"open":"09:00","close":"17:00","isOpen":true},"tuesday":{"open":"09:00","close":"17:00","isOpen":true},"wednesday":{"open":"09:00","close":"17:00","isOpen":true},"thursday":{"open":"09:00","close":"17:00","isOpen":true},"friday":{"open":"09:00","close":"17:00","isOpen":true},"saturday":{"open":"10:00","close":"15:00","isOpen":true},"sunday":{"open":"10:00","close":"15:00","isOpen":false}}
[2026-02-04T11:08:42.039Z] ✅ Clinic is open on wednesday from 09:00 to 17:00 
[2026-02-04T11:08:42.056Z] Blocked slots count: 
[2026-02-04T11:08:42.057Z] 🔵 Open time (UTC): "2026-02-04T14:00:00.000Z"
[2026-02-04T11:08:42.057Z] 🔵 Close time (UTC): "2026-02-04T22:00:00.000Z"
[2026-02-04T11:08:42.057Z] 🔵 Current time (UTC): "2026-02-04T11:08:42.057Z"
[2026-02-04T11:47:55.463Z] 🔵 Availability Request: {"clinicId":"c07c073a-ad9e-44fd-b1b7-0b82ac7ed194","serviceId":"bdd6033a-d623-4770-a2a4-f62177b3c3f3","providerId":null,"date":"2026-02-04"}
[2026-02-04T11:47:55.467Z] 🔵 Using date: "2026-02-04"
[2026-02-04T11:47:55.482Z] 🔵 Clinic: "abc clinic"
[2026-02-04T11:47:55.487Z] 🔵 Using timezone: "America/New_York"
[2026-02-04T11:47:55.492Z] 🔵 Day of week: "wednesday"
[2026-02-04T11:47:55.493Z] 🔵 Business hours for wednesday: {"open":"09:00","close":"17:00","isOpen":true}
[2026-02-04T11:47:55.493Z] 🔵 All business hours: {"monday":{"open":"09:00","close":"17:00","isOpen":true},"tuesday":{"open":"09:00","close":"17:00","isOpen":true},"wednesday":{"open":"09:00","close":"17:00","isOpen":true},"thursday":{"open":"09:00","close":"17:00","isOpen":true},"friday":{"open":"09:00","close":"17:00","isOpen":true},"saturday":{"open":"10:00","close":"15:00","isOpen":true},"sunday":{"open":"10:00","close":"15:00","isOpen":false}}
[2026-02-04T11:47:55.494Z] ✅ Clinic is open on wednesday from 09:00 to 17:00 
[2026-02-04T11:47:55.512Z] Blocked slots count: 
[2026-02-04T11:47:55.515Z] 🔵 Open time (UTC): "2026-02-04T14:00:00.000Z"
[2026-02-04T11:47:55.516Z] 🔵 Close time (UTC): "2026-02-04T22:00:00.000Z"
[2026-02-04T11:47:55.516Z] 🔵 Current time (UTC): "2026-02-04T11:47:55.516Z"
[2026-02-05T04:36:12.784Z] 🔵 Availability Request: {"clinicId":"c07c073a-ad9e-44fd-b1b7-0b82ac7ed194","serviceId":"bdd6033a-d623-4770-a2a4-f62177b3c3f3","providerId":null,"date":"2026-02-05"}
[2026-02-05T04:36:12.785Z] 🔵 Using date: "2026-02-05"
[2026-02-05T04:36:12.802Z] 🔵 Clinic: "abc clinic"
[2026-02-05T04:36:12.813Z] 🔵 Using timezone: "America/New_York"
[2026-02-05T04:36:12.850Z] 🔵 Day of week: "thursday"
[2026-02-05T04:36:12.851Z] 🔵 Business hours for thursday: {"open":"09:00","close":"17:00","isOpen":true}
[2026-02-05T04:36:12.851Z] 🔵 All business hours: {"monday":{"open":"09:00","close":"17:00","isOpen":true},"tuesday":{"open":"09:00","close":"17:00","isOpen":true},"wednesday":{"open":"09:00","close":"17:00","isOpen":true},"thursday":{"open":"09:00","close":"17:00","isOpen":true},"friday":{"open":"09:00","close":"17:00","isOpen":true},"saturday":{"open":"10:00","close":"15:00","isOpen":true},"sunday":{"open":"10:00","close":"15:00","isOpen":false}}
[2026-02-05T04:36:12.861Z] ✅ Clinic is open on thursday from 09:00 to 17:00 
[2026-02-05T04:36:12.914Z] Blocked slots count: 
[2026-02-05T04:36:12.916Z] 🔵 Open time (UTC): "2026-02-05T14:00:00.000Z"
[2026-02-05T04:36:12.917Z] 🔵 Close time (UTC): "2026-02-05T22:00:00.000Z"
[2026-02-05T04:36:12.917Z] 🔵 Current time (UTC): "2026-02-05T04:36:12.917Z"
[2026-02-05T04:37:13.271Z] 🔵 Availability Request: {"clinicId":"c07c073a-ad9e-44fd-b1b7-0b82ac7ed194","serviceId":"bdd6033a-d623-4770-a2a4-f62177b3c3f3","providerId":null,"date":"2026-02-05"}
[2026-02-05T04:37:13.276Z] 🔵 Using date: "2026-02-05"
[2026-02-05T04:37:13.288Z] 🔵 Clinic: "abc clinic"
[2026-02-05T04:37:13.291Z] 🔵 Using timezone: "America/New_York"
[2026-02-05T04:37:13.293Z] 🔵 Day of week: "thursday"
[2026-02-05T04:37:13.294Z] 🔵 Business hours for thursday: {"open":"09:00","close":"17:00","isOpen":true}
[2026-02-05T04:37:13.295Z] 🔵 All business hours: {"monday":{"open":"09:00","close":"17:00","isOpen":true},"tuesday":{"open":"09:00","close":"17:00","isOpen":true},"wednesday":{"open":"09:00","close":"17:00","isOpen":true},"thursday":{"open":"09:00","close":"17:00","isOpen":true},"friday":{"open":"09:00","close":"17:00","isOpen":true},"saturday":{"open":"10:00","close":"15:00","isOpen":true},"sunday":{"open":"10:00","close":"15:00","isOpen":false}}
[2026-02-05T04:37:13.296Z] ✅ Clinic is open on thursday from 09:00 to 17:00 
[2026-02-05T04:37:13.315Z] Blocked slots count: 
[2026-02-05T04:37:13.316Z] 🔵 Open time (UTC): "2026-02-05T14:00:00.000Z"
[2026-02-05T04:37:13.316Z] 🔵 Close time (UTC): "2026-02-05T22:00:00.000Z"
[2026-02-05T04:37:13.317Z] 🔵 Current time (UTC): "2026-02-05T04:37:13.317Z"
[2026-02-05T04:39:53.146Z] 🔵 Availability Request: {"clinicId":"c07c073a-ad9e-44fd-b1b7-0b82ac7ed194","serviceId":"bdd6033a-d623-4770-a2a4-f62177b3c3f3","providerId":null,"date":"2026-02-05"}
[2026-02-05T04:39:53.148Z] 🔵 Using date: "2026-02-05"
[2026-02-05T04:39:53.159Z] 🔵 Clinic: "abc clinic"
[2026-02-05T04:39:53.166Z] 🔵 Using timezone: "America/New_York"
[2026-02-05T04:39:53.168Z] 🔵 Day of week: "thursday"
[2026-02-05T04:39:53.169Z] 🔵 Business hours for thursday: {"open":"09:00","close":"17:00","isOpen":true}
[2026-02-05T04:39:53.172Z] 🔵 All business hours: {"monday":{"open":"09:00","close":"17:00","isOpen":true},"tuesday":{"open":"09:00","close":"17:00","isOpen":true},"wednesday":{"open":"09:00","close":"17:00","isOpen":true},"thursday":{"open":"09:00","close":"17:00","isOpen":true},"friday":{"open":"09:00","close":"17:00","isOpen":true},"saturday":{"open":"10:00","close":"15:00","isOpen":true},"sunday":{"open":"10:00","close":"15:00","isOpen":false}}
[2026-02-05T04:39:53.173Z] ✅ Clinic is open on thursday from 09:00 to 17:00 
[2026-02-05T04:39:53.195Z] Blocked slots count: 
[2026-02-05T04:39:53.197Z] 🔵 Open time (UTC): "2026-02-05T14:00:00.000Z"
[2026-02-05T04:39:53.198Z] 🔵 Close time (UTC): "2026-02-05T22:00:00.000Z"
[2026-02-05T04:39:53.198Z] 🔵 Current time (UTC): "2026-02-05T04:39:53.198Z"
[2026-02-05T04:40:57.616Z] 🔵 Availability Request: {"clinicId":"c07c073a-ad9e-44fd-b1b7-0b82ac7ed194","serviceId":"bdd6033a-d623-4770-a2a4-f62177b3c3f3","providerId":null,"date":"2026-02-05"}
[2026-02-05T04:40:57.617Z] 🔵 Using date: "2026-02-05"
[2026-02-05T04:40:57.628Z] 🔵 Clinic: "abc clinic"
[2026-02-05T04:40:57.631Z] 🔵 Using timezone: "America/New_York"
[2026-02-05T04:40:57.632Z] 🔵 Day of week: "thursday"
[2026-02-05T04:40:57.632Z] 🔵 Business hours for thursday: {"open":"09:00","close":"17:00","isOpen":true}
[2026-02-05T04:40:57.633Z] 🔵 All business hours: {"monday":{"open":"09:00","close":"17:00","isOpen":true},"tuesday":{"open":"09:00","close":"17:00","isOpen":true},"wednesday":{"open":"09:00","close":"17:00","isOpen":true},"thursday":{"open":"09:00","close":"17:00","isOpen":true},"friday":{"open":"09:00","close":"17:00","isOpen":true},"saturday":{"open":"10:00","close":"15:00","isOpen":true},"sunday":{"open":"10:00","close":"15:00","isOpen":false}}
[2026-02-05T04:40:57.633Z] ✅ Clinic is open on thursday from 09:00 to 17:00 
[2026-02-05T04:40:57.672Z] Blocked slots count: 
[2026-02-05T04:40:57.673Z] 🔵 Open time (UTC): "2026-02-05T14:00:00.000Z"
[2026-02-05T04:40:57.674Z] 🔵 Close time (UTC): "2026-02-05T22:00:00.000Z"
[2026-02-05T04:40:57.674Z] 🔵 Current time (UTC): "2026-02-05T04:40:57.674Z"
[2026-02-05T04:41:45.934Z] 🔵 Availability Request: {"clinicId":"c07c073a-ad9e-44fd-b1b7-0b82ac7ed194","serviceId":"bdd6033a-d623-4770-a2a4-f62177b3c3f3","providerId":null,"date":"2026-02-05"}
[2026-02-05T04:41:45.937Z] 🔵 Using date: "2026-02-05"
[2026-02-05T04:41:45.948Z] 🔵 Clinic: "abc clinic"
[2026-02-05T04:41:45.952Z] 🔵 Using timezone: "America/New_York"
[2026-02-05T04:41:45.953Z] 🔵 Day of week: "thursday"
[2026-02-05T04:41:45.954Z] 🔵 Business hours for thursday: {"open":"09:00","close":"17:00","isOpen":true}
[2026-02-05T04:41:45.954Z] 🔵 All business hours: {"monday":{"open":"09:00","close":"17:00","isOpen":true},"tuesday":{"open":"09:00","close":"17:00","isOpen":true},"wednesday":{"open":"09:00","close":"17:00","isOpen":true},"thursday":{"open":"09:00","close":"17:00","isOpen":true},"friday":{"open":"09:00","close":"17:00","isOpen":true},"saturday":{"open":"10:00","close":"15:00","isOpen":true},"sunday":{"open":"10:00","close":"15:00","isOpen":false}}
[2026-02-05T04:41:45.955Z] ✅ Clinic is open on thursday from 09:00 to 17:00 
[2026-02-05T04:41:45.979Z] Blocked slots count: 
[2026-02-05T04:41:45.980Z] 🔵 Open time (UTC): "2026-02-05T14:00:00.000Z"
[2026-02-05T04:41:45.981Z] 🔵 Close time (UTC): "2026-02-05T22:00:00.000Z"
[2026-02-05T04:41:45.981Z] 🔵 Current time (UTC): "2026-02-05T04:41:45.981Z"
[2026-02-05T04:42:09.538Z] 🔵 Availability Request: {"clinicId":"c07c073a-ad9e-44fd-b1b7-0b82ac7ed194","serviceId":"bdd6033a-d623-4770-a2a4-f62177b3c3f3","providerId":null,"date":"2026-02-06"}
[2026-02-05T04:42:09.539Z] 🔵 Using date: "2026-02-06"
[2026-02-05T04:42:09.618Z] 🔵 Clinic: "abc clinic"
[2026-02-05T04:42:09.622Z] 🔵 Using timezone: "America/New_York"
[2026-02-05T04:42:09.622Z] 🔵 Day of week: "friday"
[2026-02-05T04:42:09.623Z] 🔵 Business hours for friday: {"open":"09:00","close":"17:00","isOpen":true}
[2026-02-05T04:42:09.624Z] 🔵 All business hours: {"monday":{"open":"09:00","close":"17:00","isOpen":true},"tuesday":{"open":"09:00","close":"17:00","isOpen":true},"wednesday":{"open":"09:00","close":"17:00","isOpen":true},"thursday":{"open":"09:00","close":"17:00","isOpen":true},"friday":{"open":"09:00","close":"17:00","isOpen":true},"saturday":{"open":"10:00","close":"15:00","isOpen":true},"sunday":{"open":"10:00","close":"15:00","isOpen":false}}
[2026-02-05T04:42:09.625Z] ✅ Clinic is open on friday from 09:00 to 17:00 
[2026-02-05T04:42:09.647Z] Blocked slots count: 
[2026-02-05T04:42:09.648Z] 🔵 Open time (UTC): "2026-02-06T14:00:00.000Z"
[2026-02-05T04:42:09.649Z] 🔵 Close time (UTC): "2026-02-06T22:00:00.000Z"
[2026-02-05T04:42:09.649Z] 🔵 Current time (UTC): "2026-02-05T04:42:09.649Z"
[2026-02-05T04:42:55.059Z] 🔵 Availability Request: {"clinicId":"c07c073a-ad9e-44fd-b1b7-0b82ac7ed194","serviceId":"bdd6033a-d623-4770-a2a4-f62177b3c3f3","providerId":null,"date":"2026-02-06"}
[2026-02-05T04:42:55.061Z] 🔵 Using date: "2026-02-06"
[2026-02-05T04:42:55.285Z] 🔵 Clinic: "abc clinic"
[2026-02-05T04:42:55.289Z] 🔵 Using timezone: "America/New_York"
[2026-02-05T04:42:55.293Z] 🔵 Day of week: "friday"
[2026-02-05T04:42:55.294Z] 🔵 Business hours for friday: {"open":"09:00","close":"17:00","isOpen":true}
[2026-02-05T04:42:55.294Z] 🔵 All business hours: {"monday":{"open":"09:00","close":"17:00","isOpen":true},"tuesday":{"open":"09:00","close":"17:00","isOpen":true},"wednesday":{"open":"09:00","close":"17:00","isOpen":true},"thursday":{"open":"09:00","close":"17:00","isOpen":true},"friday":{"open":"09:00","close":"17:00","isOpen":true},"saturday":{"open":"10:00","close":"15:00","isOpen":true},"sunday":{"open":"10:00","close":"15:00","isOpen":false}}
[2026-02-05T04:42:55.295Z] ✅ Clinic is open on friday from 09:00 to 17:00 
[2026-02-05T04:42:55.321Z] Blocked slots count: 
[2026-02-05T04:42:55.332Z] 🔵 Open time (UTC): "2026-02-06T14:00:00.000Z"
[2026-02-05T04:42:55.333Z] 🔵 Close time (UTC): "2026-02-06T22:00:00.000Z"
[2026-02-05T04:42:55.336Z] 🔵 Current time (UTC): "2026-02-05T04:42:55.336Z"
[2026-02-05T04:43:48.340Z] 🔵 Availability Request: {"clinicId":"c07c073a-ad9e-44fd-b1b7-0b82ac7ed194","serviceId":"bdd6033a-d623-4770-a2a4-f62177b3c3f3","providerId":null,"date":"2026-02-05"}
[2026-02-05T04:43:48.347Z] 🔵 Using date: "2026-02-05"
[2026-02-05T04:43:48.361Z] 🔵 Clinic: "abc clinic"
[2026-02-05T04:43:48.364Z] 🔵 Using timezone: "America/New_York"
[2026-02-05T04:43:48.366Z] 🔵 Day of week: "thursday"
[2026-02-05T04:43:48.366Z] 🔵 Business hours for thursday: {"open":"09:00","close":"17:00","isOpen":true}
[2026-02-05T04:43:48.367Z] 🔵 All business hours: {"monday":{"open":"09:00","close":"17:00","isOpen":true},"tuesday":{"open":"09:00","close":"17:00","isOpen":true},"wednesday":{"open":"09:00","close":"17:00","isOpen":true},"thursday":{"open":"09:00","close":"17:00","isOpen":true},"friday":{"open":"09:00","close":"17:00","isOpen":true},"saturday":{"open":"10:00","close":"15:00","isOpen":true},"sunday":{"open":"10:00","close":"15:00","isOpen":false}}
[2026-02-05T04:43:48.367Z] ✅ Clinic is open on thursday from 09:00 to 17:00 
[2026-02-05T04:43:48.383Z] Blocked slots count: 
[2026-02-05T04:43:48.384Z] 🔵 Open time (UTC): "2026-02-05T14:00:00.000Z"
[2026-02-05T04:43:48.385Z] 🔵 Close time (UTC): "2026-02-05T22:00:00.000Z"
[2026-02-05T04:43:48.386Z] 🔵 Current time (UTC): "2026-02-05T04:43:48.385Z"
[2026-02-05T04:45:24.472Z] 🔵 Availability Request: {"clinicId":"c07c073a-ad9e-44fd-b1b7-0b82ac7ed194","serviceId":"bdd6033a-d623-4770-a2a4-f62177b3c3f3","providerId":null,"date":"2026-02-05"}
[2026-02-05T04:45:24.473Z] 🔵 Using date: "2026-02-05"
[2026-02-05T04:45:24.548Z] 🔵 Clinic: "abc clinic"
[2026-02-05T04:45:24.552Z] 🔵 Using timezone: "America/New_York"
[2026-02-05T04:45:24.553Z] 🔵 Day of week: "thursday"
[2026-02-05T04:45:24.553Z] 🔵 Business hours for thursday: {"open":"09:00","close":"17:00","isOpen":true}
[2026-02-05T04:45:24.554Z] 🔵 All business hours: {"monday":{"open":"09:00","close":"17:00","isOpen":true},"tuesday":{"open":"09:00","close":"17:00","isOpen":true},"wednesday":{"open":"09:00","close":"17:00","isOpen":true},"thursday":{"open":"09:00","close":"17:00","isOpen":true},"friday":{"open":"09:00","close":"17:00","isOpen":true},"saturday":{"open":"10:00","close":"15:00","isOpen":true},"sunday":{"open":"10:00","close":"15:00","isOpen":false}}
[2026-02-05T04:45:24.554Z] ✅ Clinic is open on thursday from 09:00 to 17:00 
[2026-02-05T04:45:24.591Z] Blocked slots count: 
[2026-02-05T04:45:24.592Z] 🔵 Open time (UTC): "2026-02-05T14:00:00.000Z"
[2026-02-05T04:45:24.592Z] 🔵 Close time (UTC): "2026-02-05T22:00:00.000Z"
[2026-02-05T04:45:24.593Z] 🔵 Current time (UTC): "2026-02-05T04:45:24.593Z"
[2026-02-05T04:46:01.869Z] 🔵 Availability Request: {"clinicId":"c07c073a-ad9e-44fd-b1b7-0b82ac7ed194","serviceId":"bdd6033a-d623-4770-a2a4-f62177b3c3f3","providerId":null,"date":"2026-02-05"}
[2026-02-05T04:46:01.873Z] 🔵 Using date: "2026-02-05"
[2026-02-05T04:46:01.891Z] 🔵 Clinic: "abc clinic"
[2026-02-05T04:46:01.895Z] 🔵 Using timezone: "America/New_York"
[2026-02-05T04:46:01.896Z] 🔵 Day of week: "thursday"
[2026-02-05T04:46:01.897Z] 🔵 Business hours for thursday: {"open":"09:00","close":"17:00","isOpen":true}
[2026-02-05T04:46:01.898Z] 🔵 All business hours: {"monday":{"open":"09:00","close":"17:00","isOpen":true},"tuesday":{"open":"09:00","close":"17:00","isOpen":true},"wednesday":{"open":"09:00","close":"17:00","isOpen":true},"thursday":{"open":"09:00","close":"17:00","isOpen":true},"friday":{"open":"09:00","close":"17:00","isOpen":true},"saturday":{"open":"10:00","close":"15:00","isOpen":true},"sunday":{"open":"10:00","close":"15:00","isOpen":false}}
[2026-02-05T04:46:01.901Z] ✅ Clinic is open on thursday from 09:00 to 17:00 
[2026-02-05T04:46:01.922Z] Blocked slots count: 
[2026-02-05T04:46:01.923Z] 🔵 Open time (UTC): "2026-02-05T14:00:00.000Z"
[2026-02-05T04:46:01.924Z] 🔵 Close time (UTC): "2026-02-05T22:00:00.000Z"
[2026-02-05T04:46:01.926Z] 🔵 Current time (UTC): "2026-02-05T04:46:01.926Z"
[2026-02-05T04:49:00.751Z] 🔵 Availability Request: {"clinicId":"c07c073a-ad9e-44fd-b1b7-0b82ac7ed194","serviceId":"bdd6033a-d623-4770-a2a4-f62177b3c3f3","providerId":null,"date":"2026-02-05"}
[2026-02-05T04:49:00.752Z] 🔵 Using date: "2026-02-05"
[2026-02-05T04:49:00.769Z] 🔵 Clinic: "abc clinic"
[2026-02-05T04:49:00.773Z] 🔵 Using timezone: "America/New_York"
[2026-02-05T04:49:00.780Z] 🔵 Day of week: "thursday"
[2026-02-05T04:49:00.781Z] 🔵 Business hours for thursday: {"open":"09:00","close":"17:00","isOpen":true}
[2026-02-05T04:49:00.781Z] 🔵 All business hours: {"monday":{"open":"09:00","close":"17:00","isOpen":true},"tuesday":{"open":"09:00","close":"17:00","isOpen":true},"wednesday":{"open":"09:00","close":"17:00","isOpen":true},"thursday":{"open":"09:00","close":"17:00","isOpen":true},"friday":{"open":"09:00","close":"17:00","isOpen":true},"saturday":{"open":"10:00","close":"15:00","isOpen":true},"sunday":{"open":"10:00","close":"15:00","isOpen":false}}
[2026-02-05T04:49:00.782Z] ✅ Clinic is open on thursday from 09:00 to 17:00 
[2026-02-05T04:49:00.807Z] Blocked slots count: 
[2026-02-05T04:49:00.808Z] 🔵 Open time (UTC): "2026-02-05T14:00:00.000Z"
[2026-02-05T04:49:00.809Z] 🔵 Close time (UTC): "2026-02-05T22:00:00.000Z"
[2026-02-05T04:49:00.810Z] 🔵 Current time (UTC): "2026-02-05T04:49:00.810Z"
[2026-02-05T04:56:36.122Z] 🔵 Availability Request: {"clinicId":"c07c073a-ad9e-44fd-b1b7-0b82ac7ed194","serviceId":"bdd6033a-d623-4770-a2a4-f62177b3c3f3","providerId":null,"date":"2026-02-05"}
[2026-02-05T04:56:36.125Z] 🔵 Using date: "2026-02-05"
[2026-02-05T04:56:36.146Z] 🔵 Clinic: "abc clinic"
[2026-02-05T04:56:36.160Z] 🔵 Using timezone: "America/New_York"
[2026-02-05T04:56:36.166Z] 🔵 Day of week: "thursday"
[2026-02-05T04:56:36.167Z] 🔵 Business hours for thursday: {"open":"09:00","close":"17:00","isOpen":true}
[2026-02-05T04:56:36.167Z] 🔵 All business hours: {"monday":{"open":"09:00","close":"17:00","isOpen":true},"tuesday":{"open":"09:00","close":"17:00","isOpen":true},"wednesday":{"open":"09:00","close":"17:00","isOpen":true},"thursday":{"open":"09:00","close":"17:00","isOpen":true},"friday":{"open":"09:00","close":"17:00","isOpen":true},"saturday":{"open":"10:00","close":"15:00","isOpen":true},"sunday":{"open":"10:00","close":"15:00","isOpen":false}}
[2026-02-05T04:56:36.169Z] ✅ Clinic is open on thursday from 09:00 to 17:00 
[2026-02-05T04:56:36.220Z] Blocked slots count: 
[2026-02-05T04:56:36.224Z] 🔵 Open time (UTC): "2026-02-05T14:00:00.000Z"
[2026-02-05T04:56:36.233Z] 🔵 Close time (UTC): "2026-02-05T22:00:00.000Z"
[2026-02-05T04:56:36.233Z] 🔵 Current time (UTC): "2026-02-05T04:56:36.233Z"
[2026-02-05T04:57:57.484Z] 🔵 Availability Request: {"clinicId":"c07c073a-ad9e-44fd-b1b7-0b82ac7ed194","serviceId":"bdd6033a-d623-4770-a2a4-f62177b3c3f3","providerId":null,"date":"2026-02-05"}
[2026-02-05T04:57:57.485Z] 🔵 Using date: "2026-02-05"
[2026-02-05T04:57:57.496Z] 🔵 Clinic: "abc clinic"
[2026-02-05T04:57:57.521Z] 🔵 Using timezone: "America/New_York"
[2026-02-05T04:57:57.525Z] 🔵 Day of week: "thursday"
[2026-02-05T04:57:57.525Z] 🔵 Business hours for thursday: {"open":"09:00","close":"17:00","isOpen":true}
[2026-02-05T04:57:57.526Z] 🔵 All business hours: {"monday":{"open":"09:00","close":"17:00","isOpen":true},"tuesday":{"open":"09:00","close":"17:00","isOpen":true},"wednesday":{"open":"09:00","close":"17:00","isOpen":true},"thursday":{"open":"09:00","close":"17:00","isOpen":true},"friday":{"open":"09:00","close":"17:00","isOpen":true},"saturday":{"open":"10:00","close":"15:00","isOpen":true},"sunday":{"open":"10:00","close":"15:00","isOpen":false}}
[2026-02-05T04:57:57.527Z] ✅ Clinic is open on thursday from 09:00 to 17:00 
[2026-02-05T04:57:57.584Z] Blocked slots count: 
[2026-02-05T04:57:57.585Z] 🔵 Open time (UTC): "2026-02-05T14:00:00.000Z"
[2026-02-05T04:57:57.585Z] 🔵 Close time (UTC): "2026-02-05T22:00:00.000Z"
[2026-02-05T04:57:57.586Z] 🔵 Current time (UTC): "2026-02-05T04:57:57.586Z"
[2026-02-05T05:00:55.580Z] 🔵 Availability Request: {"clinicId":"c07c073a-ad9e-44fd-b1b7-0b82ac7ed194","serviceId":"bdd6033a-d623-4770-a2a4-f62177b3c3f3","providerId":null,"date":"2026-02-05"}
[2026-02-05T05:00:55.580Z] 🔵 Using date: "2026-02-05"
[2026-02-05T05:00:55.591Z] 🔵 Clinic: "abc clinic"
[2026-02-05T05:00:55.595Z] 🔵 Using timezone: "America/New_York"
[2026-02-05T05:00:55.597Z] 🔵 Day of week: "thursday"
[2026-02-05T05:00:55.597Z] 🔵 Business hours for thursday: {"open":"09:00","close":"17:00","isOpen":true}
[2026-02-05T05:00:55.598Z] 🔵 All business hours: {"monday":{"open":"09:00","close":"17:00","isOpen":true},"tuesday":{"open":"09:00","close":"17:00","isOpen":true},"wednesday":{"open":"09:00","close":"17:00","isOpen":true},"thursday":{"open":"09:00","close":"17:00","isOpen":true},"friday":{"open":"09:00","close":"17:00","isOpen":true},"saturday":{"open":"10:00","close":"15:00","isOpen":true},"sunday":{"open":"10:00","close":"15:00","isOpen":false}}
[2026-02-05T05:00:55.600Z] ✅ Clinic is open on thursday from 09:00 to 17:00 
[2026-02-05T05:00:55.624Z] Blocked slots count: 
[2026-02-05T05:00:55.625Z] 🔵 Open time (UTC): "2026-02-05T14:00:00.000Z"
[2026-02-05T05:00:55.625Z] 🔵 Close time (UTC): "2026-02-05T22:00:00.000Z"
[2026-02-05T05:00:55.626Z] 🔵 Current time (UTC): "2026-02-05T05:00:55.626Z"
[2026-02-05T05:04:51.699Z] 🔵 Availability Request: {"clinicId":"c07c073a-ad9e-44fd-b1b7-0b82ac7ed194","serviceId":"bdd6033a-d623-4770-a2a4-f62177b3c3f3","providerId":null,"date":"2026-02-05"}
[2026-02-05T05:04:51.700Z] 🔵 Using date: "2026-02-05"
[2026-02-05T05:04:51.767Z] 🔵 Clinic: "abc clinic"
[2026-02-05T05:04:51.781Z] 🔵 Using timezone: "America/New_York"
[2026-02-05T05:04:51.790Z] 🔵 Day of week: "thursday"
[2026-02-05T05:04:51.792Z] 🔵 Business hours for thursday: {"open":"09:00","close":"17:00","isOpen":true}
[2026-02-05T05:04:51.793Z] 🔵 All business hours: {"monday":{"open":"09:00","close":"17:00","isOpen":true},"tuesday":{"open":"09:00","close":"17:00","isOpen":true},"wednesday":{"open":"09:00","close":"17:00","isOpen":true},"thursday":{"open":"09:00","close":"17:00","isOpen":true},"friday":{"open":"09:00","close":"17:00","isOpen":true},"saturday":{"open":"10:00","close":"15:00","isOpen":true},"sunday":{"open":"10:00","close":"15:00","isOpen":false}}
[2026-02-05T05:04:51.794Z] ✅ Clinic is open on thursday from 09:00 to 17:00 
[2026-02-05T05:04:51.832Z] Blocked slots count: 
[2026-02-05T05:04:51.834Z] 🔵 Open time (UTC): "2026-02-05T14:00:00.000Z"
[2026-02-05T05:04:51.835Z] 🔵 Close time (UTC): "2026-02-05T22:00:00.000Z"
[2026-02-05T05:04:51.835Z] 🔵 Current time (UTC): "2026-02-05T05:04:51.835Z"
[2026-02-05T05:04:55.005Z] 🔵 Availability Request: {"clinicId":"c07c073a-ad9e-44fd-b1b7-0b82ac7ed194","serviceId":"bdd6033a-d623-4770-a2a4-f62177b3c3f3","providerId":null,"date":"2026-02-05"}
[2026-02-05T05:04:55.007Z] 🔵 Using date: "2026-02-05"
[2026-02-05T05:04:55.022Z] 🔵 Clinic: "abc clinic"
[2026-02-05T05:04:55.036Z] 🔵 Using timezone: "America/New_York"
[2026-02-05T05:04:55.037Z] 🔵 Day of week: "thursday"
[2026-02-05T05:04:55.038Z] 🔵 Business hours for thursday: {"open":"09:00","close":"17:00","isOpen":true}
[2026-02-05T05:04:55.039Z] 🔵 All business hours: {"monday":{"open":"09:00","close":"17:00","isOpen":true},"tuesday":{"open":"09:00","close":"17:00","isOpen":true},"wednesday":{"open":"09:00","close":"17:00","isOpen":true},"thursday":{"open":"09:00","close":"17:00","isOpen":true},"friday":{"open":"09:00","close":"17:00","isOpen":true},"saturday":{"open":"10:00","close":"15:00","isOpen":true},"sunday":{"open":"10:00","close":"15:00","isOpen":false}}
[2026-02-05T05:04:55.039Z] ✅ Clinic is open on thursday from 09:00 to 17:00 
[2026-02-05T05:04:55.052Z] Blocked slots count: 
[2026-02-05T05:04:55.053Z] 🔵 Open time (UTC): "2026-02-05T14:00:00.000Z"
[2026-02-05T05:04:55.053Z] 🔵 Close time (UTC): "2026-02-05T22:00:00.000Z"
[2026-02-05T05:04:55.054Z] 🔵 Current time (UTC): "2026-02-05T05:04:55.054Z"
[2026-02-05T05:04:55.072Z] 🔵 Availability Request: {"clinicId":"c07c073a-ad9e-44fd-b1b7-0b82ac7ed194","serviceId":"bdd6033a-d623-4770-a2a4-f62177b3c3f3","providerId":null,"date":"2026-02-05"}
[2026-02-05T05:04:55.073Z] 🔵 Using date: "2026-02-05"
[2026-02-05T05:04:55.082Z] 🔵 Clinic: "abc clinic"
[2026-02-05T05:04:55.118Z] 🔵 Using timezone: "America/New_York"
[2026-02-05T05:04:55.119Z] 🔵 Day of week: "thursday"
[2026-02-05T05:04:55.120Z] 🔵 Business hours for thursday: {"open":"09:00","close":"17:00","isOpen":true}
[2026-02-05T05:04:55.120Z] 🔵 All business hours: {"monday":{"open":"09:00","close":"17:00","isOpen":true},"tuesday":{"open":"09:00","close":"17:00","isOpen":true},"wednesday":{"open":"09:00","close":"17:00","isOpen":true},"thursday":{"open":"09:00","close":"17:00","isOpen":true},"friday":{"open":"09:00","close":"17:00","isOpen":true},"saturday":{"open":"10:00","close":"15:00","isOpen":true},"sunday":{"open":"10:00","close":"15:00","isOpen":false}}
[2026-02-05T05:04:55.121Z] ✅ Clinic is open on thursday from 09:00 to 17:00 
[2026-02-05T05:04:55.139Z] Blocked slots count: 
[2026-02-05T05:04:55.141Z] 🔵 Open time (UTC): "2026-02-05T14:00:00.000Z"
[2026-02-05T05:04:55.145Z] 🔵 Close time (UTC): "2026-02-05T22:00:00.000Z"
[2026-02-05T05:04:55.148Z] 🔵 Current time (UTC): "2026-02-05T05:04:55.148Z"
[2026-02-05T05:05:05.027Z] 🔵 Availability Request: {"clinicId":"c07c073a-ad9e-44fd-b1b7-0b82ac7ed194","serviceId":"bdd6033a-d623-4770-a2a4-f62177b3c3f3","providerId":null,"date":"2026-02-05"}
[2026-02-05T05:05:05.030Z] 🔵 Using date: "2026-02-05"
[2026-02-05T05:05:05.047Z] 🔵 Clinic: "abc clinic"
[2026-02-05T05:05:05.054Z] 🔵 Using timezone: "America/New_York"
[2026-02-05T05:05:05.055Z] 🔵 Day of week: "thursday"
[2026-02-05T05:05:05.057Z] 🔵 Business hours for thursday: {"open":"09:00","close":"17:00","isOpen":true}
[2026-02-05T05:05:05.059Z] 🔵 All business hours: {"monday":{"open":"09:00","close":"17:00","isOpen":true},"tuesday":{"open":"09:00","close":"17:00","isOpen":true},"wednesday":{"open":"09:00","close":"17:00","isOpen":true},"thursday":{"open":"09:00","close":"17:00","isOpen":true},"friday":{"open":"09:00","close":"17:00","isOpen":true},"saturday":{"open":"10:00","close":"15:00","isOpen":true},"sunday":{"open":"10:00","close":"15:00","isOpen":false}}
[2026-02-05T05:05:05.060Z] ✅ Clinic is open on thursday from 09:00 to 17:00 
[2026-02-05T05:05:05.099Z] Blocked slots count: 
[2026-02-05T05:05:05.100Z] 🔵 Open time (UTC): "2026-02-05T14:00:00.000Z"
[2026-02-05T05:05:05.100Z] 🔵 Close time (UTC): "2026-02-05T22:00:00.000Z"
[2026-02-05T05:05:05.101Z] 🔵 Current time (UTC): "2026-02-05T05:05:05.101Z"
[2026-02-06T05:29:40.714Z] 🔵 Availability Request: {"clinicId":"c07c073a-ad9e-44fd-b1b7-0b82ac7ed194","serviceId":"bdd6033a-d623-4770-a2a4-f62177b3c3f3","providerId":null,"date":"2026-02-06"}
[2026-02-06T05:29:40.986Z] 🔵 Using date: "2026-02-06"
[2026-02-06T05:29:41.011Z] 🔵 Clinic: "abc clinic"
[2026-02-06T05:29:41.022Z] 🔵 Using timezone: "America/New_York"
[2026-02-06T05:29:41.031Z] 🔵 Day of week: "friday"
[2026-02-06T05:29:41.032Z] 🔵 Business hours for friday: {"open":"09:00","close":"17:00","isOpen":true}
[2026-02-06T05:29:41.033Z] 🔵 All business hours: {"monday":{"open":"09:00","close":"17:00","isOpen":true},"tuesday":{"open":"09:00","close":"17:00","isOpen":true},"wednesday":{"open":"09:00","close":"17:00","isOpen":true},"thursday":{"open":"09:00","close":"17:00","isOpen":true},"friday":{"open":"09:00","close":"17:00","isOpen":true},"saturday":{"open":"10:00","close":"15:00","isOpen":true},"sunday":{"open":"10:00","close":"15:00","isOpen":false}}
[2026-02-06T05:29:41.034Z] ✅ Clinic is open on friday from 09:00 to 17:00 
[2026-02-06T05:29:41.073Z] Blocked slots count: 
[2026-02-06T05:29:41.075Z] 🔵 Open time (UTC): "2026-02-06T14:00:00.000Z"
[2026-02-06T05:29:41.076Z] 🔵 Close time (UTC): "2026-02-06T22:00:00.000Z"
[2026-02-06T05:29:41.078Z] 🔵 Current time (UTC): "2026-02-06T05:29:41.078Z"
[2026-02-06T05:35:24.070Z] 🔵 Availability Request: {"clinicId":"c07c073a-ad9e-44fd-b1b7-0b82ac7ed194","serviceId":"bdd6033a-d623-4770-a2a4-f62177b3c3f3","providerId":null,"date":"2026-02-06"}
[2026-02-06T05:35:24.071Z] 🔵 Using date: "2026-02-06"
[2026-02-06T05:35:24.093Z] 🔵 Clinic: "abc clinic"
[2026-02-06T05:35:24.098Z] 🔵 Using timezone: "America/New_York"
[2026-02-06T05:35:24.101Z] 🔵 Day of week: "friday"
[2026-02-06T05:35:24.102Z] 🔵 Business hours for friday: {"open":"09:00","close":"17:00","isOpen":true}
[2026-02-06T05:35:24.102Z] 🔵 All business hours: {"monday":{"open":"09:00","close":"17:00","isOpen":true},"tuesday":{"open":"09:00","close":"17:00","isOpen":true},"wednesday":{"open":"09:00","close":"17:00","isOpen":true},"thursday":{"open":"09:00","close":"17:00","isOpen":true},"friday":{"open":"09:00","close":"17:00","isOpen":true},"saturday":{"open":"10:00","close":"15:00","isOpen":true},"sunday":{"open":"10:00","close":"15:00","isOpen":false}}
[2026-02-06T05:35:24.104Z] ✅ Clinic is open on friday from 09:00 to 17:00 
[2026-02-06T05:35:24.135Z] Blocked slots count: 
[2026-02-06T05:35:24.137Z] 🔵 Open time (UTC): "2026-02-06T14:00:00.000Z"
[2026-02-06T05:35:24.138Z] 🔵 Close time (UTC): "2026-02-06T22:00:00.000Z"
[2026-02-06T05:35:24.139Z] 🔵 Current time (UTC): "2026-02-06T05:35:24.139Z"
[2026-02-18T06:24:03.127Z] 🔵 Availability Request: {"clinicId":"c07c073a-ad9e-44fd-b1b7-0b82ac7ed194","serviceId":"bdd6033a-d623-4770-a2a4-f62177b3c3f3","providerId":null,"date":"2026-02-18"}
[2026-02-18T06:24:03.402Z] 🔵 Using date: "2026-02-18"
[2026-02-18T06:24:03.415Z] 🔵 Clinic: "abc clinic"
[2026-02-18T06:24:03.419Z] 🔵 Using timezone: "America/New_York"
[2026-02-18T06:24:03.429Z] 🔵 Day of week: "wednesday"
[2026-02-18T06:24:03.430Z] 🔵 Business hours for wednesday: {"open":"09:00","close":"17:00","isOpen":true}
[2026-02-18T06:24:03.430Z] 🔵 All business hours: {"monday":{"open":"09:00","close":"17:00","isOpen":true},"tuesday":{"open":"09:00","close":"17:00","isOpen":true},"wednesday":{"open":"09:00","close":"17:00","isOpen":true},"thursday":{"open":"09:00","close":"17:00","isOpen":true},"friday":{"open":"09:00","close":"17:00","isOpen":true},"saturday":{"open":"10:00","close":"15:00","isOpen":true},"sunday":{"open":"10:00","close":"15:00","isOpen":false}}
[2026-02-18T06:24:03.432Z] ✅ Clinic is open on wednesday from 09:00 to 17:00 
[2026-02-18T06:24:03.462Z] Blocked slots count: 
[2026-02-18T06:24:03.463Z] 🔵 Open time (UTC): "2026-02-18T14:00:00.000Z"
[2026-02-18T06:24:03.464Z] 🔵 Close time (UTC): "2026-02-18T22:00:00.000Z"
[2026-02-18T06:24:03.464Z] 🔵 Current time (UTC): "2026-02-18T06:24:03.464Z"
[2026-02-18T08:38:51.638Z] 🔵 Availability Request: {"clinicId":"c07c073a-ad9e-44fd-b1b7-0b82ac7ed194","serviceId":"bdd6033a-d623-4770-a2a4-f62177b3c3f3","providerId":null,"date":"2026-02-18"}
[2026-02-18T08:38:51.642Z] 🔵 Using date: "2026-02-18"
[2026-02-18T08:38:51.721Z] 🔵 Clinic: "abc clinic"
[2026-02-18T08:38:51.726Z] 🔵 Using timezone: "America/New_York"
[2026-02-18T08:38:51.734Z] 🔵 Day of week: "wednesday"
[2026-02-18T08:38:51.735Z] 🔵 Business hours for wednesday: {"open":"09:00","close":"17:00","isOpen":true}
[2026-02-18T08:38:51.736Z] 🔵 All business hours: {"monday":{"open":"09:00","close":"17:00","isOpen":true},"tuesday":{"open":"09:00","close":"17:00","isOpen":true},"wednesday":{"open":"09:00","close":"17:00","isOpen":true},"thursday":{"open":"09:00","close":"17:00","isOpen":true},"friday":{"open":"09:00","close":"17:00","isOpen":true},"saturday":{"open":"10:00","close":"15:00","isOpen":true},"sunday":{"open":"10:00","close":"15:00","isOpen":false}}
[2026-02-18T08:38:52.012Z] ✅ Clinic is open on wednesday from 09:00 to 17:00 
[2026-02-18T08:38:52.114Z] Blocked slots count: 
[2026-02-18T08:38:52.116Z] 🔵 Open time (UTC): "2026-02-18T14:00:00.000Z"
[2026-02-18T08:38:52.117Z] 🔵 Close time (UTC): "2026-02-18T22:00:00.000Z"
[2026-02-18T08:38:52.117Z] 🔵 Current time (UTC): "2026-02-18T08:38:52.117Z"
[2026-02-18T08:40:34.703Z] 🔵 Availability Request: {"clinicId":"c07c073a-ad9e-44fd-b1b7-0b82ac7ed194","serviceId":"bdd6033a-d623-4770-a2a4-f62177b3c3f3","providerId":null,"date":"2026-02-18"}
[2026-02-18T08:40:34.705Z] 🔵 Using date: "2026-02-18"
[2026-02-18T08:40:34.796Z] 🔵 Clinic: "abc clinic"
[2026-02-18T08:40:34.800Z] 🔵 Using timezone: "America/New_York"
[2026-02-18T08:40:34.802Z] 🔵 Day of week: "wednesday"
[2026-02-18T08:40:34.803Z] 🔵 Business hours for wednesday: {"open":"09:00","close":"17:00","isOpen":true}
[2026-02-18T08:40:34.804Z] 🔵 All business hours: {"monday":{"open":"09:00","close":"17:00","isOpen":true},"tuesday":{"open":"09:00","close":"17:00","isOpen":true},"wednesday":{"open":"09:00","close":"17:00","isOpen":true},"thursday":{"open":"09:00","close":"17:00","isOpen":true},"friday":{"open":"09:00","close":"17:00","isOpen":true},"saturday":{"open":"10:00","close":"15:00","isOpen":true},"sunday":{"open":"10:00","close":"15:00","isOpen":false}}
[2026-02-18T08:40:34.805Z] ✅ Clinic is open on wednesday from 09:00 to 17:00 
[2026-02-18T08:40:34.841Z] Blocked slots count: 
[2026-02-18T08:40:34.842Z] 🔵 Open time (UTC): "2026-02-18T14:00:00.000Z"
[2026-02-18T08:40:34.843Z] 🔵 Close time (UTC): "2026-02-18T22:00:00.000Z"
[2026-02-18T08:40:34.844Z] 🔵 Current time (UTC): "2026-02-18T08:40:34.844Z"
[2026-02-18T09:04:25.913Z] 🔵 Availability Request: {"clinicId":"c07c073a-ad9e-44fd-b1b7-0b82ac7ed194","serviceId":"bdd6033a-d623-4770-a2a4-f62177b3c3f3","providerId":null,"date":"2026-02-18"}
[2026-02-18T09:04:25.916Z] 🔵 Using date: "2026-02-18"
[2026-02-18T09:04:25.942Z] 🔵 Clinic: "abc clinic"
[2026-02-18T09:04:25.951Z] 🔵 Using timezone: "America/New_York"
[2026-02-18T09:04:25.958Z] 🔵 Day of week: "wednesday"
[2026-02-18T09:04:25.959Z] 🔵 Business hours for wednesday: {"open":"09:00","close":"17:00","isOpen":true}
[2026-02-18T09:04:25.960Z] 🔵 All business hours: {"monday":{"open":"09:00","close":"17:00","isOpen":true},"tuesday":{"open":"09:00","close":"17:00","isOpen":true},"wednesday":{"open":"09:00","close":"17:00","isOpen":true},"thursday":{"open":"09:00","close":"17:00","isOpen":true},"friday":{"open":"09:00","close":"17:00","isOpen":true},"saturday":{"open":"10:00","close":"15:00","isOpen":true},"sunday":{"open":"10:00","close":"15:00","isOpen":false}}
[2026-02-18T09:04:25.962Z] ✅ Clinic is open on wednesday from 09:00 to 17:00 
[2026-02-18T09:04:26.006Z] Blocked slots count: 
[2026-02-18T09:04:26.008Z] 🔵 Open time (UTC): "2026-02-18T14:00:00.000Z"
[2026-02-18T09:04:26.009Z] 🔵 Close time (UTC): "2026-02-18T22:00:00.000Z"
[2026-02-18T09:04:26.010Z] 🔵 Current time (UTC): "2026-02-18T09:04:26.010Z"
[2026-02-23T06:46:43.228Z] 🔵 Availability Request: {"clinicId":"c07c073a-ad9e-44fd-b1b7-0b82ac7ed194","serviceId":"bdd6033a-d623-4770-a2a4-f62177b3c3f3","providerId":null,"date":"2026-02-23"}
[2026-02-23T06:46:43.501Z] 🔵 Using date: "2026-02-23"
[2026-02-23T06:46:43.513Z] 🔵 Clinic: "abc clinic"
[2026-02-23T06:46:43.519Z] 🔵 Using timezone: "America/New_York"
[2026-02-23T06:46:43.525Z] 🔵 Day of week: "monday"
[2026-02-23T06:46:43.526Z] 🔵 Business hours for monday: {"open":"09:00","close":"17:00","isOpen":true}
[2026-02-23T06:46:43.527Z] 🔵 All business hours: {"monday":{"open":"09:00","close":"17:00","isOpen":true},"tuesday":{"open":"09:00","close":"17:00","isOpen":true},"wednesday":{"open":"09:00","close":"17:00","isOpen":true},"thursday":{"open":"09:00","close":"17:00","isOpen":true},"friday":{"open":"09:00","close":"17:00","isOpen":true},"saturday":{"open":"10:00","close":"15:00","isOpen":true},"sunday":{"open":"10:00","close":"15:00","isOpen":false}}
[2026-02-23T06:46:43.528Z] ✅ Clinic is open on monday from 09:00 to 17:00 
[2026-02-23T06:46:43.555Z] Blocked slots count: 
[2026-02-23T06:46:43.556Z] 🔵 Open time (UTC): "2026-02-23T14:00:00.000Z"
[2026-02-23T06:46:43.557Z] 🔵 Close time (UTC): "2026-02-23T22:00:00.000Z"
[2026-02-23T06:46:43.558Z] 🔵 Current time (UTC): "2026-02-23T06:46:43.558Z"
[2026-02-25T04:41:27.485Z] 🔵 Availability Request: {"clinicId":"c07c073a-ad9e-44fd-b1b7-0b82ac7ed194","serviceId":"bdd6033a-d623-4770-a2a4-f62177b3c3f3","providerId":null,"date":"2026-02-25"}
[2026-02-25T04:41:27.515Z] 🔵 Using date: "2026-02-25"
[2026-02-25T04:41:27.530Z] 🔵 Clinic: "abc clinic"
[2026-02-25T04:41:27.538Z] 🔵 Using timezone: "America/New_York"
[2026-02-25T04:41:27.577Z] 🔵 Day of week: "wednesday"
[2026-02-25T04:41:27.578Z] 🔵 Business hours for wednesday: {"open":"09:00","close":"17:00","isOpen":true}
[2026-02-25T04:41:27.579Z] 🔵 All business hours: {"monday":{"open":"09:00","close":"17:00","isOpen":true},"tuesday":{"open":"09:00","close":"17:00","isOpen":true},"wednesday":{"open":"09:00","close":"17:00","isOpen":true},"thursday":{"open":"09:00","close":"17:00","isOpen":true},"friday":{"open":"09:00","close":"17:00","isOpen":true},"saturday":{"open":"10:00","close":"15:00","isOpen":true},"sunday":{"open":"10:00","close":"15:00","isOpen":false}}
[2026-02-25T04:41:27.580Z] ✅ Clinic is open on wednesday from 09:00 to 17:00 
[2026-02-25T04:41:27.614Z] Blocked slots count: 
[2026-02-25T04:41:27.619Z] 🔵 Open time (UTC): "2026-02-25T14:00:00.000Z"
[2026-02-25T04:41:27.620Z] 🔵 Close time (UTC): "2026-02-25T22:00:00.000Z"
[2026-02-25T04:41:27.621Z] 🔵 Current time (UTC): "2026-02-25T04:41:27.621Z"
[2026-02-25T06:02:51.359Z] 🔵 Availability Request: {"clinicId":"c07c073a-ad9e-44fd-b1b7-0b82ac7ed194","serviceId":"bdd6033a-d623-4770-a2a4-f62177b3c3f3","providerId":null,"date":"2026-02-25"}
[2026-02-25T06:02:51.635Z] 🔵 Using date: "2026-02-25"
[2026-02-25T06:02:51.659Z] 🔵 Clinic: "abc clinic"
[2026-02-25T06:02:51.669Z] 🔵 Using timezone: "America/New_York"
[2026-02-25T06:02:51.703Z] 🔵 Day of week: "wednesday"
[2026-02-25T06:02:51.705Z] 🔵 Business hours for wednesday: {"open":"09:00","close":"17:00","isOpen":true}
[2026-02-25T06:02:51.706Z] 🔵 All business hours: {"monday":{"open":"09:00","close":"17:00","isOpen":true},"tuesday":{"open":"09:00","close":"17:00","isOpen":true},"wednesday":{"open":"09:00","close":"17:00","isOpen":true},"thursday":{"open":"09:00","close":"17:00","isOpen":true},"friday":{"open":"09:00","close":"17:00","isOpen":true},"saturday":{"open":"10:00","close":"15:00","isOpen":true},"sunday":{"open":"10:00","close":"15:00","isOpen":false}}
[2026-02-25T06:02:51.707Z] ✅ Clinic is open on wednesday from 09:00 to 17:00 
[2026-02-25T06:02:51.769Z] Blocked slots count: 
[2026-02-25T06:02:51.770Z] 🔵 Open time (UTC): "2026-02-25T14:00:00.000Z"
[2026-02-25T06:02:51.771Z] 🔵 Close time (UTC): "2026-02-25T22:00:00.000Z"
[2026-02-25T06:02:51.772Z] 🔵 Current time (UTC): "2026-02-25T06:02:51.772Z"
[2026-02-25T06:10:12.942Z] 🔵 Availability Request: {"clinicId":"c07c073a-ad9e-44fd-b1b7-0b82ac7ed194","serviceId":"bdd6033a-d623-4770-a2a4-f62177b3c3f3","providerId":null,"date":"2026-02-25"}
[2026-02-25T06:10:12.944Z] 🔵 Using date: "2026-02-25"
[2026-02-25T06:10:12.994Z] 🔵 Clinic: "abc clinic"
[2026-02-25T06:10:13.014Z] 🔵 Using timezone: "America/New_York"
[2026-02-25T06:10:13.016Z] 🔵 Day of week: "wednesday"
[2026-02-25T06:10:13.023Z] 🔵 Business hours for wednesday: {"open":"09:00","close":"17:00","isOpen":true}
[2026-02-25T06:10:13.029Z] 🔵 All business hours: {"monday":{"open":"09:00","close":"17:00","isOpen":true},"tuesday":{"open":"09:00","close":"17:00","isOpen":true},"wednesday":{"open":"09:00","close":"17:00","isOpen":true},"thursday":{"open":"09:00","close":"17:00","isOpen":true},"friday":{"open":"09:00","close":"17:00","isOpen":true},"saturday":{"open":"10:00","close":"15:00","isOpen":true},"sunday":{"open":"10:00","close":"15:00","isOpen":false}}
[2026-02-25T06:10:13.034Z] ✅ Clinic is open on wednesday from 09:00 to 17:00 
[2026-02-25T06:10:13.098Z] Blocked slots count: 
[2026-02-25T06:10:13.101Z] 🔵 Open time (UTC): "2026-02-25T14:00:00.000Z"
[2026-02-25T06:10:13.105Z] 🔵 Close time (UTC): "2026-02-25T22:00:00.000Z"
[2026-02-25T06:10:13.106Z] 🔵 Current time (UTC): "2026-02-25T06:10:13.106Z"
[2026-02-25T06:13:35.077Z] 🔵 Availability Request: {"clinicId":"c07c073a-ad9e-44fd-b1b7-0b82ac7ed194","serviceId":"bdd6033a-d623-4770-a2a4-f62177b3c3f3","providerId":null,"date":"2026-02-25"}
[2026-02-25T06:13:35.078Z] 🔵 Using date: "2026-02-25"
[2026-02-25T06:13:35.101Z] 🔵 Clinic: "abc clinic"
[2026-02-25T06:13:35.108Z] 🔵 Using timezone: "America/New_York"
[2026-02-25T06:13:35.114Z] 🔵 Day of week: "wednesday"
[2026-02-25T06:13:35.143Z] 🔵 Business hours for wednesday: {"open":"09:00","close":"17:00","isOpen":true}
[2026-02-25T06:13:35.147Z] 🔵 All business hours: {"monday":{"open":"09:00","close":"17:00","isOpen":true},"tuesday":{"open":"09:00","close":"17:00","isOpen":true},"wednesday":{"open":"09:00","close":"17:00","isOpen":true},"thursday":{"open":"09:00","close":"17:00","isOpen":true},"friday":{"open":"09:00","close":"17:00","isOpen":true},"saturday":{"open":"10:00","close":"15:00","isOpen":true},"sunday":{"open":"10:00","close":"15:00","isOpen":false}}
[2026-02-25T06:13:35.152Z] ✅ Clinic is open on wednesday from 09:00 to 17:00 
[2026-02-25T06:13:35.207Z] Blocked slots count: 
[2026-02-25T06:13:35.209Z] 🔵 Open time (UTC): "2026-02-25T14:00:00.000Z"
[2026-02-25T06:13:35.210Z] 🔵 Close time (UTC): "2026-02-25T22:00:00.000Z"
[2026-02-25T06:13:35.211Z] 🔵 Current time (UTC): "2026-02-25T06:13:35.211Z"
[2026-02-25T06:20:22.289Z] 🔵 Availability Request: {"clinicId":"c07c073a-ad9e-44fd-b1b7-0b82ac7ed194","serviceId":"bdd6033a-d623-4770-a2a4-f62177b3c3f3","providerId":null,"date":"2026-02-25"}
[2026-02-25T06:20:22.290Z] 🔵 Using date: "2026-02-25"
[2026-02-25T06:20:22.305Z] 🔵 Clinic: "abc clinic"
[2026-02-25T06:20:22.316Z] 🔵 Using timezone: "America/New_York"
[2026-02-25T06:20:22.320Z] 🔵 Day of week: "wednesday"
[2026-02-25T06:20:22.323Z] 🔵 Business hours for wednesday: {"open":"09:00","close":"17:00","isOpen":true}
[2026-02-25T06:20:22.324Z] 🔵 All business hours: {"monday":{"open":"09:00","close":"17:00","isOpen":true},"tuesday":{"open":"09:00","close":"17:00","isOpen":true},"wednesday":{"open":"09:00","close":"17:00","isOpen":true},"thursday":{"open":"09:00","close":"17:00","isOpen":true},"friday":{"open":"09:00","close":"17:00","isOpen":true},"saturday":{"open":"10:00","close":"15:00","isOpen":true},"sunday":{"open":"10:00","close":"15:00","isOpen":false}}
[2026-02-25T06:20:22.325Z] ✅ Clinic is open on wednesday from 09:00 to 17:00 
[2026-02-25T06:20:22.356Z] Blocked slots count: 
[2026-02-25T06:20:22.358Z] 🔵 Open time (UTC): "2026-02-25T14:00:00.000Z"
[2026-02-25T06:20:22.358Z] 🔵 Close time (UTC): "2026-02-25T22:00:00.000Z"
[2026-02-25T06:20:22.359Z] 🔵 Current time (UTC): "2026-02-25T06:20:22.359Z"
[2026-02-25T06:21:08.631Z] 🔵 Availability Request: {"clinicId":"c07c073a-ad9e-44fd-b1b7-0b82ac7ed194","serviceId":"bdd6033a-d623-4770-a2a4-f62177b3c3f3","providerId":null,"date":"2026-02-25"}
[2026-02-25T06:21:08.644Z] 🔵 Using date: "2026-02-25"
[2026-02-25T06:21:08.684Z] 🔵 Clinic: "abc clinic"
[2026-02-25T06:21:08.709Z] 🔵 Using timezone: "America/New_York"
[2026-02-25T06:21:08.720Z] 🔵 Day of week: "wednesday"
[2026-02-25T06:21:08.724Z] 🔵 Business hours for wednesday: {"open":"09:00","close":"17:00","isOpen":true}
[2026-02-25T06:21:08.729Z] 🔵 All business hours: {"monday":{"open":"09:00","close":"17:00","isOpen":true},"tuesday":{"open":"09:00","close":"17:00","isOpen":true},"wednesday":{"open":"09:00","close":"17:00","isOpen":true},"thursday":{"open":"09:00","close":"17:00","isOpen":true},"friday":{"open":"09:00","close":"17:00","isOpen":true},"saturday":{"open":"10:00","close":"15:00","isOpen":true},"sunday":{"open":"10:00","close":"15:00","isOpen":false}}
[2026-02-25T06:21:08.738Z] ✅ Clinic is open on wednesday from 09:00 to 17:00 
[2026-02-25T06:21:08.776Z] Blocked slots count: 
[2026-02-25T06:21:08.778Z] 🔵 Open time (UTC): "2026-02-25T14:00:00.000Z"
[2026-02-25T06:21:08.779Z] 🔵 Close time (UTC): "2026-02-25T22:00:00.000Z"
[2026-02-25T06:21:08.784Z] 🔵 Current time (UTC): "2026-02-25T06:21:08.783Z"
[2026-02-25T06:24:02.885Z] 🔵 Availability Request: {"clinicId":"c07c073a-ad9e-44fd-b1b7-0b82ac7ed194","serviceId":"bdd6033a-d623-4770-a2a4-f62177b3c3f3","providerId":null,"date":"2026-02-25"}
[2026-02-25T06:24:02.949Z] 🔵 Using date: "2026-02-25"
[2026-02-25T06:24:02.983Z] 🔵 Clinic: "abc clinic"
[2026-02-25T06:24:03.011Z] 🔵 Using timezone: "America/New_York"
[2026-02-25T06:24:03.012Z] 🔵 Day of week: "wednesday"
[2026-02-25T06:24:03.013Z] 🔵 Business hours for wednesday: {"open":"09:00","close":"17:00","isOpen":true}
[2026-02-25T06:24:03.014Z] 🔵 All business hours: {"monday":{"open":"09:00","close":"17:00","isOpen":true},"tuesday":{"open":"09:00","close":"17:00","isOpen":true},"wednesday":{"open":"09:00","close":"17:00","isOpen":true},"thursday":{"open":"09:00","close":"17:00","isOpen":true},"friday":{"open":"09:00","close":"17:00","isOpen":true},"saturday":{"open":"10:00","close":"15:00","isOpen":true},"sunday":{"open":"10:00","close":"15:00","isOpen":false}}
[2026-02-25T06:24:03.016Z] ✅ Clinic is open on wednesday from 09:00 to 17:00 
[2026-02-25T06:24:03.112Z] Blocked slots count: 
[2026-02-25T06:24:03.114Z] 🔵 Open time (UTC): "2026-02-25T14:00:00.000Z"
[2026-02-25T06:24:03.114Z] 🔵 Close time (UTC): "2026-02-25T22:00:00.000Z"
[2026-02-25T06:24:03.118Z] 🔵 Current time (UTC): "2026-02-25T06:24:03.118Z"
[2026-02-25T06:44:52.640Z] 🔵 Availability Request: {"clinicId":"c07c073a-ad9e-44fd-b1b7-0b82ac7ed194","serviceId":"bdd6033a-d623-4770-a2a4-f62177b3c3f3","providerId":null,"date":"2026-02-25"}
[2026-02-25T06:44:52.924Z] 🔵 Using date: "2026-02-25"
[2026-02-25T06:44:52.936Z] 🔵 Clinic: "abc clinic"
[2026-02-25T06:44:52.942Z] 🔵 Using timezone: "America/New_York"
[2026-02-25T06:44:52.953Z] 🔵 Day of week: "wednesday"
[2026-02-25T06:44:52.954Z] 🔵 Business hours for wednesday: {"open":"09:00","close":"17:00","isOpen":true}
[2026-02-25T06:44:52.956Z] 🔵 All business hours: {"monday":{"open":"09:00","close":"17:00","isOpen":true},"tuesday":{"open":"09:00","close":"17:00","isOpen":true},"wednesday":{"open":"09:00","close":"17:00","isOpen":true},"thursday":{"open":"09:00","close":"17:00","isOpen":true},"friday":{"open":"09:00","close":"17:00","isOpen":true},"saturday":{"open":"10:00","close":"15:00","isOpen":true},"sunday":{"open":"10:00","close":"15:00","isOpen":false}}
[2026-02-25T06:44:52.958Z] ✅ Clinic is open on wednesday from 09:00 to 17:00 
[2026-02-25T06:44:52.990Z] Blocked slots count: 
[2026-02-25T06:44:53.023Z] 🔵 Open time (UTC): "2026-02-25T14:00:00.000Z"
[2026-02-25T06:44:53.045Z] 🔵 Close time (UTC): "2026-02-25T22:00:00.000Z"
[2026-02-25T06:44:53.052Z] 🔵 Current time (UTC): "2026-02-25T06:44:53.051Z"
[2026-02-25T06:56:16.958Z] 🔵 Availability Request: {"clinicId":"c07c073a-ad9e-44fd-b1b7-0b82ac7ed194","serviceId":"bdd6033a-d623-4770-a2a4-f62177b3c3f3","providerId":null,"date":"2026-02-25"}
[2026-02-25T06:56:16.966Z] 🔵 Using date: "2026-02-25"
[2026-02-25T06:56:16.984Z] 🔵 Clinic: "abc clinic"
[2026-02-25T06:56:16.990Z] 🔵 Using timezone: "America/New_York"
[2026-02-25T06:56:16.999Z] 🔵 Day of week: "wednesday"
[2026-02-25T06:56:17.000Z] 🔵 Business hours for wednesday: {"open":"09:00","close":"17:00","isOpen":true}
[2026-02-25T06:56:17.002Z] 🔵 All business hours: {"monday":{"open":"09:00","close":"17:00","isOpen":true},"tuesday":{"open":"09:00","close":"17:00","isOpen":true},"wednesday":{"open":"09:00","close":"17:00","isOpen":true},"thursday":{"open":"09:00","close":"17:00","isOpen":true},"friday":{"open":"09:00","close":"17:00","isOpen":true},"saturday":{"open":"10:00","close":"15:00","isOpen":true},"sunday":{"open":"10:00","close":"15:00","isOpen":false}}
[2026-02-25T06:56:17.007Z] ✅ Clinic is open on wednesday from 09:00 to 17:00 
[2026-02-25T06:56:17.055Z] Blocked slots count: 
[2026-02-25T06:56:17.058Z] 🔵 Open time (UTC): "2026-02-25T14:00:00.000Z"
[2026-02-25T06:56:17.059Z] 🔵 Close time (UTC): "2026-02-25T22:00:00.000Z"
[2026-02-25T06:56:17.060Z] 🔵 Current time (UTC): "2026-02-25T06:56:17.060Z"
[2026-02-25T07:00:30.697Z] 🔵 Availability Request: {"clinicId":"c07c073a-ad9e-44fd-b1b7-0b82ac7ed194","serviceId":"bdd6033a-d623-4770-a2a4-f62177b3c3f3","providerId":null,"date":"2026-02-25"}
[2026-02-25T07:00:30.698Z] 🔵 Using date: "2026-02-25"
[2026-02-25T07:00:30.712Z] 🔵 Clinic: "abc clinic"
[2026-02-25T07:00:30.716Z] 🔵 Using timezone: "America/New_York"
[2026-02-25T07:00:30.717Z] 🔵 Day of week: "wednesday"
[2026-02-25T07:00:30.719Z] 🔵 Business hours for wednesday: {"open":"09:00","close":"17:00","isOpen":true}
[2026-02-25T07:00:30.720Z] 🔵 All business hours: {"monday":{"open":"09:00","close":"17:00","isOpen":true},"tuesday":{"open":"09:00","close":"17:00","isOpen":true},"wednesday":{"open":"09:00","close":"17:00","isOpen":true},"thursday":{"open":"09:00","close":"17:00","isOpen":true},"friday":{"open":"09:00","close":"17:00","isOpen":true},"saturday":{"open":"10:00","close":"15:00","isOpen":true},"sunday":{"open":"10:00","close":"15:00","isOpen":false}}
[2026-02-25T07:00:30.720Z] ✅ Clinic is open on wednesday from 09:00 to 17:00 
[2026-02-25T07:00:30.759Z] Blocked slots count: 
[2026-02-25T07:00:30.761Z] 🔵 Open time (UTC): "2026-02-25T14:00:00.000Z"
[2026-02-25T07:00:30.763Z] 🔵 Close time (UTC): "2026-02-25T22:00:00.000Z"
[2026-02-25T07:00:30.764Z] 🔵 Current time (UTC): "2026-02-25T07:00:30.764Z"
[2026-02-25T07:06:23.336Z] 🔵 Availability Request: {"clinicId":"c07c073a-ad9e-44fd-b1b7-0b82ac7ed194","serviceId":"bdd6033a-d623-4770-a2a4-f62177b3c3f3","providerId":null,"date":"2026-02-25"}
[2026-02-25T07:06:23.338Z] 🔵 Using date: "2026-02-25"
[2026-02-25T07:06:23.352Z] 🔵 Clinic: "abc clinic"
[2026-02-25T07:06:23.355Z] 🔵 Using timezone: "America/New_York"
[2026-02-25T07:06:23.359Z] 🔵 Day of week: "wednesday"
[2026-02-25T07:06:23.359Z] 🔵 Business hours for wednesday: {"open":"09:00","close":"17:00","isOpen":true}
[2026-02-25T07:06:23.360Z] 🔵 All business hours: {"monday":{"open":"09:00","close":"17:00","isOpen":true},"tuesday":{"open":"09:00","close":"17:00","isOpen":true},"wednesday":{"open":"09:00","close":"17:00","isOpen":true},"thursday":{"open":"09:00","close":"17:00","isOpen":true},"friday":{"open":"09:00","close":"17:00","isOpen":true},"saturday":{"open":"10:00","close":"15:00","isOpen":true},"sunday":{"open":"10:00","close":"15:00","isOpen":false}}
[2026-02-25T07:06:23.362Z] ✅ Clinic is open on wednesday from 09:00 to 17:00 
[2026-02-25T07:06:23.385Z] Blocked slots count: 
[2026-02-25T07:06:23.388Z] 🔵 Open time (UTC): "2026-02-25T14:00:00.000Z"
[2026-02-25T07:06:23.389Z] 🔵 Close time (UTC): "2026-02-25T22:00:00.000Z"
[2026-02-25T07:06:23.397Z] 🔵 Current time (UTC): "2026-02-25T07:06:23.397Z"
[2026-02-25T07:14:20.116Z] 🔵 Availability Request: {"clinicId":"c07c073a-ad9e-44fd-b1b7-0b82ac7ed194","serviceId":"bdd6033a-d623-4770-a2a4-f62177b3c3f3","providerId":null,"date":"2026-02-25"}
[2026-02-25T07:14:20.141Z] 🔵 Using date: "2026-02-25"
[2026-02-25T07:14:20.164Z] 🔵 Clinic: "abc clinic"
[2026-02-25T07:14:20.174Z] 🔵 Using timezone: "America/New_York"
[2026-02-25T07:14:20.178Z] 🔵 Day of week: "wednesday"
[2026-02-25T07:14:20.179Z] 🔵 Business hours for wednesday: {"open":"09:00","close":"17:00","isOpen":true}
[2026-02-25T07:14:20.181Z] 🔵 All business hours: {"monday":{"open":"09:00","close":"17:00","isOpen":true},"tuesday":{"open":"09:00","close":"17:00","isOpen":true},"wednesday":{"open":"09:00","close":"17:00","isOpen":true},"thursday":{"open":"09:00","close":"17:00","isOpen":true},"friday":{"open":"09:00","close":"17:00","isOpen":true},"saturday":{"open":"10:00","close":"15:00","isOpen":true},"sunday":{"open":"10:00","close":"15:00","isOpen":false}}
[2026-02-25T07:14:20.189Z] ✅ Clinic is open on wednesday from 09:00 to 17:00 
[2026-02-25T07:14:20.214Z] Blocked slots count: 
[2026-02-25T07:14:20.215Z] 🔵 Open time (UTC): "2026-02-25T14:00:00.000Z"
[2026-02-25T07:14:20.216Z] 🔵 Close time (UTC): "2026-02-25T22:00:00.000Z"
[2026-02-25T07:14:20.216Z] 🔵 Current time (UTC): "2026-02-25T07:14:20.216Z"
[2026-02-25T07:19:10.677Z] 🔵 Availability Request: {"clinicId":"c07c073a-ad9e-44fd-b1b7-0b82ac7ed194","serviceId":"bdd6033a-d623-4770-a2a4-f62177b3c3f3","providerId":null,"date":"2026-02-25"}
[2026-02-25T07:19:10.680Z] 🔵 Using date: "2026-02-25"
[2026-02-25T07:19:10.694Z] 🔵 Clinic: "abc clinic"
[2026-02-25T07:19:10.701Z] 🔵 Using timezone: "America/New_York"
[2026-02-25T07:19:10.712Z] 🔵 Day of week: "wednesday"
[2026-02-25T07:19:10.713Z] 🔵 Business hours for wednesday: {"open":"09:00","close":"17:00","isOpen":true}
[2026-02-25T07:19:10.715Z] 🔵 All business hours: {"monday":{"open":"09:00","close":"17:00","isOpen":true},"tuesday":{"open":"09:00","close":"17:00","isOpen":true},"wednesday":{"open":"09:00","close":"17:00","isOpen":true},"thursday":{"open":"09:00","close":"17:00","isOpen":true},"friday":{"open":"09:00","close":"17:00","isOpen":true},"saturday":{"open":"10:00","close":"15:00","isOpen":true},"sunday":{"open":"10:00","close":"15:00","isOpen":false}}
[2026-02-25T07:19:10.716Z] ✅ Clinic is open on wednesday from 09:00 to 17:00 
[2026-02-25T07:19:10.760Z] Blocked slots count: 
[2026-02-25T07:19:10.761Z] 🔵 Open time (UTC): "2026-02-25T14:00:00.000Z"
[2026-02-25T07:19:10.764Z] 🔵 Close time (UTC): "2026-02-25T22:00:00.000Z"
[2026-02-25T07:19:10.766Z] 🔵 Current time (UTC): "2026-02-25T07:19:10.766Z"
[2026-02-25T07:22:48.699Z] 🔵 Availability Request: {"clinicId":"c07c073a-ad9e-44fd-b1b7-0b82ac7ed194","serviceId":"bdd6033a-d623-4770-a2a4-f62177b3c3f3","providerId":null,"date":"2026-02-25"}
[2026-02-25T07:22:48.710Z] 🔵 Using date: "2026-02-25"
[2026-02-25T07:22:48.731Z] 🔵 Clinic: "abc clinic"
[2026-02-25T07:22:48.738Z] 🔵 Using timezone: "America/New_York"
[2026-02-25T07:22:48.753Z] 🔵 Day of week: "wednesday"
[2026-02-25T07:22:48.754Z] 🔵 Business hours for wednesday: {"open":"09:00","close":"17:00","isOpen":true}
[2026-02-25T07:22:48.755Z] 🔵 All business hours: {"monday":{"open":"09:00","close":"17:00","isOpen":true},"tuesday":{"open":"09:00","close":"17:00","isOpen":true},"wednesday":{"open":"09:00","close":"17:00","isOpen":true},"thursday":{"open":"09:00","close":"17:00","isOpen":true},"friday":{"open":"09:00","close":"17:00","isOpen":true},"saturday":{"open":"10:00","close":"15:00","isOpen":true},"sunday":{"open":"10:00","close":"15:00","isOpen":false}}
[2026-02-25T07:22:48.757Z] ✅ Clinic is open on wednesday from 09:00 to 17:00 
[2026-02-25T07:22:48.797Z] Blocked slots count: 
[2026-02-25T07:22:48.799Z] 🔵 Open time (UTC): "2026-02-25T14:00:00.000Z"
[2026-02-25T07:22:48.800Z] 🔵 Close time (UTC): "2026-02-25T22:00:00.000Z"
[2026-02-25T07:22:48.801Z] 🔵 Current time (UTC): "2026-02-25T07:22:48.801Z"
[2026-02-25T07:22:57.202Z] 🔵 Availability Request: {"clinicId":"c07c073a-ad9e-44fd-b1b7-0b82ac7ed194","serviceId":"bdd6033a-d623-4770-a2a4-f62177b3c3f3","providerId":null,"date":"2026-02-26"}
[2026-02-25T07:22:57.203Z] 🔵 Using date: "2026-02-26"
[2026-02-25T07:22:57.219Z] 🔵 Clinic: "abc clinic"
[2026-02-25T07:22:57.222Z] 🔵 Using timezone: "America/New_York"
[2026-02-25T07:22:57.224Z] 🔵 Day of week: "thursday"
[2026-02-25T07:22:57.225Z] 🔵 Business hours for thursday: {"open":"09:00","close":"17:00","isOpen":true}
[2026-02-25T07:22:57.225Z] 🔵 All business hours: {"monday":{"open":"09:00","close":"17:00","isOpen":true},"tuesday":{"open":"09:00","close":"17:00","isOpen":true},"wednesday":{"open":"09:00","close":"17:00","isOpen":true},"thursday":{"open":"09:00","close":"17:00","isOpen":true},"friday":{"open":"09:00","close":"17:00","isOpen":true},"saturday":{"open":"10:00","close":"15:00","isOpen":true},"sunday":{"open":"10:00","close":"15:00","isOpen":false}}
[2026-02-25T07:22:57.226Z] ✅ Clinic is open on thursday from 09:00 to 17:00 
[2026-02-25T07:22:57.240Z] Blocked slots count: 
[2026-02-25T07:22:57.241Z] 🔵 Open time (UTC): "2026-02-26T14:00:00.000Z"
[2026-02-25T07:22:57.242Z] 🔵 Close time (UTC): "2026-02-26T22:00:00.000Z"
[2026-02-25T07:22:57.243Z] 🔵 Current time (UTC): "2026-02-25T07:22:57.243Z"
[2026-02-25T07:30:21.431Z] 🔵 Availability Request: {"clinicId":"c07c073a-ad9e-44fd-b1b7-0b82ac7ed194","serviceId":"bdd6033a-d623-4770-a2a4-f62177b3c3f3","providerId":null,"date":"2026-02-25"}
[2026-02-25T07:30:21.458Z] 🔵 Using date: "2026-02-25"
[2026-02-25T07:30:21.474Z] 🔵 Clinic: "abc clinic"
[2026-02-25T07:30:21.479Z] 🔵 Using timezone: "America/New_York"
[2026-02-25T07:30:21.498Z] 🔵 Day of week: "wednesday"
[2026-02-25T07:30:21.500Z] 🔵 Business hours for wednesday: {"open":"09:00","close":"17:00","isOpen":true}
[2026-02-25T07:30:21.501Z] 🔵 All business hours: {"monday":{"open":"09:00","close":"17:00","isOpen":true},"tuesday":{"open":"09:00","close":"17:00","isOpen":true},"wednesday":{"open":"09:00","close":"17:00","isOpen":true},"thursday":{"open":"09:00","close":"17:00","isOpen":true},"friday":{"open":"09:00","close":"17:00","isOpen":true},"saturday":{"open":"10:00","close":"15:00","isOpen":true},"sunday":{"open":"10:00","close":"15:00","isOpen":false}}
[2026-02-25T07:30:21.504Z] ✅ Clinic is open on wednesday from 09:00 to 17:00 
[2026-02-25T07:30:21.538Z] Blocked slots count: 
[2026-02-25T07:30:21.540Z] 🔵 Open time (UTC): "2026-02-25T14:00:00.000Z"
[2026-02-25T07:30:21.542Z] 🔵 Close time (UTC): "2026-02-25T22:00:00.000Z"
[2026-02-25T07:30:21.543Z] 🔵 Current time (UTC): "2026-02-25T07:30:21.543Z"
[2026-02-25T07:31:41.659Z] 🔵 Availability Request: {"clinicId":"c07c073a-ad9e-44fd-b1b7-0b82ac7ed194","serviceId":"bdd6033a-d623-4770-a2a4-f62177b3c3f3","providerId":null,"date":"2026-02-25"}
[2026-02-25T07:31:41.660Z] 🔵 Using date: "2026-02-25"
[2026-02-25T07:31:41.685Z] 🔵 Clinic: "abc clinic"
[2026-02-25T07:31:41.695Z] 🔵 Using timezone: "America/New_York"
[2026-02-25T07:31:41.698Z] 🔵 Day of week: "wednesday"
[2026-02-25T07:31:41.699Z] 🔵 Business hours for wednesday: {"open":"09:00","close":"17:00","isOpen":true}
[2026-02-25T07:31:41.700Z] 🔵 All business hours: {"monday":{"open":"09:00","close":"17:00","isOpen":true},"tuesday":{"open":"09:00","close":"17:00","isOpen":true},"wednesday":{"open":"09:00","close":"17:00","isOpen":true},"thursday":{"open":"09:00","close":"17:00","isOpen":true},"friday":{"open":"09:00","close":"17:00","isOpen":true},"saturday":{"open":"10:00","close":"15:00","isOpen":true},"sunday":{"open":"10:00","close":"15:00","isOpen":false}}
[2026-02-25T07:31:41.701Z] ✅ Clinic is open on wednesday from 09:00 to 17:00 
[2026-02-25T07:31:41.723Z] Blocked slots count: 
[2026-02-25T07:31:41.725Z] 🔵 Open time (UTC): "2026-02-25T14:00:00.000Z"
[2026-02-25T07:31:41.726Z] 🔵 Close time (UTC): "2026-02-25T22:00:00.000Z"
[2026-02-25T07:31:41.727Z] 🔵 Current time (UTC): "2026-02-25T07:31:41.727Z"
[2026-02-25T07:47:51.722Z] 🔵 Availability Request: {"clinicId":"c07c073a-ad9e-44fd-b1b7-0b82ac7ed194","serviceId":"bdd6033a-d623-4770-a2a4-f62177b3c3f3","providerId":null,"date":"2026-02-25"}
[2026-02-25T07:47:51.748Z] 🔵 Using date: "2026-02-25"
[2026-02-25T07:47:51.761Z] 🔵 Clinic: "abc clinic"
[2026-02-25T07:47:51.769Z] 🔵 Using timezone: "America/New_York"
[2026-02-25T07:47:51.784Z] 🔵 Day of week: "wednesday"
[2026-02-25T07:47:51.787Z] 🔵 Business hours for wednesday: {"open":"09:00","close":"17:00","isOpen":true}
[2026-02-25T07:47:51.793Z] 🔵 All business hours: {"monday":{"open":"09:00","close":"17:00","isOpen":true},"tuesday":{"open":"09:00","close":"17:00","isOpen":true},"wednesday":{"open":"09:00","close":"17:00","isOpen":true},"thursday":{"open":"09:00","close":"17:00","isOpen":true},"friday":{"open":"09:00","close":"17:00","isOpen":true},"saturday":{"open":"10:00","close":"15:00","isOpen":true},"sunday":{"open":"10:00","close":"15:00","isOpen":false}}
[2026-02-25T07:47:51.799Z] ✅ Clinic is open on wednesday from 09:00 to 17:00 
[2026-02-25T07:47:51.839Z] Blocked slots count: 
[2026-02-25T07:47:51.847Z] 🔵 Open time (UTC): "2026-02-25T14:00:00.000Z"
[2026-02-25T07:47:51.848Z] 🔵 Close time (UTC): "2026-02-25T22:00:00.000Z"
[2026-02-25T07:47:51.849Z] 🔵 Current time (UTC): "2026-02-25T07:47:51.849Z"
[2026-02-25T10:04:49.152Z] 🔵 Availability Request: {"clinicId":"c07c073a-ad9e-44fd-b1b7-0b82ac7ed194","serviceId":"bdd6033a-d623-4770-a2a4-f62177b3c3f3","providerId":null,"date":"2026-02-25"}
[2026-02-25T10:04:49.420Z] 🔵 Using date: "2026-02-25"
[2026-02-25T10:04:49.432Z] 🔵 Clinic: "abc clinic"
[2026-02-25T10:04:49.438Z] 🔵 Using timezone: "America/New_York"
[2026-02-25T10:04:49.451Z] 🔵 Day of week: "wednesday"
[2026-02-25T10:04:49.453Z] 🔵 Business hours for wednesday: {"open":"09:00","close":"17:00","isOpen":true}
[2026-02-25T10:04:49.454Z] 🔵 All business hours: {"monday":{"open":"09:00","close":"17:00","isOpen":true},"tuesday":{"open":"09:00","close":"17:00","isOpen":true},"wednesday":{"open":"09:00","close":"17:00","isOpen":true},"thursday":{"open":"09:00","close":"17:00","isOpen":true},"friday":{"open":"09:00","close":"17:00","isOpen":true},"saturday":{"open":"10:00","close":"15:00","isOpen":true},"sunday":{"open":"10:00","close":"15:00","isOpen":false}}
[2026-02-25T10:04:49.457Z] ✅ Clinic is open on wednesday from 09:00 to 17:00 
[2026-02-25T10:04:49.492Z] Blocked slots count: 
[2026-02-25T10:04:49.502Z] 🔵 Open time (UTC): "2026-02-25T14:00:00.000Z"
[2026-02-25T10:04:49.504Z] 🔵 Close time (UTC): "2026-02-25T22:00:00.000Z"
[2026-02-25T10:04:49.507Z] 🔵 Current time (UTC): "2026-02-25T10:04:49.507Z"
[2026-02-25T17:52:44.954Z] 🔵 Availability Request: {"clinicId":"c07c073a-ad9e-44fd-b1b7-0b82ac7ed194","serviceId":"bdd6033a-d623-4770-a2a4-f62177b3c3f3","providerId":null,"date":"2026-02-25"}
[2026-02-25T17:52:45.246Z] 🔵 Using date: "2026-02-25"
[2026-02-25T17:52:45.339Z] 🔵 Clinic: "abc clinic"
[2026-02-25T17:52:45.343Z] 🔵 Using timezone: "America/New_York"
[2026-02-25T17:52:45.355Z] 🔵 Day of week: "wednesday"
[2026-02-25T17:52:45.356Z] 🔵 Business hours for wednesday: {"open":"09:00","close":"17:00","isOpen":true}
[2026-02-25T17:52:45.357Z] 🔵 All business hours: {"monday":{"open":"09:00","close":"17:00","isOpen":true},"tuesday":{"open":"09:00","close":"17:00","isOpen":true},"wednesday":{"open":"09:00","close":"17:00","isOpen":true},"thursday":{"open":"09:00","close":"17:00","isOpen":true},"friday":{"open":"09:00","close":"17:00","isOpen":true},"saturday":{"open":"10:00","close":"15:00","isOpen":true},"sunday":{"open":"10:00","close":"15:00","isOpen":false}}
[2026-02-25T17:52:45.359Z] ✅ Clinic is open on wednesday from 09:00 to 17:00 
[2026-02-25T17:52:45.383Z] Blocked slots count: 
[2026-02-25T17:52:45.386Z] 🔵 Open time (UTC): "2026-02-25T14:00:00.000Z"
[2026-02-25T17:52:45.388Z] 🔵 Close time (UTC): "2026-02-25T22:00:00.000Z"
[2026-02-25T17:52:45.390Z] 🔵 Current time (UTC): "2026-02-25T17:52:45.390Z"
[2026-02-26T08:12:23.235Z] 🔵 Availability Request: {"clinicId":"c07c073a-ad9e-44fd-b1b7-0b82ac7ed194","serviceId":"bdd6033a-d623-4770-a2a4-f62177b3c3f3","providerId":null,"date":"2026-02-26"}
[2026-02-26T08:12:23.283Z] 🔵 Using date: "2026-02-26"
[2026-02-26T08:12:23.303Z] 🔵 Clinic: "abc clinic"
[2026-02-26T08:12:23.320Z] 🔵 Using timezone: "America/New_York"
[2026-02-26T08:12:23.530Z] 🔵 Day of week: "thursday"
[2026-02-26T08:12:23.539Z] 🔵 Business hours for thursday: {"open":"09:00","close":"17:00","isOpen":true}
[2026-02-26T08:12:23.548Z] 🔵 All business hours: {"monday":{"open":"09:00","close":"17:00","isOpen":true},"tuesday":{"open":"09:00","close":"17:00","isOpen":true},"wednesday":{"open":"09:00","close":"17:00","isOpen":true},"thursday":{"open":"09:00","close":"17:00","isOpen":true},"friday":{"open":"09:00","close":"17:00","isOpen":true},"saturday":{"open":"10:00","close":"15:00","isOpen":true},"sunday":{"open":"10:00","close":"15:00","isOpen":false}}
[2026-02-26T08:12:23.554Z] ✅ Clinic is open on thursday from 09:00 to 17:00 
[2026-02-26T08:12:23.669Z] Blocked slots count: 
[2026-02-26T08:12:23.688Z] 🔵 Open time (UTC): "2026-02-26T14:00:00.000Z"
[2026-02-26T08:12:23.699Z] 🔵 Close time (UTC): "2026-02-26T22:00:00.000Z"
[2026-02-26T08:12:23.702Z] 🔵 Current time (UTC): "2026-02-26T08:12:23.702Z"
[2026-02-26T08:17:47.430Z] 🔵 Availability Request: {"clinicId":"c07c073a-ad9e-44fd-b1b7-0b82ac7ed194","serviceId":"bdd6033a-d623-4770-a2a4-f62177b3c3f3","providerId":null,"date":"2026-02-26"}
[2026-02-26T08:17:47.442Z] 🔵 Using date: "2026-02-26"
[2026-02-26T08:17:47.464Z] 🔵 Clinic: "abc clinic"
[2026-02-26T08:17:47.474Z] 🔵 Using timezone: "America/New_York"
[2026-02-26T08:17:47.490Z] 🔵 Day of week: "thursday"
[2026-02-26T08:17:47.502Z] 🔵 Business hours for thursday: {"open":"09:00","close":"17:00","isOpen":true}
[2026-02-26T08:17:47.514Z] 🔵 All business hours: {"monday":{"open":"09:00","close":"17:00","isOpen":true},"tuesday":{"open":"09:00","close":"17:00","isOpen":true},"wednesday":{"open":"09:00","close":"17:00","isOpen":true},"thursday":{"open":"09:00","close":"17:00","isOpen":true},"friday":{"open":"09:00","close":"17:00","isOpen":true},"saturday":{"open":"10:00","close":"15:00","isOpen":true},"sunday":{"open":"10:00","close":"15:00","isOpen":false}}
[2026-02-26T08:17:47.517Z] ✅ Clinic is open on thursday from 09:00 to 17:00 
[2026-02-26T08:17:47.571Z] Blocked slots count: 
[2026-02-26T08:17:47.582Z] 🔵 Open time (UTC): "2026-02-26T14:00:00.000Z"
[2026-02-26T08:17:47.589Z] 🔵 Close time (UTC): "2026-02-26T22:00:00.000Z"
[2026-02-26T08:17:47.594Z] 🔵 Current time (UTC): "2026-02-26T08:17:47.594Z"
[2026-02-26T10:44:02.951Z] 🔵 Availability Request: {"clinicId":"c07c073a-ad9e-44fd-b1b7-0b82ac7ed194","serviceId":"bdd6033a-d623-4770-a2a4-f62177b3c3f3","providerId":null,"date":"2026-02-26"}
[2026-02-26T10:44:03.237Z] 🔵 Using date: "2026-02-26"
[2026-02-26T10:44:03.270Z] 🔵 Clinic: "abc clinic"
[2026-02-26T10:44:03.274Z] 🔵 Using timezone: "America/New_York"
[2026-02-26T10:44:03.279Z] 🔵 Day of week: "thursday"
[2026-02-26T10:44:03.282Z] 🔵 Business hours for thursday: {"open":"09:00","close":"17:00","isOpen":true}
[2026-02-26T10:44:03.283Z] 🔵 All business hours: {"monday":{"open":"09:00","close":"17:00","isOpen":true},"tuesday":{"open":"09:00","close":"17:00","isOpen":true},"wednesday":{"open":"09:00","close":"17:00","isOpen":true},"thursday":{"open":"09:00","close":"17:00","isOpen":true},"friday":{"open":"09:00","close":"17:00","isOpen":true},"saturday":{"open":"10:00","close":"15:00","isOpen":true},"sunday":{"open":"10:00","close":"15:00","isOpen":false}}
[2026-02-26T10:44:03.284Z] ✅ Clinic is open on thursday from 09:00 to 17:00 
[2026-02-26T10:44:03.305Z] Blocked slots count: 
[2026-02-26T10:44:03.307Z] 🔵 Open time (UTC): "2026-02-26T14:00:00.000Z"
[2026-02-26T10:44:03.308Z] 🔵 Close time (UTC): "2026-02-26T22:00:00.000Z"
[2026-02-26T10:44:03.308Z] 🔵 Current time (UTC): "2026-02-26T10:44:03.308Z"
[2026-02-26T10:44:21.728Z] 🔵 Availability Request: {"clinicId":"c07c073a-ad9e-44fd-b1b7-0b82ac7ed194","serviceId":"bdd6033a-d623-4770-a2a4-f62177b3c3f3","providerId":null,"date":"2026-02-26"}
[2026-02-26T10:44:21.730Z] 🔵 Using date: "2026-02-26"
[2026-02-26T10:44:21.742Z] 🔵 Clinic: "abc clinic"
[2026-02-26T10:44:21.748Z] 🔵 Using timezone: "America/New_York"
[2026-02-26T10:44:21.750Z] 🔵 Day of week: "thursday"
[2026-02-26T10:44:21.751Z] 🔵 Business hours for thursday: {"open":"09:00","close":"17:00","isOpen":true}
[2026-02-26T10:44:21.754Z] 🔵 All business hours: {"monday":{"open":"09:00","close":"17:00","isOpen":true},"tuesday":{"open":"09:00","close":"17:00","isOpen":true},"wednesday":{"open":"09:00","close":"17:00","isOpen":true},"thursday":{"open":"09:00","close":"17:00","isOpen":true},"friday":{"open":"09:00","close":"17:00","isOpen":true},"saturday":{"open":"10:00","close":"15:00","isOpen":true},"sunday":{"open":"10:00","close":"15:00","isOpen":false}}
[2026-02-26T10:44:21.756Z] ✅ Clinic is open on thursday from 09:00 to 17:00 
[2026-02-26T10:44:21.767Z] Blocked slots count: 
[2026-02-26T10:44:21.772Z] 🔵 Open time (UTC): "2026-02-26T14:00:00.000Z"
[2026-02-26T10:44:21.774Z] 🔵 Close time (UTC): "2026-02-26T22:00:00.000Z"
[2026-02-26T10:44:21.775Z] 🔵 Current time (UTC): "2026-02-26T10:44:21.775Z"
[2026-03-02T06:13:28.022Z] 🔵 Availability Request: {"clinicId":"c07c073a-ad9e-44fd-b1b7-0b82ac7ed194","serviceId":"bdd6033a-d623-4770-a2a4-f62177b3c3f3","providerId":null,"date":"2026-03-02"}
[2026-03-02T06:13:28.055Z] 🔵 Using date: "2026-03-02"
[2026-03-02T06:13:28.069Z] 🔵 Clinic: "abc clinic"
[2026-03-02T06:13:28.075Z] 🔵 Using timezone: "America/New_York"
[2026-03-02T06:13:28.139Z] 🔵 Day of week: "monday"
[2026-03-02T06:13:28.140Z] 🔵 Business hours for monday: {"open":"09:00","close":"17:00","isOpen":true}
[2026-03-02T06:13:28.141Z] 🔵 All business hours: {"monday":{"open":"09:00","close":"17:00","isOpen":true},"tuesday":{"open":"09:00","close":"17:00","isOpen":true},"wednesday":{"open":"09:00","close":"17:00","isOpen":true},"thursday":{"open":"09:00","close":"17:00","isOpen":true},"friday":{"open":"09:00","close":"17:00","isOpen":true},"saturday":{"open":"10:00","close":"15:00","isOpen":true},"sunday":{"open":"10:00","close":"15:00","isOpen":false}}
[2026-03-02T06:13:28.142Z] ✅ Clinic is open on monday from 09:00 to 17:00 
[2026-03-02T06:13:28.179Z] Blocked slots count: 
[2026-03-02T06:13:28.180Z] 🔵 Open time (UTC): "2026-03-02T14:00:00.000Z"
[2026-03-02T06:13:28.181Z] 🔵 Close time (UTC): "2026-03-02T22:00:00.000Z"
[2026-03-02T06:13:28.181Z] 🔵 Current time (UTC): "2026-03-02T06:13:28.181Z"
[2026-03-02T06:16:08.618Z] 🔵 Availability Request: {"clinicId":"c07c073a-ad9e-44fd-b1b7-0b82ac7ed194","serviceId":"bdd6033a-d623-4770-a2a4-f62177b3c3f3","providerId":null,"date":"2026-03-02"}
[2026-03-02T06:16:08.619Z] 🔵 Using date: "2026-03-02"
[2026-03-02T06:16:08.629Z] 🔵 Clinic: "abc clinic"
[2026-03-02T06:16:08.632Z] 🔵 Using timezone: "America/New_York"
[2026-03-02T06:16:08.633Z] 🔵 Day of week: "monday"
[2026-03-02T06:16:08.634Z] 🔵 Business hours for monday: {"open":"09:00","close":"17:00","isOpen":true}
[2026-03-02T06:16:08.635Z] 🔵 All business hours: {"monday":{"open":"09:00","close":"17:00","isOpen":true},"tuesday":{"open":"09:00","close":"17:00","isOpen":true},"wednesday":{"open":"09:00","close":"17:00","isOpen":true},"thursday":{"open":"09:00","close":"17:00","isOpen":true},"friday":{"open":"09:00","close":"17:00","isOpen":true},"saturday":{"open":"10:00","close":"15:00","isOpen":true},"sunday":{"open":"10:00","close":"15:00","isOpen":false}}
[2026-03-02T06:16:08.637Z] ✅ Clinic is open on monday from 09:00 to 17:00 
[2026-03-02T06:16:08.666Z] Blocked slots count: 
[2026-03-02T06:16:08.667Z] 🔵 Open time (UTC): "2026-03-02T14:00:00.000Z"
[2026-03-02T06:16:08.668Z] 🔵 Close time (UTC): "2026-03-02T22:00:00.000Z"
[2026-03-02T06:16:08.669Z] 🔵 Current time (UTC): "2026-03-02T06:16:08.669Z"
[2026-03-02T06:16:51.288Z] 🔵 Availability Request: {"clinicId":"c07c073a-ad9e-44fd-b1b7-0b82ac7ed194","serviceId":"bdd6033a-d623-4770-a2a4-f62177b3c3f3","providerId":null,"date":"2026-03-02"}
[2026-03-02T06:16:51.289Z] 🔵 Using date: "2026-03-02"
[2026-03-02T06:16:51.370Z] 🔵 Clinic: "abc clinic"
[2026-03-02T06:16:51.378Z] 🔵 Using timezone: "America/New_York"
[2026-03-02T06:16:51.384Z] 🔵 Day of week: "monday"
[2026-03-02T06:16:51.387Z] 🔵 Business hours for monday: {"open":"09:00","close":"17:00","isOpen":true}
[2026-03-02T06:16:51.388Z] 🔵 All business hours: {"monday":{"open":"09:00","close":"17:00","isOpen":true},"tuesday":{"open":"09:00","close":"17:00","isOpen":true},"wednesday":{"open":"09:00","close":"17:00","isOpen":true},"thursday":{"open":"09:00","close":"17:00","isOpen":true},"friday":{"open":"09:00","close":"17:00","isOpen":true},"saturday":{"open":"10:00","close":"15:00","isOpen":true},"sunday":{"open":"10:00","close":"15:00","isOpen":false}}
[2026-03-02T06:16:51.389Z] ✅ Clinic is open on monday from 09:00 to 17:00 
[2026-03-02T06:16:51.418Z] Blocked slots count: 
[2026-03-02T06:16:51.421Z] 🔵 Open time (UTC): "2026-03-02T14:00:00.000Z"
[2026-03-02T06:16:51.422Z] 🔵 Close time (UTC): "2026-03-02T22:00:00.000Z"
[2026-03-02T06:16:51.422Z] 🔵 Current time (UTC): "2026-03-02T06:16:51.422Z"
[2026-03-02T06:16:51.431Z] 🔵 Availability Request: {"clinicId":"c07c073a-ad9e-44fd-b1b7-0b82ac7ed194","serviceId":"bdd6033a-d623-4770-a2a4-f62177b3c3f3","providerId":null,"date":"2026-03-02"}
[2026-03-02T06:16:51.443Z] 🔵 Using date: "2026-03-02"
[2026-03-02T06:16:51.456Z] 🔵 Clinic: "abc clinic"
[2026-03-02T06:16:51.459Z] 🔵 Using timezone: "America/New_York"
[2026-03-02T06:16:51.461Z] 🔵 Day of week: "monday"
[2026-03-02T06:16:51.461Z] 🔵 Business hours for monday: {"open":"09:00","close":"17:00","isOpen":true}
[2026-03-02T06:16:51.462Z] 🔵 All business hours: {"monday":{"open":"09:00","close":"17:00","isOpen":true},"tuesday":{"open":"09:00","close":"17:00","isOpen":true},"wednesday":{"open":"09:00","close":"17:00","isOpen":true},"thursday":{"open":"09:00","close":"17:00","isOpen":true},"friday":{"open":"09:00","close":"17:00","isOpen":true},"saturday":{"open":"10:00","close":"15:00","isOpen":true},"sunday":{"open":"10:00","close":"15:00","isOpen":false}}
[2026-03-02T06:16:51.462Z] ✅ Clinic is open on monday from 09:00 to 17:00 
[2026-03-02T06:16:51.473Z] Blocked slots count: 
[2026-03-02T06:16:51.474Z] 🔵 Open time (UTC): "2026-03-02T14:00:00.000Z"
[2026-03-02T06:16:51.475Z] 🔵 Close time (UTC): "2026-03-02T22:00:00.000Z"
[2026-03-02T06:16:51.475Z] 🔵 Current time (UTC): "2026-03-02T06:16:51.475Z"
[2026-03-02T06:17:14.028Z] 🔵 Availability Request: {"clinicId":"c07c073a-ad9e-44fd-b1b7-0b82ac7ed194","serviceId":"bdd6033a-d623-4770-a2a4-f62177b3c3f3","providerId":null,"date":"2026-03-02"}
[2026-03-02T06:17:14.029Z] 🔵 Using date: "2026-03-02"
[2026-03-02T06:17:14.121Z] 🔵 Clinic: "abc clinic"
[2026-03-02T06:17:14.124Z] 🔵 Using timezone: "America/New_York"
[2026-03-02T06:17:14.125Z] 🔵 Day of week: "monday"
[2026-03-02T06:17:14.126Z] 🔵 Business hours for monday: {"open":"09:00","close":"17:00","isOpen":true}
[2026-03-02T06:17:14.126Z] 🔵 All business hours: {"monday":{"open":"09:00","close":"17:00","isOpen":true},"tuesday":{"open":"09:00","close":"17:00","isOpen":true},"wednesday":{"open":"09:00","close":"17:00","isOpen":true},"thursday":{"open":"09:00","close":"17:00","isOpen":true},"friday":{"open":"09:00","close":"17:00","isOpen":true},"saturday":{"open":"10:00","close":"15:00","isOpen":true},"sunday":{"open":"10:00","close":"15:00","isOpen":false}}
[2026-03-02T06:17:14.127Z] ✅ Clinic is open on monday from 09:00 to 17:00 
[2026-03-02T06:17:14.185Z] Blocked slots count: 
[2026-03-02T06:17:14.187Z] 🔵 Open time (UTC): "2026-03-02T14:00:00.000Z"
[2026-03-02T06:17:14.187Z] 🔵 Close time (UTC): "2026-03-02T22:00:00.000Z"
[2026-03-02T06:17:14.188Z] 🔵 Current time (UTC): "2026-03-02T06:17:14.188Z"
[2026-03-02T06:17:14.195Z] 🔵 Availability Request: {"clinicId":"c07c073a-ad9e-44fd-b1b7-0b82ac7ed194","serviceId":"bdd6033a-d623-4770-a2a4-f62177b3c3f3","providerId":null,"date":"2026-03-02"}
[2026-03-02T06:17:14.195Z] 🔵 Using date: "2026-03-02"
[2026-03-02T06:17:14.209Z] 🔵 Clinic: "abc clinic"
[2026-03-02T06:17:14.215Z] 🔵 Using timezone: "America/New_York"
[2026-03-02T06:17:14.218Z] 🔵 Day of week: "monday"
[2026-03-02T06:17:14.221Z] 🔵 Business hours for monday: {"open":"09:00","close":"17:00","isOpen":true}
[2026-03-02T06:17:14.222Z] 🔵 All business hours: {"monday":{"open":"09:00","close":"17:00","isOpen":true},"tuesday":{"open":"09:00","close":"17:00","isOpen":true},"wednesday":{"open":"09:00","close":"17:00","isOpen":true},"thursday":{"open":"09:00","close":"17:00","isOpen":true},"friday":{"open":"09:00","close":"17:00","isOpen":true},"saturday":{"open":"10:00","close":"15:00","isOpen":true},"sunday":{"open":"10:00","close":"15:00","isOpen":false}}
[2026-03-02T06:17:14.223Z] ✅ Clinic is open on monday from 09:00 to 17:00 
[2026-03-02T06:17:14.242Z] Blocked slots count: 
[2026-03-02T06:17:14.244Z] 🔵 Open time (UTC): "2026-03-02T14:00:00.000Z"
[2026-03-02T06:17:14.245Z] 🔵 Close time (UTC): "2026-03-02T22:00:00.000Z"
[2026-03-02T06:17:14.246Z] 🔵 Current time (UTC): "2026-03-02T06:17:14.246Z"
[2026-03-02T06:17:55.823Z] 🔵 Availability Request: {"clinicId":"c07c073a-ad9e-44fd-b1b7-0b82ac7ed194","serviceId":"bdd6033a-d623-4770-a2a4-f62177b3c3f3","providerId":null,"date":"2026-03-02"}
[2026-03-02T06:17:55.829Z] 🔵 Using date: "2026-03-02"
[2026-03-02T06:17:55.988Z] 🔵 Clinic: "abc clinic"
[2026-03-02T06:17:55.991Z] 🔵 Using timezone: "America/New_York"
[2026-03-02T06:17:55.992Z] 🔵 Day of week: "monday"
[2026-03-02T06:17:55.993Z] 🔵 Business hours for monday: {"open":"09:00","close":"17:00","isOpen":true}
[2026-03-02T06:17:55.993Z] 🔵 All business hours: {"monday":{"open":"09:00","close":"17:00","isOpen":true},"tuesday":{"open":"09:00","close":"17:00","isOpen":true},"wednesday":{"open":"09:00","close":"17:00","isOpen":true},"thursday":{"open":"09:00","close":"17:00","isOpen":true},"friday":{"open":"09:00","close":"17:00","isOpen":true},"saturday":{"open":"10:00","close":"15:00","isOpen":true},"sunday":{"open":"10:00","close":"15:00","isOpen":false}}
[2026-03-02T06:17:55.994Z] ✅ Clinic is open on monday from 09:00 to 17:00 
[2026-03-02T06:17:56.024Z] Blocked slots count: 
[2026-03-02T06:17:56.025Z] 🔵 Open time (UTC): "2026-03-02T14:00:00.000Z"
[2026-03-02T06:17:56.025Z] 🔵 Close time (UTC): "2026-03-02T22:00:00.000Z"
[2026-03-02T06:17:56.026Z] 🔵 Current time (UTC): "2026-03-02T06:17:56.026Z"
[2026-03-02T06:17:56.042Z] 🔵 Availability Request: {"clinicId":"c07c073a-ad9e-44fd-b1b7-0b82ac7ed194","serviceId":"bdd6033a-d623-4770-a2a4-f62177b3c3f3","providerId":null,"date":"2026-03-02"}
[2026-03-02T06:17:56.042Z] 🔵 Using date: "2026-03-02"
[2026-03-02T06:17:56.077Z] 🔵 Clinic: "abc clinic"
[2026-03-02T06:17:56.080Z] 🔵 Using timezone: "America/New_York"
[2026-03-02T06:17:56.081Z] 🔵 Day of week: "monday"
[2026-03-02T06:17:56.085Z] 🔵 Business hours for monday: {"open":"09:00","close":"17:00","isOpen":true}
[2026-03-02T06:17:56.086Z] 🔵 All business hours: {"monday":{"open":"09:00","close":"17:00","isOpen":true},"tuesday":{"open":"09:00","close":"17:00","isOpen":true},"wednesday":{"open":"09:00","close":"17:00","isOpen":true},"thursday":{"open":"09:00","close":"17:00","isOpen":true},"friday":{"open":"09:00","close":"17:00","isOpen":true},"saturday":{"open":"10:00","close":"15:00","isOpen":true},"sunday":{"open":"10:00","close":"15:00","isOpen":false}}
[2026-03-02T06:17:56.088Z] ✅ Clinic is open on monday from 09:00 to 17:00 
[2026-03-02T06:17:56.098Z] Blocked slots count: 
[2026-03-02T06:17:56.100Z] 🔵 Open time (UTC): "2026-03-02T14:00:00.000Z"
[2026-03-02T06:17:56.100Z] 🔵 Close time (UTC): "2026-03-02T22:00:00.000Z"
[2026-03-02T06:17:56.101Z] 🔵 Current time (UTC): "2026-03-02T06:17:56.101Z"
[2026-03-02T06:44:01.521Z] 🔵 Availability Request: {"clinicId":"c07c073a-ad9e-44fd-b1b7-0b82ac7ed194","serviceId":"bdd6033a-d623-4770-a2a4-f62177b3c3f3","providerId":null,"date":"2026-03-02"}
[2026-03-02T06:44:01.555Z] 🔵 Using date: "2026-03-02"
[2026-03-02T06:44:01.570Z] 🔵 Clinic: "abc clinic"
[2026-03-02T06:44:01.576Z] 🔵 Using timezone: "America/New_York"
[2026-03-02T06:44:01.582Z] 🔵 Day of week: "monday"
[2026-03-02T06:44:01.582Z] 🔵 Business hours for monday: {"open":"09:00","close":"17:00","isOpen":true}
[2026-03-02T06:44:01.583Z] 🔵 All business hours: {"monday":{"open":"09:00","close":"17:00","isOpen":true},"tuesday":{"open":"09:00","close":"17:00","isOpen":true},"wednesday":{"open":"09:00","close":"17:00","isOpen":true},"thursday":{"open":"09:00","close":"17:00","isOpen":true},"friday":{"open":"09:00","close":"17:00","isOpen":true},"saturday":{"open":"10:00","close":"15:00","isOpen":true},"sunday":{"open":"10:00","close":"15:00","isOpen":false}}
[2026-03-02T06:44:01.583Z] ✅ Clinic is open on monday from 09:00 to 17:00 
[2026-03-02T06:44:01.611Z] Blocked slots count: 
[2026-03-02T06:44:01.613Z] 🔵 Open time (UTC): "2026-03-02T14:00:00.000Z"
[2026-03-02T06:44:01.615Z] 🔵 Close time (UTC): "2026-03-02T22:00:00.000Z"
[2026-03-02T06:44:01.616Z] 🔵 Current time (UTC): "2026-03-02T06:44:01.616Z"
[2026-03-02T06:45:29.266Z] 🔵 Availability Request: {"clinicId":"c07c073a-ad9e-44fd-b1b7-0b82ac7ed194","serviceId":"bdd6033a-d623-4770-a2a4-f62177b3c3f3","providerId":null,"date":"2026-03-02"}
[2026-03-02T06:45:29.267Z] 🔵 Using date: "2026-03-02"
[2026-03-02T06:45:29.472Z] 🔵 Clinic: "abc clinic"
[2026-03-02T06:45:29.477Z] 🔵 Using timezone: "America/New_York"
[2026-03-02T06:45:29.479Z] 🔵 Day of week: "monday"
[2026-03-02T06:45:29.479Z] 🔵 Business hours for monday: {"open":"09:00","close":"17:00","isOpen":true}
[2026-03-02T06:45:29.480Z] 🔵 All business hours: {"monday":{"open":"09:00","close":"17:00","isOpen":true},"tuesday":{"open":"09:00","close":"17:00","isOpen":true},"wednesday":{"open":"09:00","close":"17:00","isOpen":true},"thursday":{"open":"09:00","close":"17:00","isOpen":true},"friday":{"open":"09:00","close":"17:00","isOpen":true},"saturday":{"open":"10:00","close":"15:00","isOpen":true},"sunday":{"open":"10:00","close":"15:00","isOpen":false}}
[2026-03-02T06:45:29.480Z] ✅ Clinic is open on monday from 09:00 to 17:00 
[2026-03-02T06:45:29.517Z] Blocked slots count: 
[2026-03-02T06:45:29.517Z] 🔵 Open time (UTC): "2026-03-02T14:00:00.000Z"
[2026-03-02T06:45:29.518Z] 🔵 Close time (UTC): "2026-03-02T22:00:00.000Z"
[2026-03-02T06:45:29.519Z] 🔵 Current time (UTC): "2026-03-02T06:45:29.519Z"
[2026-03-02T06:45:29.529Z] 🔵 Availability Request: {"clinicId":"c07c073a-ad9e-44fd-b1b7-0b82ac7ed194","serviceId":"bdd6033a-d623-4770-a2a4-f62177b3c3f3","providerId":null,"date":"2026-03-02"}
[2026-03-02T06:45:29.531Z] 🔵 Using date: "2026-03-02"
[2026-03-02T06:45:29.545Z] 🔵 Clinic: "abc clinic"
[2026-03-02T06:45:29.549Z] 🔵 Using timezone: "America/New_York"
[2026-03-02T06:45:29.550Z] 🔵 Day of week: "monday"
[2026-03-02T06:45:29.550Z] 🔵 Business hours for monday: {"open":"09:00","close":"17:00","isOpen":true}
[2026-03-02T06:45:29.552Z] 🔵 All business hours: {"monday":{"open":"09:00","close":"17:00","isOpen":true},"tuesday":{"open":"09:00","close":"17:00","isOpen":true},"wednesday":{"open":"09:00","close":"17:00","isOpen":true},"thursday":{"open":"09:00","close":"17:00","isOpen":true},"friday":{"open":"09:00","close":"17:00","isOpen":true},"saturday":{"open":"10:00","close":"15:00","isOpen":true},"sunday":{"open":"10:00","close":"15:00","isOpen":false}}
[2026-03-02T06:45:29.553Z] ✅ Clinic is open on monday from 09:00 to 17:00 
[2026-03-02T06:45:29.576Z] Blocked slots count: 
[2026-03-02T06:45:29.578Z] 🔵 Open time (UTC): "2026-03-02T14:00:00.000Z"
[2026-03-02T06:45:29.579Z] 🔵 Close time (UTC): "2026-03-02T22:00:00.000Z"
[2026-03-02T06:45:29.580Z] 🔵 Current time (UTC): "2026-03-02T06:45:29.580Z"
[2026-03-02T06:53:00.383Z] 🔵 Availability Request: {"clinicId":"c07c073a-ad9e-44fd-b1b7-0b82ac7ed194","serviceId":"bdd6033a-d623-4770-a2a4-f62177b3c3f3","providerId":null,"date":"2026-03-02"}
[2026-03-02T06:53:00.389Z] 🔵 Using date: "2026-03-02"
[2026-03-02T06:53:00.411Z] 🔵 Clinic: "abc clinic"
[2026-03-02T06:53:00.416Z] 🔵 Using timezone: "America/New_York"
[2026-03-02T06:53:00.425Z] 🔵 Day of week: "monday"
[2026-03-02T06:53:00.425Z] 🔵 Business hours for monday: {"open":"09:00","close":"17:00","isOpen":true}
[2026-03-02T06:53:00.426Z] 🔵 All business hours: {"monday":{"open":"09:00","close":"17:00","isOpen":true},"tuesday":{"open":"09:00","close":"17:00","isOpen":true},"wednesday":{"open":"09:00","close":"17:00","isOpen":true},"thursday":{"open":"09:00","close":"17:00","isOpen":true},"friday":{"open":"09:00","close":"17:00","isOpen":true},"saturday":{"open":"10:00","close":"15:00","isOpen":true},"sunday":{"open":"10:00","close":"15:00","isOpen":false}}
[2026-03-02T06:53:00.428Z] ✅ Clinic is open on monday from 09:00 to 17:00 
[2026-03-02T06:53:00.463Z] Blocked slots count: 
[2026-03-02T06:53:00.464Z] 🔵 Open time (UTC): "2026-03-02T14:00:00.000Z"
[2026-03-02T06:53:00.465Z] 🔵 Close time (UTC): "2026-03-02T22:00:00.000Z"
[2026-03-02T06:53:00.465Z] 🔵 Current time (UTC): "2026-03-02T06:53:00.465Z"
[2026-03-02T06:53:03.393Z] 🔵 Availability Request: {"clinicId":"c07c073a-ad9e-44fd-b1b7-0b82ac7ed194","serviceId":"bdd6033a-d623-4770-a2a4-f62177b3c3f3","providerId":null,"date":"2026-03-20"}
[2026-03-02T06:53:03.394Z] 🔵 Using date: "2026-03-20"
[2026-03-02T06:53:03.412Z] 🔵 Clinic: "abc clinic"
[2026-03-02T06:53:03.416Z] 🔵 Using timezone: "America/New_York"
[2026-03-02T06:53:03.417Z] 🔵 Day of week: "friday"
[2026-03-02T06:53:03.417Z] 🔵 Business hours for friday: {"open":"09:00","close":"17:00","isOpen":true}
[2026-03-02T06:53:03.418Z] 🔵 All business hours: {"monday":{"open":"09:00","close":"17:00","isOpen":true},"tuesday":{"open":"09:00","close":"17:00","isOpen":true},"wednesday":{"open":"09:00","close":"17:00","isOpen":true},"thursday":{"open":"09:00","close":"17:00","isOpen":true},"friday":{"open":"09:00","close":"17:00","isOpen":true},"saturday":{"open":"10:00","close":"15:00","isOpen":true},"sunday":{"open":"10:00","close":"15:00","isOpen":false}}
[2026-03-02T06:53:03.419Z] ✅ Clinic is open on friday from 09:00 to 17:00 
[2026-03-02T06:53:03.432Z] Blocked slots count: 
[2026-03-02T06:53:03.433Z] 🔵 Open time (UTC): "2026-03-20T13:00:00.000Z"
[2026-03-02T06:53:03.434Z] 🔵 Close time (UTC): "2026-03-20T21:00:00.000Z"
[2026-03-02T06:53:03.434Z] 🔵 Current time (UTC): "2026-03-02T06:53:03.434Z"
[2026-03-02T06:55:35.641Z] 🔵 Availability Request: {"clinicId":"c07c073a-ad9e-44fd-b1b7-0b82ac7ed194","serviceId":"bdd6033a-d623-4770-a2a4-f62177b3c3f3","providerId":null,"date":"2026-03-02"}
[2026-03-02T06:55:35.643Z] 🔵 Using date: "2026-03-02"
[2026-03-02T06:55:35.668Z] 🔵 Clinic: "abc clinic"
[2026-03-02T06:55:35.674Z] 🔵 Using timezone: "America/New_York"
[2026-03-02T06:55:35.678Z] 🔵 Day of week: "monday"
[2026-03-02T06:55:35.679Z] 🔵 Business hours for monday: {"open":"09:00","close":"17:00","isOpen":true}
[2026-03-02T06:55:35.685Z] 🔵 All business hours: {"monday":{"open":"09:00","close":"17:00","isOpen":true},"tuesday":{"open":"09:00","close":"17:00","isOpen":true},"wednesday":{"open":"09:00","close":"17:00","isOpen":true},"thursday":{"open":"09:00","close":"17:00","isOpen":true},"friday":{"open":"09:00","close":"17:00","isOpen":true},"saturday":{"open":"10:00","close":"15:00","isOpen":true},"sunday":{"open":"10:00","close":"15:00","isOpen":false}}
[2026-03-02T06:55:35.687Z] ✅ Clinic is open on monday from 09:00 to 17:00 
[2026-03-02T06:55:35.716Z] Blocked slots count: 
[2026-03-02T06:55:35.718Z] 🔵 Open time (UTC): "2026-03-02T14:00:00.000Z"
[2026-03-02T06:55:35.724Z] 🔵 Close time (UTC): "2026-03-02T22:00:00.000Z"
[2026-03-02T06:55:35.725Z] 🔵 Current time (UTC): "2026-03-02T06:55:35.725Z"
[2026-03-02T09:20:13.035Z] 🔵 Availability Request: {"clinicId":"c07c073a-ad9e-44fd-b1b7-0b82ac7ed194","serviceId":"bdd6033a-d623-4770-a2a4-f62177b3c3f3","providerId":null,"date":"2026-03-02"}
[2026-03-02T09:20:13.046Z] 🔵 Using date: "2026-03-02"
[2026-03-02T09:20:13.058Z] 🔵 Clinic: "abc clinic"
[2026-03-02T09:20:13.063Z] 🔵 Using timezone: "America/New_York"
[2026-03-02T09:20:13.091Z] 🔵 Day of week: "monday"
[2026-03-02T09:20:13.092Z] 🔵 Business hours for monday: {"open":"09:00","close":"17:00","isOpen":true}
[2026-03-02T09:20:13.094Z] 🔵 All business hours: {"monday":{"open":"09:00","close":"17:00","isOpen":true},"tuesday":{"open":"09:00","close":"17:00","isOpen":true},"wednesday":{"open":"09:00","close":"17:00","isOpen":true},"thursday":{"open":"09:00","close":"17:00","isOpen":true},"friday":{"open":"09:00","close":"17:00","isOpen":true},"saturday":{"open":"10:00","close":"15:00","isOpen":true},"sunday":{"open":"10:00","close":"15:00","isOpen":false}}
[2026-03-02T09:20:13.095Z] ✅ Clinic is open on monday from 09:00 to 17:00 
[2026-03-02T09:20:13.271Z] Blocked slots count: 
[2026-03-02T09:20:13.275Z] 🔵 Open time (UTC): "2026-03-02T14:00:00.000Z"
[2026-03-02T09:20:13.277Z] 🔵 Close time (UTC): "2026-03-02T22:00:00.000Z"
[2026-03-02T09:20:13.290Z] 🔵 Current time (UTC): "2026-03-02T09:20:13.290Z"
[2026-03-03T05:10:48.224Z] 🔵 Availability Request: {"clinicId":"c07c073a-ad9e-44fd-b1b7-0b82ac7ed194","serviceId":"bdd6033a-d623-4770-a2a4-f62177b3c3f3","providerId":null,"date":"2026-03-03"}
[2026-03-03T05:10:48.501Z] 🔵 Using date: "2026-03-03"
[2026-03-03T05:10:48.521Z] 🔵 Clinic: "abc clinic"
[2026-03-03T05:10:48.530Z] 🔵 Using timezone: "America/New_York"
[2026-03-03T05:10:48.589Z] 🔵 Day of week: "tuesday"
[2026-03-03T05:10:48.590Z] 🔵 Business hours for tuesday: {"open":"09:00","close":"17:00","isOpen":true}
[2026-03-03T05:10:48.591Z] 🔵 All business hours: {"monday":{"open":"09:00","close":"17:00","isOpen":true},"tuesday":{"open":"09:00","close":"17:00","isOpen":true},"wednesday":{"open":"09:00","close":"17:00","isOpen":true},"thursday":{"open":"09:00","close":"17:00","isOpen":true},"friday":{"open":"09:00","close":"17:00","isOpen":true},"saturday":{"open":"10:00","close":"15:00","isOpen":true},"sunday":{"open":"10:00","close":"15:00","isOpen":false}}
[2026-03-03T05:10:48.595Z] ✅ Clinic is open on tuesday from 09:00 to 17:00 
[2026-03-03T05:10:48.633Z] Blocked slots count: 
[2026-03-03T05:10:48.635Z] 🔵 Open time (UTC): "2026-03-03T14:00:00.000Z"
[2026-03-03T05:10:48.635Z] 🔵 Close time (UTC): "2026-03-03T22:00:00.000Z"
[2026-03-03T05:10:48.636Z] 🔵 Current time (UTC): "2026-03-03T05:10:48.636Z"
[2026-03-03T05:10:48.643Z] 🔵 Availability Request: {"clinicId":"c07c073a-ad9e-44fd-b1b7-0b82ac7ed194","serviceId":"bdd6033a-d623-4770-a2a4-f62177b3c3f3","providerId":null,"date":"2026-03-03"}
[2026-03-03T05:10:48.644Z] 🔵 Using date: "2026-03-03"
[2026-03-03T05:10:48.661Z] 🔵 Clinic: "abc clinic"
[2026-03-03T05:10:48.682Z] 🔵 Using timezone: "America/New_York"
[2026-03-03T05:10:48.699Z] 🔵 Day of week: "tuesday"
[2026-03-03T05:10:48.700Z] 🔵 Business hours for tuesday: {"open":"09:00","close":"17:00","isOpen":true}
[2026-03-03T05:10:48.704Z] 🔵 All business hours: {"monday":{"open":"09:00","close":"17:00","isOpen":true},"tuesday":{"open":"09:00","close":"17:00","isOpen":true},"wednesday":{"open":"09:00","close":"17:00","isOpen":true},"thursday":{"open":"09:00","close":"17:00","isOpen":true},"friday":{"open":"09:00","close":"17:00","isOpen":true},"saturday":{"open":"10:00","close":"15:00","isOpen":true},"sunday":{"open":"10:00","close":"15:00","isOpen":false}}
[2026-03-03T05:10:48.706Z] ✅ Clinic is open on tuesday from 09:00 to 17:00 
[2026-03-03T05:10:48.737Z] Blocked slots count: 
[2026-03-03T05:10:48.738Z] 🔵 Open time (UTC): "2026-03-03T14:00:00.000Z"
[2026-03-03T05:10:48.739Z] 🔵 Close time (UTC): "2026-03-03T22:00:00.000Z"
[2026-03-03T05:10:48.740Z] 🔵 Current time (UTC): "2026-03-03T05:10:48.740Z"
[2026-03-03T05:27:19.469Z] 🔵 Availability Request: {"clinicId":"c07c073a-ad9e-44fd-b1b7-0b82ac7ed194","serviceId":"bdd6033a-d623-4770-a2a4-f62177b3c3f3","providerId":null,"date":"2026-03-03"}
[2026-03-03T05:27:19.470Z] 🔵 Using date: "2026-03-03"
[2026-03-03T05:27:19.527Z] 🔵 Clinic: "abc clinic"
[2026-03-03T05:27:19.532Z] 🔵 Using timezone: "America/New_York"
[2026-03-03T05:27:19.533Z] 🔵 Day of week: "tuesday"
[2026-03-03T05:27:19.534Z] 🔵 Business hours for tuesday: {"open":"09:00","close":"17:00","isOpen":true}
[2026-03-03T05:27:19.534Z] 🔵 All business hours: {"monday":{"open":"09:00","close":"17:00","isOpen":true},"tuesday":{"open":"09:00","close":"17:00","isOpen":true},"wednesday":{"open":"09:00","close":"17:00","isOpen":true},"thursday":{"open":"09:00","close":"17:00","isOpen":true},"friday":{"open":"09:00","close":"17:00","isOpen":true},"saturday":{"open":"10:00","close":"15:00","isOpen":true},"sunday":{"open":"10:00","close":"15:00","isOpen":false}}
[2026-03-03T05:27:19.535Z] ✅ Clinic is open on tuesday from 09:00 to 17:00 
[2026-03-03T05:27:19.559Z] Blocked slots count: 
[2026-03-03T05:27:19.560Z] 🔵 Open time (UTC): "2026-03-03T14:00:00.000Z"
[2026-03-03T05:27:19.560Z] 🔵 Close time (UTC): "2026-03-03T22:00:00.000Z"
[2026-03-03T05:27:19.560Z] 🔵 Current time (UTC): "2026-03-03T05:27:19.560Z"
[2026-03-03T05:27:19.570Z] 🔵 Availability Request: {"clinicId":"c07c073a-ad9e-44fd-b1b7-0b82ac7ed194","serviceId":"bdd6033a-d623-4770-a2a4-f62177b3c3f3","providerId":null,"date":"2026-03-03"}
[2026-03-03T05:27:19.571Z] 🔵 Using date: "2026-03-03"
[2026-03-03T05:27:19.578Z] 🔵 Clinic: "abc clinic"
[2026-03-03T05:27:19.583Z] 🔵 Using timezone: "America/New_York"
[2026-03-03T05:27:19.583Z] 🔵 Day of week: "tuesday"
[2026-03-03T05:27:19.584Z] 🔵 Business hours for tuesday: {"open":"09:00","close":"17:00","isOpen":true}
[2026-03-03T05:27:19.584Z] 🔵 All business hours: {"monday":{"open":"09:00","close":"17:00","isOpen":true},"tuesday":{"open":"09:00","close":"17:00","isOpen":true},"wednesday":{"open":"09:00","close":"17:00","isOpen":true},"thursday":{"open":"09:00","close":"17:00","isOpen":true},"friday":{"open":"09:00","close":"17:00","isOpen":true},"saturday":{"open":"10:00","close":"15:00","isOpen":true},"sunday":{"open":"10:00","close":"15:00","isOpen":false}}
[2026-03-03T05:27:19.585Z] ✅ Clinic is open on tuesday from 09:00 to 17:00 
[2026-03-03T05:27:19.594Z] Blocked slots count: 
[2026-03-03T05:27:19.595Z] 🔵 Open time (UTC): "2026-03-03T14:00:00.000Z"
[2026-03-03T05:27:19.598Z] 🔵 Close time (UTC): "2026-03-03T22:00:00.000Z"
[2026-03-03T05:27:19.598Z] 🔵 Current time (UTC): "2026-03-03T05:27:19.598Z"
[2026-03-03T06:29:48.355Z] 🔵 Availability Request: {"clinicId":"c07c073a-ad9e-44fd-b1b7-0b82ac7ed194","serviceId":"bdd6033a-d623-4770-a2a4-f62177b3c3f3","providerId":null,"date":"2026-03-03"}
[2026-03-03T06:29:48.357Z] 🔵 Using date: "2026-03-03"
[2026-03-03T06:29:48.364Z] 🔵 Clinic: "abc clinic"
[2026-03-03T06:29:48.375Z] 🔵 Using timezone: "America/New_York"
[2026-03-03T06:29:48.383Z] 🔵 Day of week: "tuesday"
[2026-03-03T06:29:48.385Z] 🔵 Business hours for tuesday: {"open":"09:00","close":"17:00","isOpen":true}
[2026-03-03T06:29:48.385Z] 🔵 All business hours: {"monday":{"open":"09:00","close":"17:00","isOpen":true},"tuesday":{"open":"09:00","close":"17:00","isOpen":true},"wednesday":{"open":"09:00","close":"17:00","isOpen":true},"thursday":{"open":"09:00","close":"17:00","isOpen":true},"friday":{"open":"09:00","close":"17:00","isOpen":true},"saturday":{"open":"10:00","close":"15:00","isOpen":true},"sunday":{"open":"10:00","close":"15:00","isOpen":false}}
[2026-03-03T06:29:48.388Z] ✅ Clinic is open on tuesday from 09:00 to 17:00 
[2026-03-03T06:29:48.423Z] Blocked slots count: 
[2026-03-03T06:29:48.425Z] 🔵 Open time (UTC): "2026-03-03T14:00:00.000Z"
[2026-03-03T06:29:48.426Z] 🔵 Close time (UTC): "2026-03-03T22:00:00.000Z"
[2026-03-03T06:29:48.428Z] 🔵 Current time (UTC): "2026-03-03T06:29:48.428Z"
[2026-03-03T06:30:11.192Z] 🔵 Availability Request: {"clinicId":"c07c073a-ad9e-44fd-b1b7-0b82ac7ed194","serviceId":"bdd6033a-d623-4770-a2a4-f62177b3c3f3","providerId":null,"date":"2026-03-03"}
[2026-03-03T06:30:11.193Z] 🔵 Using date: "2026-03-03"
[2026-03-03T06:30:11.268Z] 🔵 Clinic: "abc clinic"
[2026-03-03T06:30:11.272Z] 🔵 Using timezone: "America/New_York"
[2026-03-03T06:30:11.273Z] 🔵 Day of week: "tuesday"
[2026-03-03T06:30:11.274Z] 🔵 Business hours for tuesday: {"open":"09:00","close":"17:00","isOpen":true}
[2026-03-03T06:30:11.274Z] 🔵 All business hours: {"monday":{"open":"09:00","close":"17:00","isOpen":true},"tuesday":{"open":"09:00","close":"17:00","isOpen":true},"wednesday":{"open":"09:00","close":"17:00","isOpen":true},"thursday":{"open":"09:00","close":"17:00","isOpen":true},"friday":{"open":"09:00","close":"17:00","isOpen":true},"saturday":{"open":"10:00","close":"15:00","isOpen":true},"sunday":{"open":"10:00","close":"15:00","isOpen":false}}
[2026-03-03T06:30:11.275Z] ✅ Clinic is open on tuesday from 09:00 to 17:00 
[2026-03-03T06:30:11.354Z] Blocked slots count: 
[2026-03-03T06:30:11.355Z] 🔵 Open time (UTC): "2026-03-03T14:00:00.000Z"
[2026-03-03T06:30:11.355Z] 🔵 Close time (UTC): "2026-03-03T22:00:00.000Z"
[2026-03-03T06:30:11.356Z] 🔵 Current time (UTC): "2026-03-03T06:30:11.356Z"
[2026-03-03T06:30:11.372Z] 🔵 Availability Request: {"clinicId":"c07c073a-ad9e-44fd-b1b7-0b82ac7ed194","serviceId":"bdd6033a-d623-4770-a2a4-f62177b3c3f3","providerId":null,"date":"2026-03-03"}
[2026-03-03T06:30:11.373Z] 🔵 Using date: "2026-03-03"
[2026-03-03T06:30:11.383Z] 🔵 Clinic: "abc clinic"
[2026-03-03T06:30:11.387Z] 🔵 Using timezone: "America/New_York"
[2026-03-03T06:30:11.388Z] 🔵 Day of week: "tuesday"
[2026-03-03T06:30:11.389Z] 🔵 Business hours for tuesday: {"open":"09:00","close":"17:00","isOpen":true}
[2026-03-03T06:30:11.389Z] 🔵 All business hours: {"monday":{"open":"09:00","close":"17:00","isOpen":true},"tuesday":{"open":"09:00","close":"17:00","isOpen":true},"wednesday":{"open":"09:00","close":"17:00","isOpen":true},"thursday":{"open":"09:00","close":"17:00","isOpen":true},"friday":{"open":"09:00","close":"17:00","isOpen":true},"saturday":{"open":"10:00","close":"15:00","isOpen":true},"sunday":{"open":"10:00","close":"15:00","isOpen":false}}
[2026-03-03T06:30:11.393Z] ✅ Clinic is open on tuesday from 09:00 to 17:00 
[2026-03-03T06:30:11.431Z] Blocked slots count: 
[2026-03-03T06:30:11.433Z] 🔵 Open time (UTC): "2026-03-03T14:00:00.000Z"
[2026-03-03T06:30:11.434Z] 🔵 Close time (UTC): "2026-03-03T22:00:00.000Z"
[2026-03-03T06:30:11.435Z] 🔵 Current time (UTC): "2026-03-03T06:30:11.435Z"
[2026-03-03T06:31:16.095Z] 🔵 Availability Request: {"clinicId":"c07c073a-ad9e-44fd-b1b7-0b82ac7ed194","serviceId":"bdd6033a-d623-4770-a2a4-f62177b3c3f3","providerId":null,"date":"2026-03-03"}
[2026-03-03T06:31:16.098Z] 🔵 Using date: "2026-03-03"
[2026-03-03T06:31:16.209Z] 🔵 Clinic: "abc clinic"
[2026-03-03T06:31:16.212Z] 🔵 Using timezone: "America/New_York"
[2026-03-03T06:31:16.214Z] 🔵 Day of week: "tuesday"
[2026-03-03T06:31:16.214Z] 🔵 Business hours for tuesday: {"open":"09:00","close":"17:00","isOpen":true}
[2026-03-03T06:31:16.215Z] 🔵 All business hours: {"monday":{"open":"09:00","close":"17:00","isOpen":true},"tuesday":{"open":"09:00","close":"17:00","isOpen":true},"wednesday":{"open":"09:00","close":"17:00","isOpen":true},"thursday":{"open":"09:00","close":"17:00","isOpen":true},"friday":{"open":"09:00","close":"17:00","isOpen":true},"saturday":{"open":"10:00","close":"15:00","isOpen":true},"sunday":{"open":"10:00","close":"15:00","isOpen":false}}
[2026-03-03T06:31:16.216Z] ✅ Clinic is open on tuesday from 09:00 to 17:00 
[2026-03-03T06:31:16.246Z] Blocked slots count: 
[2026-03-03T06:31:16.247Z] 🔵 Open time (UTC): "2026-03-03T14:00:00.000Z"
[2026-03-03T06:31:16.248Z] 🔵 Close time (UTC): "2026-03-03T22:00:00.000Z"
[2026-03-03T06:31:16.248Z] 🔵 Current time (UTC): "2026-03-03T06:31:16.248Z"
[2026-03-03T06:31:16.252Z] 🔵 Availability Request: {"clinicId":"c07c073a-ad9e-44fd-b1b7-0b82ac7ed194","serviceId":"bdd6033a-d623-4770-a2a4-f62177b3c3f3","providerId":null,"date":"2026-03-03"}
[2026-03-03T06:31:16.253Z] 🔵 Using date: "2026-03-03"
[2026-03-03T06:31:16.262Z] 🔵 Clinic: "abc clinic"
[2026-03-03T06:31:16.268Z] 🔵 Using timezone: "America/New_York"
[2026-03-03T06:31:16.268Z] 🔵 Day of week: "tuesday"
[2026-03-03T06:31:16.269Z] 🔵 Business hours for tuesday: {"open":"09:00","close":"17:00","isOpen":true}
[2026-03-03T06:31:16.270Z] 🔵 All business hours: {"monday":{"open":"09:00","close":"17:00","isOpen":true},"tuesday":{"open":"09:00","close":"17:00","isOpen":true},"wednesday":{"open":"09:00","close":"17:00","isOpen":true},"thursday":{"open":"09:00","close":"17:00","isOpen":true},"friday":{"open":"09:00","close":"17:00","isOpen":true},"saturday":{"open":"10:00","close":"15:00","isOpen":true},"sunday":{"open":"10:00","close":"15:00","isOpen":false}}
[2026-03-03T06:31:16.270Z] ✅ Clinic is open on tuesday from 09:00 to 17:00 
[2026-03-03T06:31:16.282Z] Blocked slots count: 
[2026-03-03T06:31:16.283Z] 🔵 Open time (UTC): "2026-03-03T14:00:00.000Z"
[2026-03-03T06:31:16.283Z] 🔵 Close time (UTC): "2026-03-03T22:00:00.000Z"
[2026-03-03T06:31:16.284Z] 🔵 Current time (UTC): "2026-03-03T06:31:16.284Z"
[2026-03-03T06:31:38.705Z] 🔵 Availability Request: {"clinicId":"c07c073a-ad9e-44fd-b1b7-0b82ac7ed194","serviceId":"bdd6033a-d623-4770-a2a4-f62177b3c3f3","providerId":null,"date":"2026-03-03"}
[2026-03-03T06:31:38.706Z] 🔵 Using date: "2026-03-03"
[2026-03-03T06:31:39.057Z] 🔵 Clinic: "abc clinic"
[2026-03-03T06:31:39.060Z] 🔵 Using timezone: "America/New_York"
[2026-03-03T06:31:39.072Z] 🔵 Day of week: "tuesday"
[2026-03-03T06:31:39.072Z] 🔵 Business hours for tuesday: {"open":"09:00","close":"17:00","isOpen":true}
[2026-03-03T06:31:39.073Z] 🔵 All business hours: {"monday":{"open":"09:00","close":"17:00","isOpen":true},"tuesday":{"open":"09:00","close":"17:00","isOpen":true},"wednesday":{"open":"09:00","close":"17:00","isOpen":true},"thursday":{"open":"09:00","close":"17:00","isOpen":true},"friday":{"open":"09:00","close":"17:00","isOpen":true},"saturday":{"open":"10:00","close":"15:00","isOpen":true},"sunday":{"open":"10:00","close":"15:00","isOpen":false}}
[2026-03-03T06:31:39.088Z] ✅ Clinic is open on tuesday from 09:00 to 17:00 
[2026-03-03T06:31:39.207Z] Blocked slots count: 
[2026-03-03T06:31:39.209Z] 🔵 Open time (UTC): "2026-03-03T14:00:00.000Z"
[2026-03-03T06:31:39.210Z] 🔵 Close time (UTC): "2026-03-03T22:00:00.000Z"
[2026-03-03T06:31:39.210Z] 🔵 Current time (UTC): "2026-03-03T06:31:39.210Z"
[2026-03-03T06:31:39.267Z] 🔵 Availability Request: {"clinicId":"c07c073a-ad9e-44fd-b1b7-0b82ac7ed194","serviceId":"bdd6033a-d623-4770-a2a4-f62177b3c3f3","providerId":null,"date":"2026-03-03"}
[2026-03-03T06:31:39.268Z] 🔵 Using date: "2026-03-03"
[2026-03-03T06:31:39.294Z] 🔵 Clinic: "abc clinic"
[2026-03-03T06:31:39.298Z] 🔵 Using timezone: "America/New_York"
[2026-03-03T06:31:39.307Z] 🔵 Day of week: "tuesday"
[2026-03-03T06:31:39.308Z] 🔵 Business hours for tuesday: {"open":"09:00","close":"17:00","isOpen":true}
[2026-03-03T06:31:39.309Z] 🔵 All business hours: {"monday":{"open":"09:00","close":"17:00","isOpen":true},"tuesday":{"open":"09:00","close":"17:00","isOpen":true},"wednesday":{"open":"09:00","close":"17:00","isOpen":true},"thursday":{"open":"09:00","close":"17:00","isOpen":true},"friday":{"open":"09:00","close":"17:00","isOpen":true},"saturday":{"open":"10:00","close":"15:00","isOpen":true},"sunday":{"open":"10:00","close":"15:00","isOpen":false}}
[2026-03-03T06:31:39.309Z] ✅ Clinic is open on tuesday from 09:00 to 17:00 
[2026-03-03T06:31:39.352Z] Blocked slots count: 
[2026-03-03T06:31:39.353Z] 🔵 Open time (UTC): "2026-03-03T14:00:00.000Z"
[2026-03-03T06:31:39.353Z] 🔵 Close time (UTC): "2026-03-03T22:00:00.000Z"
[2026-03-03T06:31:39.354Z] 🔵 Current time (UTC): "2026-03-03T06:31:39.354Z"
[2026-03-03T06:35:31.540Z] 🔵 Availability Request: {"clinicId":"c07c073a-ad9e-44fd-b1b7-0b82ac7ed194","serviceId":"bdd6033a-d623-4770-a2a4-f62177b3c3f3","providerId":null,"date":"2026-03-03"}
[2026-03-03T06:35:31.541Z] 🔵 Using date: "2026-03-03"
[2026-03-03T06:35:31.621Z] 🔵 Clinic: "abc clinic"
[2026-03-03T06:35:31.629Z] 🔵 Using timezone: "America/New_York"
[2026-03-03T06:35:31.634Z] 🔵 Day of week: "tuesday"
[2026-03-03T06:35:31.635Z] 🔵 Business hours for tuesday: {"open":"09:00","close":"17:00","isOpen":true}
[2026-03-03T06:35:31.635Z] 🔵 All business hours: {"monday":{"open":"09:00","close":"17:00","isOpen":true},"tuesday":{"open":"09:00","close":"17:00","isOpen":true},"wednesday":{"open":"09:00","close":"17:00","isOpen":true},"thursday":{"open":"09:00","close":"17:00","isOpen":true},"friday":{"open":"09:00","close":"17:00","isOpen":true},"saturday":{"open":"10:00","close":"15:00","isOpen":true},"sunday":{"open":"10:00","close":"15:00","isOpen":false}}
[2026-03-03T06:35:31.637Z] ✅ Clinic is open on tuesday from 09:00 to 17:00 
[2026-03-03T06:35:31.666Z] Blocked slots count: 
[2026-03-03T06:35:31.667Z] 🔵 Open time (UTC): "2026-03-03T14:00:00.000Z"
[2026-03-03T06:35:31.668Z] 🔵 Close time (UTC): "2026-03-03T22:00:00.000Z"
[2026-03-03T06:35:31.669Z] 🔵 Current time (UTC): "2026-03-03T06:35:31.669Z"
[2026-03-03T06:35:31.674Z] 🔵 Availability Request: {"clinicId":"c07c073a-ad9e-44fd-b1b7-0b82ac7ed194","serviceId":"bdd6033a-d623-4770-a2a4-f62177b3c3f3","providerId":null,"date":"2026-03-03"}
[2026-03-03T06:35:31.674Z] 🔵 Using date: "2026-03-03"
[2026-03-03T06:35:31.685Z] 🔵 Clinic: "abc clinic"
[2026-03-03T06:35:31.692Z] 🔵 Using timezone: "America/New_York"
[2026-03-03T06:35:31.692Z] 🔵 Day of week: "tuesday"
[2026-03-03T06:35:31.693Z] 🔵 Business hours for tuesday: {"open":"09:00","close":"17:00","isOpen":true}
[2026-03-03T06:35:31.694Z] 🔵 All business hours: {"monday":{"open":"09:00","close":"17:00","isOpen":true},"tuesday":{"open":"09:00","close":"17:00","isOpen":true},"wednesday":{"open":"09:00","close":"17:00","isOpen":true},"thursday":{"open":"09:00","close":"17:00","isOpen":true},"friday":{"open":"09:00","close":"17:00","isOpen":true},"saturday":{"open":"10:00","close":"15:00","isOpen":true},"sunday":{"open":"10:00","close":"15:00","isOpen":false}}
[2026-03-03T06:35:31.695Z] ✅ Clinic is open on tuesday from 09:00 to 17:00 
[2026-03-03T06:35:31.704Z] Blocked slots count: 
[2026-03-03T06:35:31.705Z] 🔵 Open time (UTC): "2026-03-03T14:00:00.000Z"
[2026-03-03T06:35:31.705Z] 🔵 Close time (UTC): "2026-03-03T22:00:00.000Z"
[2026-03-03T06:35:31.706Z] 🔵 Current time (UTC): "2026-03-03T06:35:31.706Z"
[2026-03-03T06:37:22.670Z] 🔵 Availability Request: {"clinicId":"c07c073a-ad9e-44fd-b1b7-0b82ac7ed194","serviceId":"bdd6033a-d623-4770-a2a4-f62177b3c3f3","providerId":null,"date":"2026-03-03"}
[2026-03-03T06:37:22.671Z] 🔵 Using date: "2026-03-03"
[2026-03-03T06:37:22.740Z] 🔵 Clinic: "abc clinic"
[2026-03-03T06:37:22.744Z] 🔵 Using timezone: "America/New_York"
[2026-03-03T06:37:22.745Z] 🔵 Day of week: "tuesday"
[2026-03-03T06:37:22.745Z] 🔵 Business hours for tuesday: {"open":"09:00","close":"17:00","isOpen":true}
[2026-03-03T06:37:22.746Z] 🔵 All business hours: {"monday":{"open":"09:00","close":"17:00","isOpen":true},"tuesday":{"open":"09:00","close":"17:00","isOpen":true},"wednesday":{"open":"09:00","close":"17:00","isOpen":true},"thursday":{"open":"09:00","close":"17:00","isOpen":true},"friday":{"open":"09:00","close":"17:00","isOpen":true},"saturday":{"open":"10:00","close":"15:00","isOpen":true},"sunday":{"open":"10:00","close":"15:00","isOpen":false}}
[2026-03-03T06:37:22.747Z] ✅ Clinic is open on tuesday from 09:00 to 17:00 
[2026-03-03T06:37:22.774Z] Blocked slots count: 
[2026-03-03T06:37:22.775Z] 🔵 Open time (UTC): "2026-03-03T14:00:00.000Z"
[2026-03-03T06:37:22.775Z] 🔵 Close time (UTC): "2026-03-03T22:00:00.000Z"
[2026-03-03T06:37:22.776Z] 🔵 Current time (UTC): "2026-03-03T06:37:22.776Z"
[2026-03-03T07:53:50.666Z] 🔵 Availability Request: {"clinicId":"1f0c099e-663f-462a-bd8d-b90ad71cbb01","serviceId":"7cc7ae88-9a64-43f2-9ff3-8a2253a52242","providerId":null,"date":"2026-03-03"}
[2026-03-03T07:53:50.936Z] 🔵 Using date: "2026-03-03"
[2026-03-03T07:53:50.980Z] 🔵 Clinic: "ehsan clinic"
[2026-03-03T07:53:50.993Z] 🔵 Using timezone: "America/New_York"
[2026-03-03T07:53:51.004Z] 🔵 Day of week: "tuesday"
[2026-03-03T07:53:51.009Z] 🔵 Business hours for tuesday: {"open":"09:00","close":"17:00","isOpen":true}
[2026-03-03T07:53:51.011Z] 🔵 All business hours: {"monday":{"open":"09:00","close":"17:00","isOpen":true},"tuesday":{"open":"09:00","close":"17:00","isOpen":true},"wednesday":{"open":"09:00","close":"17:00","isOpen":true},"thursday":{"open":"09:00","close":"17:00","isOpen":true},"friday":{"open":"09:00","close":"17:00","isOpen":true},"saturday":{"open":"10:00","close":"15:00","isOpen":true},"sunday":{"open":"10:00","close":"15:00","isOpen":false}}
[2026-03-03T07:53:51.013Z] ✅ Clinic is open on tuesday from 09:00 to 17:00 
[2026-03-03T07:53:51.069Z] Blocked slots count: 
[2026-03-03T07:53:51.070Z] 🔵 Open time (UTC): "2026-03-03T14:00:00.000Z"
[2026-03-03T07:53:51.071Z] 🔵 Close time (UTC): "2026-03-03T22:00:00.000Z"
[2026-03-03T07:53:51.072Z] 🔵 Current time (UTC): "2026-03-03T07:53:51.072Z"
[2026-03-03T07:53:51.082Z] 🔵 Availability Request: {"clinicId":"1f0c099e-663f-462a-bd8d-b90ad71cbb01","serviceId":"7cc7ae88-9a64-43f2-9ff3-8a2253a52242","providerId":null,"date":"2026-03-03"}
[2026-03-03T07:53:51.099Z] 🔵 Using date: "2026-03-03"
[2026-03-03T07:53:51.118Z] 🔵 Clinic: "ehsan clinic"
[2026-03-03T07:53:51.132Z] 🔵 Using timezone: "America/New_York"
[2026-03-03T07:53:51.133Z] 🔵 Day of week: "tuesday"
[2026-03-03T07:53:51.134Z] 🔵 Business hours for tuesday: {"open":"09:00","close":"17:00","isOpen":true}
[2026-03-03T07:53:51.135Z] 🔵 All business hours: {"monday":{"open":"09:00","close":"17:00","isOpen":true},"tuesday":{"open":"09:00","close":"17:00","isOpen":true},"wednesday":{"open":"09:00","close":"17:00","isOpen":true},"thursday":{"open":"09:00","close":"17:00","isOpen":true},"friday":{"open":"09:00","close":"17:00","isOpen":true},"saturday":{"open":"10:00","close":"15:00","isOpen":true},"sunday":{"open":"10:00","close":"15:00","isOpen":false}}
[2026-03-03T07:53:51.136Z] ✅ Clinic is open on tuesday from 09:00 to 17:00 
[2026-03-03T07:53:51.158Z] Blocked slots count: 
[2026-03-03T07:53:51.159Z] 🔵 Open time (UTC): "2026-03-03T14:00:00.000Z"
[2026-03-03T07:53:51.160Z] 🔵 Close time (UTC): "2026-03-03T22:00:00.000Z"
[2026-03-03T07:53:51.160Z] 🔵 Current time (UTC): "2026-03-03T07:53:51.160Z"
[2026-03-04T05:51:53.086Z] 🔵 Availability Request: {"clinicId":"c07c073a-ad9e-44fd-b1b7-0b82ac7ed194","serviceId":"undefined","providerId":null,"date":"2026-03-04"}
[2026-03-04T05:51:53.112Z] 🔵 Using date: "2026-03-04"
[2026-03-04T05:51:53.125Z] 🔵 Clinic: "abc clinic"
[2026-03-04T05:51:53.130Z] ❌ Error in getAvailableSlots: {"response":{"message":"Service not found for clinic c07c073a-ad9e-44fd-b1b7-0b82ac7ed194","error":"Not Found","statusCode":404},"status":404,"options":{},"message":"Service not found for clinic c07c073a-ad9e-44fd-b1b7-0b82ac7ed194","name":"NotFoundException"}
[2026-03-04T05:57:15.121Z] 🔵 Availability Request: {"clinicId":"c07c073a-ad9e-44fd-b1b7-0b82ac7ed194","serviceId":"bdd6033a-d623-4770-a2a4-f62177b3c3f3","providerId":null,"date":"2026-03-04"}
[2026-03-04T05:57:15.136Z] 🔵 Using date: "2026-03-04"
[2026-03-04T05:57:15.151Z] 🔵 Clinic: "abc clinic"
[2026-03-04T05:57:15.159Z] 🔵 Using timezone: "America/New_York"
[2026-03-04T05:57:15.167Z] 🔵 Day of week: "wednesday"
[2026-03-04T05:57:15.168Z] 🔵 Business hours for wednesday: {"open":"09:00","close":"17:00","isOpen":true}
[2026-03-04T05:57:15.170Z] 🔵 All business hours: {"monday":{"open":"09:00","close":"17:00","isOpen":true},"tuesday":{"open":"09:00","close":"17:00","isOpen":true},"wednesday":{"open":"09:00","close":"17:00","isOpen":true},"thursday":{"open":"09:00","close":"17:00","isOpen":true},"friday":{"open":"09:00","close":"17:00","isOpen":true},"saturday":{"open":"10:00","close":"15:00","isOpen":true},"sunday":{"open":"10:00","close":"15:00","isOpen":false}}
[2026-03-04T05:57:15.173Z] ✅ Clinic is open on wednesday from 09:00 to 17:00 
[2026-03-04T05:57:15.212Z] Blocked slots count: 
[2026-03-04T05:57:15.215Z] 🔵 Open time (UTC): "2026-03-04T14:00:00.000Z"
[2026-03-04T05:57:15.216Z] 🔵 Close time (UTC): "2026-03-04T22:00:00.000Z"
[2026-03-04T05:57:15.216Z] 🔵 Current time (UTC): "2026-03-04T05:57:15.216Z"
[2026-03-04T06:04:48.982Z] 🔵 Availability Request: {"clinicId":"c07c073a-ad9e-44fd-b1b7-0b82ac7ed194","serviceId":"bdd6033a-d623-4770-a2a4-f62177b3c3f3","providerId":null,"date":"2026-03-04"}
[2026-03-04T06:04:48.989Z] 🔵 Using date: "2026-03-04"
[2026-03-04T06:04:49.000Z] 🔵 Clinic: "abc clinic"
[2026-03-04T06:04:49.007Z] 🔵 Using timezone: "America/New_York"
[2026-03-04T06:04:49.010Z] 🔵 Day of week: "wednesday"
[2026-03-04T06:04:49.012Z] 🔵 Business hours for wednesday: {"open":"09:00","close":"17:00","isOpen":true}
[2026-03-04T06:04:49.016Z] 🔵 All business hours: {"monday":{"open":"09:00","close":"17:00","isOpen":true},"tuesday":{"open":"09:00","close":"17:00","isOpen":true},"wednesday":{"open":"09:00","close":"17:00","isOpen":true},"thursday":{"open":"09:00","close":"17:00","isOpen":true},"friday":{"open":"09:00","close":"17:00","isOpen":true},"saturday":{"open":"10:00","close":"15:00","isOpen":true},"sunday":{"open":"10:00","close":"15:00","isOpen":false}}
[2026-03-04T06:04:49.031Z] ✅ Clinic is open on wednesday from 09:00 to 17:00 
[2026-03-04T06:04:49.089Z] Blocked slots count: 
[2026-03-04T06:04:49.091Z] 🔵 Open time (UTC): "2026-03-04T14:00:00.000Z"
[2026-03-04T06:04:49.092Z] 🔵 Close time (UTC): "2026-03-04T22:00:00.000Z"
[2026-03-04T06:04:49.094Z] 🔵 Current time (UTC): "2026-03-04T06:04:49.094Z"
[2026-03-04T06:05:28.362Z] 🔵 Availability Request: {"clinicId":"c07c073a-ad9e-44fd-b1b7-0b82ac7ed194","serviceId":"bdd6033a-d623-4770-a2a4-f62177b3c3f3","providerId":null,"date":"2026-03-04"}
[2026-03-04T06:05:28.373Z] 🔵 Using date: "2026-03-04"
[2026-03-04T06:05:28.393Z] 🔵 Clinic: "abc clinic"
[2026-03-04T06:05:28.422Z] 🔵 Using timezone: "America/New_York"
[2026-03-04T06:05:28.455Z] 🔵 Day of week: "wednesday"
[2026-03-04T06:05:28.464Z] 🔵 Business hours for wednesday: {"open":"09:00","close":"17:00","isOpen":true}
[2026-03-04T06:05:28.477Z] 🔵 All business hours: {"monday":{"open":"09:00","close":"17:00","isOpen":true},"tuesday":{"open":"09:00","close":"17:00","isOpen":true},"wednesday":{"open":"09:00","close":"17:00","isOpen":true},"thursday":{"open":"09:00","close":"17:00","isOpen":true},"friday":{"open":"09:00","close":"17:00","isOpen":true},"saturday":{"open":"10:00","close":"15:00","isOpen":true},"sunday":{"open":"10:00","close":"15:00","isOpen":false}}
[2026-03-04T06:05:28.481Z] ✅ Clinic is open on wednesday from 09:00 to 17:00 
[2026-03-04T06:05:28.552Z] Blocked slots count: 
[2026-03-04T06:05:28.562Z] 🔵 Open time (UTC): "2026-03-04T14:00:00.000Z"
[2026-03-04T06:05:28.564Z] 🔵 Close time (UTC): "2026-03-04T22:00:00.000Z"
[2026-03-04T06:05:28.584Z] 🔵 Current time (UTC): "2026-03-04T06:05:28.584Z"
[2026-03-04T06:07:54.196Z] 🔵 Availability Request: {"clinicId":"c07c073a-ad9e-44fd-b1b7-0b82ac7ed194","serviceId":"bdd6033a-d623-4770-a2a4-f62177b3c3f3","providerId":null,"date":"2026-03-04"}
[2026-03-04T06:07:54.208Z] 🔵 Using date: "2026-03-04"
[2026-03-04T06:07:54.336Z] 🔵 Clinic: "abc clinic"
[2026-03-04T06:07:54.365Z] 🔵 Using timezone: "America/New_York"
[2026-03-04T06:07:54.367Z] 🔵 Day of week: "wednesday"
[2026-03-04T06:07:54.368Z] 🔵 Business hours for wednesday: {"open":"09:00","close":"17:00","isOpen":true}
[2026-03-04T06:07:54.370Z] 🔵 All business hours: {"monday":{"open":"09:00","close":"17:00","isOpen":true},"tuesday":{"open":"09:00","close":"17:00","isOpen":true},"wednesday":{"open":"09:00","close":"17:00","isOpen":true},"thursday":{"open":"09:00","close":"17:00","isOpen":true},"friday":{"open":"09:00","close":"17:00","isOpen":true},"saturday":{"open":"10:00","close":"15:00","isOpen":true},"sunday":{"open":"10:00","close":"15:00","isOpen":false}}
[2026-03-04T06:07:54.371Z] ✅ Clinic is open on wednesday from 09:00 to 17:00 
[2026-03-04T06:07:54.410Z] Blocked slots count: 
[2026-03-04T06:07:54.415Z] 🔵 Open time (UTC): "2026-03-04T14:00:00.000Z"
[2026-03-04T06:07:54.417Z] 🔵 Close time (UTC): "2026-03-04T22:00:00.000Z"
[2026-03-04T06:07:54.418Z] 🔵 Current time (UTC): "2026-03-04T06:07:54.418Z"
[2026-03-04T06:07:54.429Z] 🔵 Availability Request: {"clinicId":"c07c073a-ad9e-44fd-b1b7-0b82ac7ed194","serviceId":"bdd6033a-d623-4770-a2a4-f62177b3c3f3","providerId":null,"date":"2026-03-04"}
[2026-03-04T06:07:54.432Z] 🔵 Using date: "2026-03-04"
[2026-03-04T06:07:54.447Z] 🔵 Clinic: "abc clinic"
[2026-03-04T06:07:54.454Z] 🔵 Using timezone: "America/New_York"
[2026-03-04T06:07:54.460Z] 🔵 Day of week: "wednesday"
[2026-03-04T06:07:54.462Z] 🔵 Business hours for wednesday: {"open":"09:00","close":"17:00","isOpen":true}
[2026-03-04T06:07:54.467Z] 🔵 All business hours: {"monday":{"open":"09:00","close":"17:00","isOpen":true},"tuesday":{"open":"09:00","close":"17:00","isOpen":true},"wednesday":{"open":"09:00","close":"17:00","isOpen":true},"thursday":{"open":"09:00","close":"17:00","isOpen":true},"friday":{"open":"09:00","close":"17:00","isOpen":true},"saturday":{"open":"10:00","close":"15:00","isOpen":true},"sunday":{"open":"10:00","close":"15:00","isOpen":false}}
[2026-03-04T06:07:54.470Z] ✅ Clinic is open on wednesday from 09:00 to 17:00 
[2026-03-04T06:07:54.482Z] Blocked slots count: 
[2026-03-04T06:07:54.484Z] 🔵 Open time (UTC): "2026-03-04T14:00:00.000Z"
[2026-03-04T06:07:54.485Z] 🔵 Close time (UTC): "2026-03-04T22:00:00.000Z"
[2026-03-04T06:07:54.486Z] 🔵 Current time (UTC): "2026-03-04T06:07:54.486Z"
[2026-03-04T07:51:12.084Z] 🔵 Availability Request: {"clinicId":"c07c073a-ad9e-44fd-b1b7-0b82ac7ed194","serviceId":"bdd6033a-d623-4770-a2a4-f62177b3c3f3","providerId":null,"date":"2026-03-04"}
[2026-03-04T07:51:12.360Z] 🔵 Using date: "2026-03-04"
[2026-03-04T07:51:12.371Z] 🔵 Clinic: "abc clinic"
[2026-03-04T07:51:12.375Z] 🔵 Using timezone: "America/New_York"
[2026-03-04T07:51:12.383Z] 🔵 Day of week: "wednesday"
[2026-03-04T07:51:12.383Z] 🔵 Business hours for wednesday: {"open":"09:00","close":"17:00","isOpen":true}
[2026-03-04T07:51:12.385Z] 🔵 All business hours: {"monday":{"open":"09:00","close":"17:00","isOpen":true},"tuesday":{"open":"09:00","close":"17:00","isOpen":true},"wednesday":{"open":"09:00","close":"17:00","isOpen":true},"thursday":{"open":"09:00","close":"17:00","isOpen":true},"friday":{"open":"09:00","close":"17:00","isOpen":true},"saturday":{"open":"10:00","close":"15:00","isOpen":true},"sunday":{"open":"10:00","close":"15:00","isOpen":false}}
[2026-03-04T07:51:12.387Z] ✅ Clinic is open on wednesday from 09:00 to 17:00 
[2026-03-04T07:51:12.411Z] Blocked slots count: 
[2026-03-04T07:51:12.418Z] 🔵 Open time (UTC): "2026-03-04T14:00:00.000Z"
[2026-03-04T07:51:12.419Z] 🔵 Close time (UTC): "2026-03-04T22:00:00.000Z"
[2026-03-04T07:51:12.420Z] 🔵 Current time (UTC): "2026-03-04T07:51:12.420Z"
[2026-03-04T08:01:46.528Z] 🔵 Availability Request: {"clinicId":"c07c073a-ad9e-44fd-b1b7-0b82ac7ed194","serviceId":"bdd6033a-d623-4770-a2a4-f62177b3c3f3","providerId":null,"date":"2026-03-04"}
[2026-03-04T08:01:46.531Z] 🔵 Using date: "2026-03-04"
[2026-03-04T08:01:46.611Z] 🔵 Clinic: "abc clinic"
[2026-03-04T08:01:46.618Z] 🔵 Using timezone: "America/New_York"
[2026-03-04T08:01:46.628Z] 🔵 Day of week: "wednesday"
[2026-03-04T08:01:46.629Z] 🔵 Business hours for wednesday: {"open":"09:00","close":"17:00","isOpen":true}
[2026-03-04T08:01:46.630Z] 🔵 All business hours: {"monday":{"open":"09:00","close":"17:00","isOpen":true},"tuesday":{"open":"09:00","close":"17:00","isOpen":true},"wednesday":{"open":"09:00","close":"17:00","isOpen":true},"thursday":{"open":"09:00","close":"17:00","isOpen":true},"friday":{"open":"09:00","close":"17:00","isOpen":true},"saturday":{"open":"10:00","close":"15:00","isOpen":true},"sunday":{"open":"10:00","close":"15:00","isOpen":false}}
[2026-03-04T08:01:46.633Z] ✅ Clinic is open on wednesday from 09:00 to 17:00 
[2026-03-04T08:01:46.668Z] Blocked slots count: 
[2026-03-04T08:01:46.672Z] 🔵 Open time (UTC): "2026-03-04T14:00:00.000Z"
[2026-03-04T08:01:46.673Z] 🔵 Close time (UTC): "2026-03-04T22:00:00.000Z"
[2026-03-04T08:01:46.675Z] 🔵 Current time (UTC): "2026-03-04T08:01:46.675Z"
[2026-03-04T08:01:46.690Z] 🔵 Availability Request: {"clinicId":"c07c073a-ad9e-44fd-b1b7-0b82ac7ed194","serviceId":"bdd6033a-d623-4770-a2a4-f62177b3c3f3","providerId":null,"date":"2026-03-04"}
[2026-03-04T08:01:46.693Z] 🔵 Using date: "2026-03-04"
[2026-03-04T08:01:46.728Z] 🔵 Clinic: "abc clinic"
[2026-03-04T08:01:46.738Z] 🔵 Using timezone: "America/New_York"
[2026-03-04T08:01:46.742Z] 🔵 Day of week: "wednesday"
[2026-03-04T08:01:46.744Z] 🔵 Business hours for wednesday: {"open":"09:00","close":"17:00","isOpen":true}
[2026-03-04T08:01:46.748Z] 🔵 All business hours: {"monday":{"open":"09:00","close":"17:00","isOpen":true},"tuesday":{"open":"09:00","close":"17:00","isOpen":true},"wednesday":{"open":"09:00","close":"17:00","isOpen":true},"thursday":{"open":"09:00","close":"17:00","isOpen":true},"friday":{"open":"09:00","close":"17:00","isOpen":true},"saturday":{"open":"10:00","close":"15:00","isOpen":true},"sunday":{"open":"10:00","close":"15:00","isOpen":false}}
[2026-03-04T08:01:46.752Z] ✅ Clinic is open on wednesday from 09:00 to 17:00 
[2026-03-04T08:01:46.786Z] Blocked slots count: 
[2026-03-04T08:01:46.799Z] 🔵 Open time (UTC): "2026-03-04T14:00:00.000Z"
[2026-03-04T08:01:46.802Z] 🔵 Close time (UTC): "2026-03-04T22:00:00.000Z"
[2026-03-04T08:01:46.806Z] 🔵 Current time (UTC): "2026-03-04T08:01:46.806Z"
[2026-03-05T06:40:08.714Z] 🔵 Availability Request: {"clinicId":"1f0c099e-663f-462a-bd8d-b90ad71cbb01","serviceId":"7cc7ae88-9a64-43f2-9ff3-8a2253a52242","providerId":null,"date":"2026-03-05"}
[2026-03-05T06:40:09.015Z] 🔵 Using date: "2026-03-05"
[2026-03-05T06:40:09.050Z] 🔵 Clinic: "ehsan clinic"
[2026-03-05T06:40:09.061Z] 🔵 Using timezone: "America/New_York"
[2026-03-05T06:40:09.152Z] 🔵 Day of week: "thursday"
[2026-03-05T06:40:09.159Z] 🔵 Business hours for thursday: {"open":"09:00","close":"17:00","isOpen":true}
[2026-03-05T06:40:09.163Z] 🔵 All business hours: {"monday":{"open":"09:00","close":"17:00","isOpen":true},"tuesday":{"open":"09:00","close":"17:00","isOpen":true},"wednesday":{"open":"09:00","close":"17:00","isOpen":true},"thursday":{"open":"09:00","close":"17:00","isOpen":true},"friday":{"open":"09:00","close":"17:00","isOpen":true},"saturday":{"open":"10:00","close":"15:00","isOpen":true},"sunday":{"open":"10:00","close":"15:00","isOpen":false}}
[2026-03-05T06:40:09.166Z] ✅ Clinic is open on thursday from 09:00 to 17:00 
[2026-03-05T06:40:09.228Z] Blocked slots count: 
[2026-03-05T06:40:09.231Z] 🔵 Open time (UTC): "2026-03-05T14:00:00.000Z"
[2026-03-05T06:40:09.232Z] 🔵 Close time (UTC): "2026-03-05T22:00:00.000Z"
[2026-03-05T06:40:09.233Z] 🔵 Current time (UTC): "2026-03-05T06:40:09.233Z"
[2026-03-05T06:40:09.249Z] 🔵 Availability Request: {"clinicId":"1f0c099e-663f-462a-bd8d-b90ad71cbb01","serviceId":"7cc7ae88-9a64-43f2-9ff3-8a2253a52242","providerId":null,"date":"2026-03-05"}
[2026-03-05T06:40:09.250Z] 🔵 Using date: "2026-03-05"
[2026-03-05T06:40:09.264Z] 🔵 Clinic: "ehsan clinic"
[2026-03-05T06:40:09.277Z] 🔵 Using timezone: "America/New_York"
[2026-03-05T06:40:09.280Z] 🔵 Day of week: "thursday"
[2026-03-05T06:40:09.281Z] 🔵 Business hours for thursday: {"open":"09:00","close":"17:00","isOpen":true}
[2026-03-05T06:40:09.282Z] 🔵 All business hours: {"monday":{"open":"09:00","close":"17:00","isOpen":true},"tuesday":{"open":"09:00","close":"17:00","isOpen":true},"wednesday":{"open":"09:00","close":"17:00","isOpen":true},"thursday":{"open":"09:00","close":"17:00","isOpen":true},"friday":{"open":"09:00","close":"17:00","isOpen":true},"saturday":{"open":"10:00","close":"15:00","isOpen":true},"sunday":{"open":"10:00","close":"15:00","isOpen":false}}
[2026-03-05T06:40:09.284Z] ✅ Clinic is open on thursday from 09:00 to 17:00 
[2026-03-05T06:40:09.315Z] Blocked slots count: 
[2026-03-05T06:40:09.332Z] 🔵 Open time (UTC): "2026-03-05T14:00:00.000Z"
[2026-03-05T06:40:09.334Z] 🔵 Close time (UTC): "2026-03-05T22:00:00.000Z"
[2026-03-05T06:40:09.335Z] 🔵 Current time (UTC): "2026-03-05T06:40:09.335Z"
[2026-03-06T05:40:53.071Z] 🔵 Availability Request: {"clinicId":"1f0c099e-663f-462a-bd8d-b90ad71cbb01","serviceId":"7cc7ae88-9a64-43f2-9ff3-8a2253a52242","providerId":null,"date":"2026-03-06"}
[2026-03-06T05:40:53.359Z] 🔵 Using date: "2026-03-06"
[2026-03-06T05:40:53.496Z] 🔵 Clinic: "ehsan clinic"
[2026-03-06T05:40:53.504Z] 🔵 Using timezone: "America/New_York"
[2026-03-06T05:40:53.527Z] 🔵 Day of week: "friday"
[2026-03-06T05:40:53.529Z] 🔵 Business hours for friday: {"open":"09:00","close":"17:00","isOpen":true}
[2026-03-06T05:40:53.531Z] 🔵 All business hours: {"monday":{"open":"09:00","close":"17:00","isOpen":true},"tuesday":{"open":"09:00","close":"17:00","isOpen":true},"wednesday":{"open":"09:00","close":"17:00","isOpen":true},"thursday":{"open":"09:00","close":"17:00","isOpen":true},"friday":{"open":"09:00","close":"17:00","isOpen":true},"saturday":{"open":"10:00","close":"15:00","isOpen":true},"sunday":{"open":"10:00","close":"15:00","isOpen":false}}
[2026-03-06T05:40:53.535Z] ✅ Clinic is open on friday from 09:00 to 17:00 
[2026-03-06T05:40:53.564Z] Blocked slots count: 
[2026-03-06T05:40:53.568Z] 🔵 Open time (UTC): "2026-03-06T14:00:00.000Z"
[2026-03-06T05:40:53.569Z] 🔵 Close time (UTC): "2026-03-06T22:00:00.000Z"
[2026-03-06T05:40:53.570Z] 🔵 Current time (UTC): "2026-03-06T05:40:53.570Z"
[2026-03-06T06:39:34.295Z] 🔵 Availability Request: {"clinicId":"1f0c099e-663f-462a-bd8d-b90ad71cbb01","serviceId":"7cc7ae88-9a64-43f2-9ff3-8a2253a52242","providerId":null,"date":"2026-03-06"}
[2026-03-06T06:39:34.340Z] 🔵 Using date: "2026-03-06"
[2026-03-06T06:39:34.433Z] 🔵 Clinic: "ehsan clinic"
[2026-03-06T06:39:34.449Z] 🔵 Using timezone: "America/New_York"
[2026-03-06T06:39:34.466Z] 🔵 Day of week: "friday"
[2026-03-06T06:39:34.468Z] 🔵 Business hours for friday: {"open":"09:00","close":"17:00","isOpen":true}
[2026-03-06T06:39:34.473Z] 🔵 All business hours: {"monday":{"open":"09:00","close":"17:00","isOpen":true},"tuesday":{"open":"09:00","close":"17:00","isOpen":true},"wednesday":{"open":"09:00","close":"17:00","isOpen":true},"thursday":{"open":"09:00","close":"17:00","isOpen":true},"friday":{"open":"09:00","close":"17:00","isOpen":true},"saturday":{"open":"10:00","close":"15:00","isOpen":true},"sunday":{"open":"10:00","close":"15:00","isOpen":false}}
[2026-03-06T06:39:34.474Z] ✅ Clinic is open on friday from 09:00 to 17:00 
[2026-03-06T06:39:34.542Z] Blocked slots count: 
[2026-03-06T06:39:34.545Z] 🔵 Open time (UTC): "2026-03-06T14:00:00.000Z"
[2026-03-06T06:39:34.546Z] 🔵 Close time (UTC): "2026-03-06T22:00:00.000Z"
[2026-03-06T06:39:34.547Z] 🔵 Current time (UTC): "2026-03-06T06:39:34.547Z"
[2026-03-06T06:39:34.554Z] 🔵 Availability Request: {"clinicId":"1f0c099e-663f-462a-bd8d-b90ad71cbb01","serviceId":"7cc7ae88-9a64-43f2-9ff3-8a2253a52242","providerId":null,"date":"2026-03-06"}
[2026-03-06T06:39:34.557Z] 🔵 Using date: "2026-03-06"
[2026-03-06T06:39:34.582Z] 🔵 Clinic: "ehsan clinic"
[2026-03-06T06:39:34.587Z] 🔵 Using timezone: "America/New_York"
[2026-03-06T06:39:34.589Z] 🔵 Day of week: "friday"
[2026-03-06T06:39:34.591Z] 🔵 Business hours for friday: {"open":"09:00","close":"17:00","isOpen":true}
[2026-03-06T06:39:34.593Z] 🔵 All business hours: {"monday":{"open":"09:00","close":"17:00","isOpen":true},"tuesday":{"open":"09:00","close":"17:00","isOpen":true},"wednesday":{"open":"09:00","close":"17:00","isOpen":true},"thursday":{"open":"09:00","close":"17:00","isOpen":true},"friday":{"open":"09:00","close":"17:00","isOpen":true},"saturday":{"open":"10:00","close":"15:00","isOpen":true},"sunday":{"open":"10:00","close":"15:00","isOpen":false}}
[2026-03-06T06:39:34.597Z] ✅ Clinic is open on friday from 09:00 to 17:00 
[2026-03-06T06:39:34.613Z] Blocked slots count: 
[2026-03-06T06:39:34.617Z] 🔵 Open time (UTC): "2026-03-06T14:00:00.000Z"
[2026-03-06T06:39:34.618Z] 🔵 Close time (UTC): "2026-03-06T22:00:00.000Z"
[2026-03-06T06:39:34.620Z] 🔵 Current time (UTC): "2026-03-06T06:39:34.620Z"
[2026-03-09T07:37:57.063Z] 🔵 Availability Request: {"clinicId":"1f0c099e-663f-462a-bd8d-b90ad71cbb01","serviceId":"7cc7ae88-9a64-43f2-9ff3-8a2253a52242","providerId":null,"date":"2026-03-09"}
[2026-03-09T07:37:57.068Z] 🔵 Using date: "2026-03-09"
[2026-03-09T07:37:57.081Z] 🔵 Clinic: "ehsan clinic"
[2026-03-09T07:37:57.085Z] 🔵 Using timezone: "America/New_York"
[2026-03-09T07:37:57.097Z] 🔵 Day of week: "monday"
[2026-03-09T07:37:57.098Z] 🔵 Business hours for monday: {"open":"09:00","close":"17:00","isOpen":true}
[2026-03-09T07:37:57.100Z] 🔵 All business hours: {"monday":{"open":"09:00","close":"17:00","isOpen":true},"tuesday":{"open":"09:00","close":"17:00","isOpen":true},"wednesday":{"open":"09:00","close":"17:00","isOpen":true},"thursday":{"open":"09:00","close":"17:00","isOpen":true},"friday":{"open":"09:00","close":"17:00","isOpen":true},"saturday":{"open":"10:00","close":"15:00","isOpen":true},"sunday":{"open":"10:00","close":"15:00","isOpen":false}}
[2026-03-09T07:37:57.103Z] ✅ Clinic is open on monday from 09:00 to 17:00 
[2026-03-09T07:37:57.132Z] Blocked slots count: 
[2026-03-09T07:37:57.134Z] 🔵 Open time (UTC): "2026-03-09T13:00:00.000Z"
[2026-03-09T07:37:57.135Z] 🔵 Close time (UTC): "2026-03-09T21:00:00.000Z"
[2026-03-09T07:37:57.136Z] 🔵 Current time (UTC): "2026-03-09T07:37:57.136Z"
[2026-03-09T07:38:24.484Z] 🔵 Availability Request: {"clinicId":"1f0c099e-663f-462a-bd8d-b90ad71cbb01","serviceId":"7cc7ae88-9a64-43f2-9ff3-8a2253a52242","providerId":null,"date":"2026-03-09"}
[2026-03-09T07:38:24.506Z] 🔵 Using date: "2026-03-09"
[2026-03-09T07:38:24.633Z] 🔵 Clinic: "ehsan clinic"
[2026-03-09T07:38:24.645Z] 🔵 Using timezone: "America/New_York"
[2026-03-09T07:38:24.647Z] 🔵 Day of week: "monday"
[2026-03-09T07:38:24.648Z] 🔵 Business hours for monday: {"open":"09:00","close":"17:00","isOpen":true}
[2026-03-09T07:38:24.650Z] 🔵 All business hours: {"monday":{"open":"09:00","close":"17:00","isOpen":true},"tuesday":{"open":"09:00","close":"17:00","isOpen":true},"wednesday":{"open":"09:00","close":"17:00","isOpen":true},"thursday":{"open":"09:00","close":"17:00","isOpen":true},"friday":{"open":"09:00","close":"17:00","isOpen":true},"saturday":{"open":"10:00","close":"15:00","isOpen":true},"sunday":{"open":"10:00","close":"15:00","isOpen":false}}
[2026-03-09T07:38:24.655Z] ✅ Clinic is open on monday from 09:00 to 17:00 
[2026-03-09T07:38:24.707Z] Blocked slots count: 
[2026-03-09T07:38:24.710Z] 🔵 Open time (UTC): "2026-03-09T13:00:00.000Z"
[2026-03-09T07:38:24.710Z] 🔵 Close time (UTC): "2026-03-09T21:00:00.000Z"
[2026-03-09T07:38:24.711Z] 🔵 Current time (UTC): "2026-03-09T07:38:24.711Z"
[2026-03-09T07:38:24.719Z] 🔵 Availability Request: {"clinicId":"1f0c099e-663f-462a-bd8d-b90ad71cbb01","serviceId":"7cc7ae88-9a64-43f2-9ff3-8a2253a52242","providerId":null,"date":"2026-03-09"}
[2026-03-09T07:38:24.724Z] 🔵 Using date: "2026-03-09"
[2026-03-09T07:38:24.741Z] 🔵 Clinic: "ehsan clinic"
[2026-03-09T07:38:24.776Z] 🔵 Using timezone: "America/New_York"
[2026-03-09T07:38:24.788Z] 🔵 Day of week: "monday"
[2026-03-09T07:38:24.794Z] 🔵 Business hours for monday: {"open":"09:00","close":"17:00","isOpen":true}
[2026-03-09T07:38:24.796Z] 🔵 All business hours: {"monday":{"open":"09:00","close":"17:00","isOpen":true},"tuesday":{"open":"09:00","close":"17:00","isOpen":true},"wednesday":{"open":"09:00","close":"17:00","isOpen":true},"thursday":{"open":"09:00","close":"17:00","isOpen":true},"friday":{"open":"09:00","close":"17:00","isOpen":true},"saturday":{"open":"10:00","close":"15:00","isOpen":true},"sunday":{"open":"10:00","close":"15:00","isOpen":false}}
[2026-03-09T07:38:24.799Z] ✅ Clinic is open on monday from 09:00 to 17:00 
[2026-03-09T07:38:24.817Z] Blocked slots count: 
[2026-03-09T07:38:24.823Z] 🔵 Open time (UTC): "2026-03-09T13:00:00.000Z"
[2026-03-09T07:38:24.824Z] 🔵 Close time (UTC): "2026-03-09T21:00:00.000Z"
[2026-03-09T07:38:24.825Z] 🔵 Current time (UTC): "2026-03-09T07:38:24.825Z"
[2026-03-09T07:44:49.014Z] 🔵 Availability Request: {"clinicId":"1f0c099e-663f-462a-bd8d-b90ad71cbb01","serviceId":"7cc7ae88-9a64-43f2-9ff3-8a2253a52242","providerId":null,"date":"2026-03-09"}
[2026-03-09T07:44:49.016Z] 🔵 Using date: "2026-03-09"
[2026-03-09T07:44:49.025Z] 🔵 Clinic: "ehsan clinic"
[2026-03-09T07:44:49.032Z] 🔵 Using timezone: "America/New_York"
[2026-03-09T07:44:49.036Z] 🔵 Day of week: "monday"
[2026-03-09T07:44:49.038Z] 🔵 Business hours for monday: {"open":"09:00","close":"17:00","isOpen":true}
[2026-03-09T07:44:49.040Z] 🔵 All business hours: {"monday":{"open":"09:00","close":"17:00","isOpen":true},"tuesday":{"open":"09:00","close":"17:00","isOpen":true},"wednesday":{"open":"09:00","close":"17:00","isOpen":true},"thursday":{"open":"09:00","close":"17:00","isOpen":true},"friday":{"open":"09:00","close":"17:00","isOpen":true},"saturday":{"open":"10:00","close":"15:00","isOpen":true},"sunday":{"open":"10:00","close":"15:00","isOpen":false}}
[2026-03-09T07:44:49.048Z] ✅ Clinic is open on monday from 09:00 to 17:00 
[2026-03-09T07:44:49.077Z] Blocked slots count: 
[2026-03-09T07:44:49.079Z] 🔵 Open time (UTC): "2026-03-09T13:00:00.000Z"
[2026-03-09T07:44:49.081Z] 🔵 Close time (UTC): "2026-03-09T21:00:00.000Z"
[2026-03-09T07:44:49.083Z] 🔵 Current time (UTC): "2026-03-09T07:44:49.083Z"
[2026-03-09T07:49:54.255Z] 🔵 Availability Request: {"clinicId":"1f0c099e-663f-462a-bd8d-b90ad71cbb01","serviceId":"7cc7ae88-9a64-43f2-9ff3-8a2253a52242","providerId":null,"date":"2026-03-09"}
[2026-03-09T07:49:54.258Z] 🔵 Using date: "2026-03-09"
[2026-03-09T07:49:54.286Z] 🔵 Clinic: "ehsan clinic"
[2026-03-09T07:49:54.300Z] 🔵 Using timezone: "America/New_York"
[2026-03-09T07:49:54.323Z] 🔵 Day of week: "monday"
[2026-03-09T07:49:54.325Z] 🔵 Business hours for monday: {"open":"09:00","close":"17:00","isOpen":true}
[2026-03-09T07:49:54.327Z] 🔵 All business hours: {"monday":{"open":"09:00","close":"17:00","isOpen":true},"tuesday":{"open":"09:00","close":"17:00","isOpen":true},"wednesday":{"open":"09:00","close":"17:00","isOpen":true},"thursday":{"open":"09:00","close":"17:00","isOpen":true},"friday":{"open":"09:00","close":"17:00","isOpen":true},"saturday":{"open":"10:00","close":"15:00","isOpen":true},"sunday":{"open":"10:00","close":"15:00","isOpen":false}}
[2026-03-09T07:49:54.331Z] ✅ Clinic is open on monday from 09:00 to 17:00 
[2026-03-09T07:49:54.386Z] Blocked slots count: 
[2026-03-09T07:49:54.401Z] 🔵 Open time (UTC): "2026-03-09T13:00:00.000Z"
[2026-03-09T07:49:54.404Z] 🔵 Close time (UTC): "2026-03-09T21:00:00.000Z"
[2026-03-09T07:49:54.409Z] 🔵 Current time (UTC): "2026-03-09T07:49:54.409Z"
[2026-03-09T09:50:21.031Z] 🔵 Availability Request: {"clinicId":"1f0c099e-663f-462a-bd8d-b90ad71cbb01","serviceId":"7cc7ae88-9a64-43f2-9ff3-8a2253a52242","providerId":null,"date":"2026-03-09"}
[2026-03-09T09:50:21.087Z] 🔵 Using date: "2026-03-09"
[2026-03-09T09:50:21.124Z] 🔵 Clinic: "ehsan clinic"
[2026-03-09T09:50:21.131Z] 🔵 Using timezone: "America/New_York"
[2026-03-09T09:50:21.138Z] 🔵 Day of week: "monday"
[2026-03-09T09:50:21.139Z] 🔵 Business hours for monday: {"open":"09:00","close":"17:00","isOpen":true}
[2026-03-09T09:50:21.142Z] 🔵 All business hours: {"monday":{"open":"09:00","close":"17:00","isOpen":true},"tuesday":{"open":"09:00","close":"17:00","isOpen":true},"wednesday":{"open":"09:00","close":"17:00","isOpen":true},"thursday":{"open":"09:00","close":"17:00","isOpen":true},"friday":{"open":"09:00","close":"17:00","isOpen":true},"saturday":{"open":"10:00","close":"15:00","isOpen":true},"sunday":{"open":"10:00","close":"15:00","isOpen":false}}
[2026-03-09T09:50:21.146Z] ✅ Clinic is open on monday from 09:00 to 17:00 
[2026-03-09T09:50:21.235Z] Blocked slots count: 
[2026-03-09T09:50:21.300Z] 🔵 Open time (UTC): "2026-03-09T13:00:00.000Z"
[2026-03-09T09:50:21.324Z] 🔵 Close time (UTC): "2026-03-09T21:00:00.000Z"
[2026-03-09T09:50:21.333Z] 🔵 Current time (UTC): "2026-03-09T09:50:21.333Z"
[2026-03-09T09:56:16.392Z] 🔵 Availability Request: {"clinicId":"1f0c099e-663f-462a-bd8d-b90ad71cbb01","serviceId":"7cc7ae88-9a64-43f2-9ff3-8a2253a52242","providerId":null,"date":"2026-03-09"}
[2026-03-09T09:56:16.410Z] 🔵 Using date: "2026-03-09"
[2026-03-09T09:56:16.425Z] 🔵 Clinic: "ehsan clinic"
[2026-03-09T09:56:16.431Z] 🔵 Using timezone: "America/New_York"
[2026-03-09T09:56:16.437Z] 🔵 Day of week: "monday"
[2026-03-09T09:56:16.438Z] 🔵 Business hours for monday: {"open":"09:00","close":"17:00","isOpen":true}
[2026-03-09T09:56:16.439Z] 🔵 All business hours: {"monday":{"open":"09:00","close":"17:00","isOpen":true},"tuesday":{"open":"09:00","close":"17:00","isOpen":true},"wednesday":{"open":"09:00","close":"17:00","isOpen":true},"thursday":{"open":"09:00","close":"17:00","isOpen":true},"friday":{"open":"09:00","close":"17:00","isOpen":true},"saturday":{"open":"10:00","close":"15:00","isOpen":true},"sunday":{"open":"10:00","close":"15:00","isOpen":false}}
[2026-03-09T09:56:16.442Z] ✅ Clinic is open on monday from 09:00 to 17:00 
[2026-03-09T09:56:16.469Z] Blocked slots count: 
[2026-03-09T09:56:16.472Z] 🔵 Open time (UTC): "2026-03-09T13:00:00.000Z"
[2026-03-09T09:56:16.473Z] 🔵 Close time (UTC): "2026-03-09T21:00:00.000Z"
[2026-03-09T09:56:16.474Z] 🔵 Current time (UTC): "2026-03-09T09:56:16.474Z"
[2026-03-09T10:20:05.372Z] 🔵 Availability Request: {"clinicId":"1f0c099e-663f-462a-bd8d-b90ad71cbb01","serviceId":"7cc7ae88-9a64-43f2-9ff3-8a2253a52242","providerId":null,"date":"2026-03-09"}
[2026-03-09T10:20:05.396Z] 🔵 Using date: "2026-03-09"
[2026-03-09T10:20:05.407Z] 🔵 Clinic: "ehsan clinic"
[2026-03-09T10:20:05.414Z] 🔵 Using timezone: "America/New_York"
[2026-03-09T10:20:05.420Z] 🔵 Day of week: "monday"
[2026-03-09T10:20:05.421Z] 🔵 Business hours for monday: {"open":"09:00","close":"17:00","isOpen":true}
[2026-03-09T10:20:05.422Z] 🔵 All business hours: {"monday":{"open":"09:00","close":"17:00","isOpen":true},"tuesday":{"open":"09:00","close":"17:00","isOpen":true},"wednesday":{"open":"09:00","close":"17:00","isOpen":true},"thursday":{"open":"09:00","close":"17:00","isOpen":true},"friday":{"open":"09:00","close":"17:00","isOpen":true},"saturday":{"open":"10:00","close":"15:00","isOpen":true},"sunday":{"open":"10:00","close":"15:00","isOpen":false}}
[2026-03-09T10:20:05.424Z] ✅ Clinic is open on monday from 09:00 to 17:00 
[2026-03-09T10:20:05.443Z] Blocked slots count: 
[2026-03-09T10:20:05.449Z] 🔵 Open time (UTC): "2026-03-09T13:00:00.000Z"
[2026-03-09T10:20:05.450Z] 🔵 Close time (UTC): "2026-03-09T21:00:00.000Z"
[2026-03-09T10:20:05.450Z] 🔵 Current time (UTC): "2026-03-09T10:20:05.450Z"
[2026-03-09T10:34:47.590Z] 🔵 Availability Request: {"clinicId":"1f0c099e-663f-462a-bd8d-b90ad71cbb01","serviceId":"7cc7ae88-9a64-43f2-9ff3-8a2253a52242","providerId":null,"date":"2026-03-09"}
[2026-03-09T10:34:47.598Z] 🔵 Using date: "2026-03-09"
[2026-03-09T10:34:47.610Z] 🔵 Clinic: "ehsan clinic"
[2026-03-09T10:34:47.616Z] 🔵 Using timezone: "America/New_York"
[2026-03-09T10:34:47.622Z] 🔵 Day of week: "monday"
[2026-03-09T10:34:47.624Z] 🔵 Business hours for monday: {"open":"09:00","close":"17:00","isOpen":true}
[2026-03-09T10:34:47.626Z] 🔵 All business hours: {"monday":{"open":"09:00","close":"17:00","isOpen":true},"tuesday":{"open":"09:00","close":"17:00","isOpen":true},"wednesday":{"open":"09:00","close":"17:00","isOpen":true},"thursday":{"open":"09:00","close":"17:00","isOpen":true},"friday":{"open":"09:00","close":"17:00","isOpen":true},"saturday":{"open":"10:00","close":"15:00","isOpen":true},"sunday":{"open":"10:00","close":"15:00","isOpen":false}}
[2026-03-09T10:34:47.628Z] ✅ Clinic is open on monday from 09:00 to 17:00 
[2026-03-09T10:34:47.650Z] Blocked slots count: 
[2026-03-09T10:34:47.653Z] 🔵 Open time (UTC): "2026-03-09T13:00:00.000Z"
[2026-03-09T10:34:47.654Z] 🔵 Close time (UTC): "2026-03-09T21:00:00.000Z"
[2026-03-09T10:34:47.656Z] 🔵 Current time (UTC): "2026-03-09T10:34:47.656Z"
[2026-03-09T10:40:24.552Z] 🔵 Availability Request: {"clinicId":"1f0c099e-663f-462a-bd8d-b90ad71cbb01","serviceId":"7cc7ae88-9a64-43f2-9ff3-8a2253a52242","providerId":null,"date":"2026-03-09"}
[2026-03-09T10:40:24.571Z] 🔵 Using date: "2026-03-09"
[2026-03-09T10:40:24.700Z] 🔵 Clinic: "ehsan clinic"
[2026-03-09T10:40:24.709Z] 🔵 Using timezone: "America/New_York"
[2026-03-09T10:40:24.715Z] 🔵 Day of week: "monday"
[2026-03-09T10:40:24.716Z] 🔵 Business hours for monday: {"open":"09:00","close":"17:00","isOpen":true}
[2026-03-09T10:40:24.718Z] 🔵 All business hours: {"monday":{"open":"09:00","close":"17:00","isOpen":true},"tuesday":{"open":"09:00","close":"17:00","isOpen":true},"wednesday":{"open":"09:00","close":"17:00","isOpen":true},"thursday":{"open":"09:00","close":"17:00","isOpen":true},"friday":{"open":"09:00","close":"17:00","isOpen":true},"saturday":{"open":"10:00","close":"15:00","isOpen":true},"sunday":{"open":"10:00","close":"15:00","isOpen":false}}
[2026-03-09T10:40:24.720Z] ✅ Clinic is open on monday from 09:00 to 17:00 
[2026-03-09T10:40:24.752Z] Blocked slots count: 
[2026-03-09T10:40:24.754Z] 🔵 Open time (UTC): "2026-03-09T13:00:00.000Z"
[2026-03-09T10:40:24.755Z] 🔵 Close time (UTC): "2026-03-09T21:00:00.000Z"
[2026-03-09T10:40:24.756Z] 🔵 Current time (UTC): "2026-03-09T10:40:24.756Z"
[2026-03-09T10:40:24.770Z] 🔵 Availability Request: {"clinicId":"1f0c099e-663f-462a-bd8d-b90ad71cbb01","serviceId":"7cc7ae88-9a64-43f2-9ff3-8a2253a52242","providerId":null,"date":"2026-03-09"}
[2026-03-09T10:40:24.778Z] 🔵 Using date: "2026-03-09"
[2026-03-09T10:40:24.796Z] 🔵 Clinic: "ehsan clinic"
[2026-03-09T10:40:24.802Z] 🔵 Using timezone: "America/New_York"
[2026-03-09T10:40:24.815Z] 🔵 Day of week: "monday"
[2026-03-09T10:40:24.816Z] 🔵 Business hours for monday: {"open":"09:00","close":"17:00","isOpen":true}
[2026-03-09T10:40:24.817Z] 🔵 All business hours: {"monday":{"open":"09:00","close":"17:00","isOpen":true},"tuesday":{"open":"09:00","close":"17:00","isOpen":true},"wednesday":{"open":"09:00","close":"17:00","isOpen":true},"thursday":{"open":"09:00","close":"17:00","isOpen":true},"friday":{"open":"09:00","close":"17:00","isOpen":true},"saturday":{"open":"10:00","close":"15:00","isOpen":true},"sunday":{"open":"10:00","close":"15:00","isOpen":false}}
[2026-03-09T10:40:24.820Z] ✅ Clinic is open on monday from 09:00 to 17:00 
[2026-03-09T10:40:24.831Z] Blocked slots count: 
[2026-03-09T10:40:24.834Z] 🔵 Open time (UTC): "2026-03-09T13:00:00.000Z"
[2026-03-09T10:40:24.835Z] 🔵 Close time (UTC): "2026-03-09T21:00:00.000Z"
[2026-03-09T10:40:24.838Z] 🔵 Current time (UTC): "2026-03-09T10:40:24.837Z"
[2026-03-09T10:40:35.448Z] 🔵 Availability Request: {"clinicId":"1f0c099e-663f-462a-bd8d-b90ad71cbb01","serviceId":"7cc7ae88-9a64-43f2-9ff3-8a2253a52242","providerId":null,"date":"2026-03-09"}
[2026-03-09T10:40:35.452Z] 🔵 Using date: "2026-03-09"
[2026-03-09T10:40:35.465Z] 🔵 Clinic: "ehsan clinic"
[2026-03-09T10:40:35.471Z] 🔵 Using timezone: "America/New_York"
[2026-03-09T10:40:35.477Z] 🔵 Day of week: "monday"
[2026-03-09T10:40:35.481Z] 🔵 Business hours for monday: {"open":"09:00","close":"17:00","isOpen":true}
[2026-03-09T10:40:35.482Z] 🔵 All business hours: {"monday":{"open":"09:00","close":"17:00","isOpen":true},"tuesday":{"open":"09:00","close":"17:00","isOpen":true},"wednesday":{"open":"09:00","close":"17:00","isOpen":true},"thursday":{"open":"09:00","close":"17:00","isOpen":true},"friday":{"open":"09:00","close":"17:00","isOpen":true},"saturday":{"open":"10:00","close":"15:00","isOpen":true},"sunday":{"open":"10:00","close":"15:00","isOpen":false}}
[2026-03-09T10:40:35.484Z] ✅ Clinic is open on monday from 09:00 to 17:00 
[2026-03-09T10:40:35.496Z] Blocked slots count: 
[2026-03-09T10:40:35.498Z] 🔵 Open time (UTC): "2026-03-09T13:00:00.000Z"
[2026-03-09T10:40:35.502Z] 🔵 Close time (UTC): "2026-03-09T21:00:00.000Z"
[2026-03-09T10:40:35.503Z] 🔵 Current time (UTC): "2026-03-09T10:40:35.503Z"
[2026-03-09T17:41:02.232Z] 🔵 Availability Request: {"clinicId":"1f0c099e-663f-462a-bd8d-b90ad71cbb01","serviceId":"7cc7ae88-9a64-43f2-9ff3-8a2253a52242","providerId":null,"date":"2026-03-09"}
[2026-03-09T17:41:02.268Z] 🔵 Using date: "2026-03-09"
[2026-03-09T17:41:02.329Z] 🔵 Clinic: "ehsan clinic"
[2026-03-09T17:41:02.339Z] 🔵 Using timezone: "America/New_York"
[2026-03-09T17:41:02.460Z] 🔵 Day of week: "monday"
[2026-03-09T17:41:02.463Z] 🔵 Business hours for monday: {"open":"09:00","close":"17:00","isOpen":true}
[2026-03-09T17:41:02.465Z] 🔵 All business hours: {"monday":{"open":"09:00","close":"17:00","isOpen":true},"tuesday":{"open":"09:00","close":"17:00","isOpen":true},"wednesday":{"open":"09:00","close":"17:00","isOpen":true},"thursday":{"open":"09:00","close":"17:00","isOpen":true},"friday":{"open":"09:00","close":"17:00","isOpen":true},"saturday":{"open":"10:00","close":"15:00","isOpen":true},"sunday":{"open":"10:00","close":"15:00","isOpen":false}}
[2026-03-09T17:41:02.471Z] ✅ Clinic is open on monday from 09:00 to 17:00 
[2026-03-09T17:41:02.618Z] Blocked slots count: 
[2026-03-09T17:41:02.648Z] 🔵 Open time (UTC): "2026-03-09T13:00:00.000Z"
[2026-03-09T17:41:02.659Z] 🔵 Close time (UTC): "2026-03-09T21:00:00.000Z"
[2026-03-09T17:41:02.667Z] 🔵 Current time (UTC): "2026-03-09T17:41:02.667Z"
[2026-03-10T05:00:39.780Z] 🔵 Availability Request: {"clinicId":"1f0c099e-663f-462a-bd8d-b90ad71cbb01","serviceId":"7cc7ae88-9a64-43f2-9ff3-8a2253a52242","providerId":null,"date":"2026-03-10"}
[2026-03-10T05:00:40.053Z] 🔵 Using date: "2026-03-10"
[2026-03-10T05:00:40.079Z] 🔵 Clinic: "ehsan clinic"
[2026-03-10T05:00:40.091Z] 🔵 Using timezone: "America/New_York"
[2026-03-10T05:00:40.128Z] 🔵 Day of week: "tuesday"
[2026-03-10T05:00:40.134Z] 🔵 Business hours for tuesday: {"open":"09:00","close":"17:00","isOpen":true}
[2026-03-10T05:00:40.136Z] 🔵 All business hours: {"monday":{"open":"09:00","close":"17:00","isOpen":true},"tuesday":{"open":"09:00","close":"17:00","isOpen":true},"wednesday":{"open":"09:00","close":"17:00","isOpen":true},"thursday":{"open":"09:00","close":"17:00","isOpen":true},"friday":{"open":"09:00","close":"17:00","isOpen":true},"saturday":{"open":"10:00","close":"15:00","isOpen":true},"sunday":{"open":"10:00","close":"15:00","isOpen":false}}
[2026-03-10T05:00:40.138Z] ✅ Clinic is open on tuesday from 09:00 to 17:00 
[2026-03-10T05:00:40.196Z] 🔵 Checking availability for 2 providers 
[2026-03-10T05:00:40.245Z] 🔵 Availability Request: {"clinicId":"1f0c099e-663f-462a-bd8d-b90ad71cbb01","serviceId":"7cc7ae88-9a64-43f2-9ff3-8a2253a52242","providerId":null,"date":"2026-03-10"}
[2026-03-10T05:00:40.254Z] 🔵 Using date: "2026-03-10"
[2026-03-10T05:00:40.274Z] 🔵 Clinic: "ehsan clinic"
[2026-03-10T05:00:40.293Z] 🔵 Using timezone: "America/New_York"
[2026-03-10T05:00:40.311Z] 🔵 Day of week: "tuesday"
[2026-03-10T05:00:40.328Z] 🔵 Business hours for tuesday: {"open":"09:00","close":"17:00","isOpen":true}
[2026-03-10T05:00:40.337Z] 🔵 All business hours: {"monday":{"open":"09:00","close":"17:00","isOpen":true},"tuesday":{"open":"09:00","close":"17:00","isOpen":true},"wednesday":{"open":"09:00","close":"17:00","isOpen":true},"thursday":{"open":"09:00","close":"17:00","isOpen":true},"friday":{"open":"09:00","close":"17:00","isOpen":true},"saturday":{"open":"10:00","close":"15:00","isOpen":true},"sunday":{"open":"10:00","close":"15:00","isOpen":false}}
[2026-03-10T05:00:40.340Z] ✅ Clinic is open on tuesday from 09:00 to 17:00 
[2026-03-10T05:00:40.360Z] 🔵 Checking availability for 2 providers 
[2026-03-10T05:00:46.519Z] 🔵 Availability Request: {"clinicId":"1f0c099e-663f-462a-bd8d-b90ad71cbb01","serviceId":"7cc7ae88-9a64-43f2-9ff3-8a2253a52242","providerId":null,"date":"2026-03-26"}
[2026-03-10T05:00:46.523Z] 🔵 Using date: "2026-03-26"
[2026-03-10T05:00:46.555Z] 🔵 Clinic: "ehsan clinic"
[2026-03-10T05:00:46.561Z] 🔵 Using timezone: "America/New_York"
[2026-03-10T05:00:46.572Z] 🔵 Day of week: "thursday"
[2026-03-10T05:00:46.575Z] 🔵 Business hours for thursday: {"open":"09:00","close":"17:00","isOpen":true}
[2026-03-10T05:00:46.576Z] 🔵 All business hours: {"monday":{"open":"09:00","close":"17:00","isOpen":true},"tuesday":{"open":"09:00","close":"17:00","isOpen":true},"wednesday":{"open":"09:00","close":"17:00","isOpen":true},"thursday":{"open":"09:00","close":"17:00","isOpen":true},"friday":{"open":"09:00","close":"17:00","isOpen":true},"saturday":{"open":"10:00","close":"15:00","isOpen":true},"sunday":{"open":"10:00","close":"15:00","isOpen":false}}
[2026-03-10T05:00:46.578Z] ✅ Clinic is open on thursday from 09:00 to 17:00 
[2026-03-10T05:00:46.595Z] 🔵 Checking availability for 2 providers 
[2026-03-25T06:14:17.864Z] 🔵 Availability Request: {"clinicId":"1f0c099e-663f-462a-bd8d-b90ad71cbb01","serviceId":"7cc7ae88-9a64-43f2-9ff3-8a2253a52242","providerId":null,"date":"2026-03-25"}
[2026-03-25T06:14:18.136Z] 🔵 Using date: "2026-03-25"
[2026-03-25T06:14:18.177Z] 🔵 Clinic: "ehsan clinic"
[2026-03-25T06:14:18.183Z] 🔵 Using timezone: "America/New_York"
[2026-03-25T06:14:18.189Z] 🔵 Day of week: "wednesday"
[2026-03-25T06:14:18.189Z] 🔵 Business hours for wednesday: {"open":"09:00","close":"17:00","isOpen":true}
[2026-03-25T06:14:18.190Z] 🔵 All business hours: {"monday":{"open":"09:00","close":"17:00","isOpen":true},"tuesday":{"open":"09:00","close":"17:00","isOpen":true},"wednesday":{"open":"09:00","close":"17:00","isOpen":true},"thursday":{"open":"09:00","close":"17:00","isOpen":true},"friday":{"open":"09:00","close":"17:00","isOpen":true},"saturday":{"open":"10:00","close":"15:00","isOpen":true},"sunday":{"open":"10:00","close":"15:00","isOpen":false}}
[2026-03-25T06:14:18.190Z] ✅ Clinic is open on wednesday from 09:00 to 17:00 
[2026-03-25T06:14:18.211Z] 🔵 Checking availability for 2 providers 
[2026-03-25T06:14:18.237Z] ✅ Found 15 slots for clinic: ehsan clinic 
[2026-03-25T06:53:03.305Z] 🔵 Availability Request: {"clinicId":"1f0c099e-663f-462a-bd8d-b90ad71cbb01","serviceId":"7cc7ae88-9a64-43f2-9ff3-8a2253a52242","providerId":null,"date":"2026-03-25"}
[2026-03-25T06:53:03.578Z] 🔵 Using date: "2026-03-25"
[2026-03-25T06:53:03.590Z] 🔵 Clinic: "ehsan clinic"
[2026-03-25T06:53:03.595Z] 🔵 Using timezone: "America/New_York"
[2026-03-25T06:53:03.638Z] 🔵 Day of week: "wednesday"
[2026-03-25T06:53:03.639Z] 🔵 Business hours for wednesday: {"open":"09:00","close":"17:00","isOpen":true}
[2026-03-25T06:53:03.639Z] 🔵 All business hours: {"monday":{"open":"09:00","close":"17:00","isOpen":true},"tuesday":{"open":"09:00","close":"17:00","isOpen":true},"wednesday":{"open":"09:00","close":"17:00","isOpen":true},"thursday":{"open":"09:00","close":"17:00","isOpen":true},"friday":{"open":"09:00","close":"17:00","isOpen":true},"saturday":{"open":"10:00","close":"15:00","isOpen":true},"sunday":{"open":"10:00","close":"15:00","isOpen":false}}
[2026-03-25T06:53:03.640Z] ✅ Clinic is open on wednesday from 09:00 to 17:00 
[2026-03-25T06:53:03.660Z] 🔵 Checking availability for 3 providers 
[2026-03-25T06:53:03.682Z] ✅ Found 15 slots for clinic: ehsan clinic 
[2026-03-25T07:03:30.228Z] 🔵 Availability Request: {"clinicId":"1f0c099e-663f-462a-bd8d-b90ad71cbb01","serviceId":"7cc7ae88-9a64-43f2-9ff3-8a2253a52242","providerId":null,"date":"2026-03-25"}
[2026-03-25T07:03:30.229Z] 🔵 Using date: "2026-03-25"
[2026-03-25T07:03:30.341Z] 🔵 Clinic: "ehsan clinic"
[2026-03-25T07:03:30.357Z] 🔵 Using timezone: "America/New_York"
[2026-03-25T07:03:30.358Z] 🔵 Day of week: "wednesday"
[2026-03-25T07:03:30.359Z] 🔵 Business hours for wednesday: {"open":"09:00","close":"17:00","isOpen":true}
[2026-03-25T07:03:30.360Z] 🔵 All business hours: {"monday":{"open":"09:00","close":"17:00","isOpen":true},"tuesday":{"open":"09:00","close":"17:00","isOpen":true},"wednesday":{"open":"09:00","close":"17:00","isOpen":true},"thursday":{"open":"09:00","close":"17:00","isOpen":true},"friday":{"open":"09:00","close":"17:00","isOpen":true},"saturday":{"open":"10:00","close":"15:00","isOpen":true},"sunday":{"open":"10:00","close":"15:00","isOpen":false}}
[2026-03-25T07:03:30.360Z] ✅ Clinic is open on wednesday from 09:00 to 17:00 
[2026-03-25T07:03:30.403Z] 🔵 Checking availability for 3 providers 
[2026-03-25T07:03:30.475Z] ✅ Found 15 slots for clinic: ehsan clinic 
[2026-03-25T07:04:10.141Z] 🔵 Availability Request: {"clinicId":"1f0c099e-663f-462a-bd8d-b90ad71cbb01","serviceId":"7cc7ae88-9a64-43f2-9ff3-8a2253a52242","providerId":null,"date":"2026-03-26"}
[2026-03-25T07:04:10.142Z] 🔵 Using date: "2026-03-26"
[2026-03-25T07:04:10.182Z] 🔵 Clinic: "ehsan clinic"
[2026-03-25T07:04:10.189Z] 🔵 Using timezone: "America/New_York"
[2026-03-25T07:04:10.191Z] 🔵 Day of week: "thursday"
[2026-03-25T07:04:10.191Z] 🔵 Business hours for thursday: {"open":"09:00","close":"17:00","isOpen":true}
[2026-03-25T07:04:10.192Z] 🔵 All business hours: {"monday":{"open":"09:00","close":"17:00","isOpen":true},"tuesday":{"open":"09:00","close":"17:00","isOpen":true},"wednesday":{"open":"09:00","close":"17:00","isOpen":true},"thursday":{"open":"09:00","close":"17:00","isOpen":true},"friday":{"open":"09:00","close":"17:00","isOpen":true},"saturday":{"open":"10:00","close":"15:00","isOpen":true},"sunday":{"open":"10:00","close":"15:00","isOpen":false}}
[2026-03-25T07:04:10.193Z] ✅ Clinic is open on thursday from 09:00 to 17:00 
[2026-03-25T07:04:10.223Z] 🔵 Checking availability for 3 providers 
[2026-03-25T07:04:10.245Z] ✅ Found 15 slots for clinic: ehsan clinic 
[2026-03-25T07:05:04.578Z] 🔵 Availability Request: {"clinicId":"1f0c099e-663f-462a-bd8d-b90ad71cbb01","serviceId":"7cc7ae88-9a64-43f2-9ff3-8a2253a52242","providerId":null,"date":"2026-03-26"}
[2026-03-25T07:05:04.579Z] 🔵 Using date: "2026-03-26"
[2026-03-25T07:05:04.586Z] 🔵 Clinic: "ehsan clinic"
[2026-03-25T07:05:04.592Z] 🔵 Using timezone: "America/New_York"
[2026-03-25T07:05:04.592Z] 🔵 Day of week: "thursday"
[2026-03-25T07:05:04.593Z] 🔵 Business hours for thursday: {"open":"09:00","close":"17:00","isOpen":true}
[2026-03-25T07:05:04.593Z] 🔵 All business hours: {"monday":{"open":"09:00","close":"17:00","isOpen":true},"tuesday":{"open":"09:00","close":"17:00","isOpen":true},"wednesday":{"open":"09:00","close":"17:00","isOpen":true},"thursday":{"open":"09:00","close":"17:00","isOpen":true},"friday":{"open":"09:00","close":"17:00","isOpen":true},"saturday":{"open":"10:00","close":"15:00","isOpen":true},"sunday":{"open":"10:00","close":"15:00","isOpen":false}}
[2026-03-25T07:05:04.594Z] ✅ Clinic is open on thursday from 09:00 to 17:00 
[2026-03-25T07:05:04.614Z] 🔵 Checking availability for 3 providers 
[2026-03-25T07:05:04.628Z] ✅ Found 15 slots for clinic: ehsan clinic 
[2026-03-25T07:58:34.873Z] 🔵 Availability Request: {"clinicId":"1f0c099e-663f-462a-bd8d-b90ad71cbb01","serviceId":"7cc7ae88-9a64-43f2-9ff3-8a2253a52242","providerId":null,"date":"2026-03-25"}
[2026-03-25T07:58:34.906Z] 🔵 Using date: "2026-03-25"
[2026-03-25T07:58:34.920Z] 🔵 Clinic: "ehsan clinic"
[2026-03-25T07:58:34.925Z] 🔵 Using timezone: "America/New_York"
[2026-03-25T07:58:34.932Z] 🔵 Day of week: "wednesday"
[2026-03-25T07:58:34.933Z] 🔵 Business hours for wednesday: {"open":"09:00","close":"17:00","isOpen":true}
[2026-03-25T07:58:34.934Z] 🔵 All business hours: {"monday":{"open":"09:00","close":"17:00","isOpen":true},"tuesday":{"open":"09:00","close":"17:00","isOpen":true},"wednesday":{"open":"09:00","close":"17:00","isOpen":true},"thursday":{"open":"09:00","close":"17:00","isOpen":true},"friday":{"open":"09:00","close":"17:00","isOpen":true},"saturday":{"open":"10:00","close":"15:00","isOpen":true},"sunday":{"open":"10:00","close":"15:00","isOpen":false}}
[2026-03-25T07:58:34.935Z] ✅ Clinic is open on wednesday from 09:00 to 17:00 
[2026-03-25T07:58:34.959Z] 🔵 Checking availability for 3 providers 
[2026-03-25T07:58:34.964Z] ❌ Error in getAvailableSlots: {"query":"SELECT \"Appointment\".\"id\" AS \"Appointment_id\", \"Appointment\".\"clinicId\" AS \"Appointment_clinicId\", \"Appointment\".\"serviceId\" AS \"Appointment_serviceId\", \"Appointment\".\"providerId\" AS \"Appointment_providerId\", \"Appointment\".\"clientId\" AS \"Appointment_clientId\", \"Appointment\".\"clientDetails\" AS \"Appointment_clientDetails\", \"Appointment\".\"startTime\" AS \"Appointment_startTime\", \"Appointment\".\"endTime\" AS \"Appointment_endTime\", \"Appointment\".\"status\" AS \"Appointment_status\", \"Appointment\".\"notes\" AS \"Appointment_notes\", \"Appointment\".\"paymentMethod\" AS \"Appointment_paymentMethod\", \"Appointment\".\"advancePaymentAmount\" AS \"Appointment_advancePaymentAmount\", \"Appointment\".\"totalAmount\" AS \"Appointment_totalAmount\", \"Appointment\".\"amountPaid\" AS \"Appointment_amountPaid\", \"Appointment\".\"holdId\" AS \"Appointment_holdId\", \"Appointment\".\"treatmentDetails\" AS \"Appointment_treatmentDetails\", \"Appointment\".\"completedAt\" AS \"Appointment_completedAt\", \"Appointment\".\"cancelledAt\" AS \"Appointment_cancelledAt\", \"Appointment\".\"cancelledById\" AS \"Appointment_cancelledById\", \"Appointment\".\"noShowMarkedAt\" AS \"Appointment_noShowMarkedAt\", \"Appointment\".\"noShowMarkedById\" AS \"Appointment_noShowMarkedById\", \"Appointment\".\"appointmentSource\" AS \"Appointment_appointmentSource\", \"Appointment\".\"showStatus\" AS \"Appointment_showStatus\", \"Appointment\".\"serviceExecuted\" AS \"Appointment_serviceExecuted\", \"Appointment\".\"followUpServiceId\" AS \"Appointment_followUpServiceId\", \"Appointment\".\"clinicNotes\" AS \"Appointment_clinicNotes\", \"Appointment\".\"bookedById\" AS \"Appointment_bookedById\", \"Appointment\".\"appointmentCompletionReport\" AS \"Appointment_appointmentCompletionReport\", \"Appointment\".\"createdAt\" AS \"Appointment_createdAt\", \"Appointment\".\"updatedAt\" AS \"Appointment_updatedAt\" FROM \"appointments\" \"Appointment\" WHERE ((\"Appointment\".\"clinicId\" = $1) AND (\"Appointment\".\"startTime\" BETWEEN $2 AND $3) AND (\"Appointment\".\"status\" = $4))","parameters":["1f0c099e-663f-462a-bd8d-b90ad71cbb01","2026-03-25T04:00:00.000Z","2026-03-26T03:59:59.999Z","CONFIRMED"],"driverError":{"length":125,"name":"error","severity":"ERROR","code":"42703","position":"1006","file":"parse_relation.c","line":"3665","routine":"errorMissingColumn"},"length":125,"severity":"ERROR","code":"42703","position":"1006","file":"parse_relation.c","line":"3665","routine":"errorMissingColumn"}
[2026-03-25T08:16:41.471Z] 🔵 Availability Request: {"clinicId":"1f0c099e-663f-462a-bd8d-b90ad71cbb01","serviceId":"7cc7ae88-9a64-43f2-9ff3-8a2253a52242","providerId":null,"date":"2026-03-25"}
[2026-03-25T08:16:41.472Z] 🔵 Using date: "2026-03-25"
[2026-03-25T08:16:41.487Z] 🔵 Clinic: "ehsan clinic"
[2026-03-25T08:16:41.493Z] 🔵 Using timezone: "America/New_York"
[2026-03-25T08:16:41.499Z] 🔵 Day of week: "wednesday"
[2026-03-25T08:16:41.500Z] 🔵 Business hours for wednesday: {"open":"09:00","close":"17:00","isOpen":true}
[2026-03-25T08:16:41.501Z] 🔵 All business hours: {"monday":{"open":"09:00","close":"17:00","isOpen":true},"tuesday":{"open":"09:00","close":"17:00","isOpen":true},"wednesday":{"open":"09:00","close":"17:00","isOpen":true},"thursday":{"open":"09:00","close":"17:00","isOpen":true},"friday":{"open":"09:00","close":"17:00","isOpen":true},"saturday":{"open":"10:00","close":"15:00","isOpen":true},"sunday":{"open":"10:00","close":"15:00","isOpen":false}}
[2026-03-25T08:16:41.502Z] ✅ Clinic is open on wednesday from 09:00 to 17:00 
[2026-03-25T08:16:41.541Z] 🔵 Checking availability for 3 providers 
[2026-03-25T08:16:41.576Z] ✅ Found 15 slots for clinic: ehsan clinic 
[2026-03-25T09:35:35.935Z] 🔵 Availability Request: {"clinicId":"c07c073a-ad9e-44fd-b1b7-0b82ac7ed194","serviceId":"bdd6033a-d623-4770-a2a4-f62177b3c3f3","providerId":null,"date":"2026-03-25"}
[2026-03-25T09:35:35.936Z] 🔵 Using date: "2026-03-25"
[2026-03-25T09:35:35.948Z] 🔵 Clinic: "abc clinic"
[2026-03-25T09:35:35.958Z] 🔵 Using timezone: "America/New_York"
[2026-03-25T09:35:35.969Z] 🔵 Day of week: "wednesday"
[2026-03-25T09:35:35.970Z] 🔵 Business hours for wednesday: {"open":"09:00","close":"17:00","isOpen":true}
[2026-03-25T09:35:35.970Z] 🔵 All business hours: {"monday":{"open":"09:00","close":"17:00","isOpen":true},"tuesday":{"open":"09:00","close":"17:00","isOpen":true},"wednesday":{"open":"09:00","close":"17:00","isOpen":true},"thursday":{"open":"09:00","close":"17:00","isOpen":true},"friday":{"open":"09:00","close":"17:00","isOpen":true},"saturday":{"open":"10:00","close":"15:00","isOpen":true},"sunday":{"open":"10:00","close":"15:00","isOpen":false}}
[2026-03-25T09:35:35.972Z] ✅ Clinic is open on wednesday from 09:00 to 17:00 
[2026-03-25T09:35:36.001Z] 🔵 Checking availability for 3 providers 
[2026-03-25T09:35:36.039Z] ✅ Found 15 slots for clinic: abc clinic 
[2026-03-25T09:35:36.092Z] 🔵 Availability Request: {"clinicId":"c07c073a-ad9e-44fd-b1b7-0b82ac7ed194","serviceId":"bdd6033a-d623-4770-a2a4-f62177b3c3f3","providerId":null,"date":"2026-03-25"}
[2026-03-25T09:35:36.093Z] 🔵 Using date: "2026-03-25"
[2026-03-25T09:35:36.102Z] 🔵 Clinic: "abc clinic"
[2026-03-25T09:35:36.108Z] 🔵 Using timezone: "America/New_York"
[2026-03-25T09:35:36.110Z] 🔵 Day of week: "wednesday"
[2026-03-25T09:35:36.110Z] 🔵 Business hours for wednesday: {"open":"09:00","close":"17:00","isOpen":true}
[2026-03-25T09:35:36.111Z] 🔵 All business hours: {"monday":{"open":"09:00","close":"17:00","isOpen":true},"tuesday":{"open":"09:00","close":"17:00","isOpen":true},"wednesday":{"open":"09:00","close":"17:00","isOpen":true},"thursday":{"open":"09:00","close":"17:00","isOpen":true},"friday":{"open":"09:00","close":"17:00","isOpen":true},"saturday":{"open":"10:00","close":"15:00","isOpen":true},"sunday":{"open":"10:00","close":"15:00","isOpen":false}}
[2026-03-25T09:35:36.111Z] ✅ Clinic is open on wednesday from 09:00 to 17:00 
[2026-03-25T09:35:36.141Z] 🔵 Checking availability for 3 providers 
[2026-03-25T09:35:36.166Z] ✅ Found 15 slots for clinic: abc clinic 
[2026-03-25T09:44:00.275Z] 🔵 Availability Request: {"clinicId":"1f0c099e-663f-462a-bd8d-b90ad71cbb01","serviceId":"7cc7ae88-9a64-43f2-9ff3-8a2253a52242","providerId":null,"date":"2026-03-25"}
[2026-03-25T09:44:00.300Z] 🔵 Using date: "2026-03-25"
[2026-03-25T09:44:00.434Z] 🔵 Clinic: "ehsan clinic"
[2026-03-25T09:44:00.446Z] 🔵 Using timezone: "America/New_York"
[2026-03-25T09:44:00.453Z] 🔵 Day of week: "wednesday"
[2026-03-25T09:44:00.454Z] 🔵 Business hours for wednesday: {"open":"09:00","close":"17:00","isOpen":true}
[2026-03-25T09:44:00.455Z] 🔵 All business hours: {"monday":{"open":"09:00","close":"17:00","isOpen":true},"tuesday":{"open":"09:00","close":"17:00","isOpen":true},"wednesday":{"open":"09:00","close":"17:00","isOpen":true},"thursday":{"open":"09:00","close":"17:00","isOpen":true},"friday":{"open":"09:00","close":"17:00","isOpen":true},"saturday":{"open":"10:00","close":"15:00","isOpen":true},"sunday":{"open":"10:00","close":"15:00","isOpen":false}}
[2026-03-25T09:44:00.455Z] ✅ Clinic is open on wednesday from 09:00 to 17:00 
[2026-03-25T09:44:00.487Z] 🔵 Checking availability for 3 providers 
[2026-03-25T09:44:00.516Z] ✅ Found 15 slots for clinic: ehsan clinic 
[2026-03-25T09:44:00.543Z] 🔵 Availability Request: {"clinicId":"1f0c099e-663f-462a-bd8d-b90ad71cbb01","serviceId":"7cc7ae88-9a64-43f2-9ff3-8a2253a52242","providerId":null,"date":"2026-03-25"}
[2026-03-25T09:44:00.544Z] 🔵 Using date: "2026-03-25"
[2026-03-25T09:44:00.552Z] 🔵 Clinic: "ehsan clinic"
[2026-03-25T09:44:00.556Z] 🔵 Using timezone: "America/New_York"
[2026-03-25T09:44:00.557Z] 🔵 Day of week: "wednesday"
[2026-03-25T09:44:00.557Z] 🔵 Business hours for wednesday: {"open":"09:00","close":"17:00","isOpen":true}
[2026-03-25T09:44:00.557Z] 🔵 All business hours: {"monday":{"open":"09:00","close":"17:00","isOpen":true},"tuesday":{"open":"09:00","close":"17:00","isOpen":true},"wednesday":{"open":"09:00","close":"17:00","isOpen":true},"thursday":{"open":"09:00","close":"17:00","isOpen":true},"friday":{"open":"09:00","close":"17:00","isOpen":true},"saturday":{"open":"10:00","close":"15:00","isOpen":true},"sunday":{"open":"10:00","close":"15:00","isOpen":false}}
[2026-03-25T09:44:00.558Z] ✅ Clinic is open on wednesday from 09:00 to 17:00 
[2026-03-25T09:44:00.574Z] 🔵 Checking availability for 3 providers 
[2026-03-25T09:44:00.587Z] ✅ Found 15 slots for clinic: ehsan clinic 
[2026-03-25T09:44:59.020Z] 🔵 Availability Request: {"clinicId":"1f0c099e-663f-462a-bd8d-b90ad71cbb01","serviceId":"7cc7ae88-9a64-43f2-9ff3-8a2253a52242","providerId":null,"date":"2026-03-25"}
[2026-03-25T09:44:59.021Z] 🔵 Using date: "2026-03-25"
[2026-03-25T09:44:59.030Z] 🔵 Clinic: "ehsan clinic"
[2026-03-25T09:44:59.035Z] 🔵 Using timezone: "America/New_York"
[2026-03-25T09:44:59.036Z] 🔵 Day of week: "wednesday"
[2026-03-25T09:44:59.037Z] 🔵 Business hours for wednesday: {"open":"09:00","close":"17:00","isOpen":true}
[2026-03-25T09:44:59.037Z] 🔵 All business hours: {"monday":{"open":"09:00","close":"17:00","isOpen":true},"tuesday":{"open":"09:00","close":"17:00","isOpen":true},"wednesday":{"open":"09:00","close":"17:00","isOpen":true},"thursday":{"open":"09:00","close":"17:00","isOpen":true},"friday":{"open":"09:00","close":"17:00","isOpen":true},"saturday":{"open":"10:00","close":"15:00","isOpen":true},"sunday":{"open":"10:00","close":"15:00","isOpen":false}}
[2026-03-25T09:44:59.038Z] ✅ Clinic is open on wednesday from 09:00 to 17:00 
[2026-03-25T09:44:59.068Z] 🔵 Checking availability for 3 providers 
[2026-03-25T09:44:59.090Z] ✅ Found 15 slots for clinic: ehsan clinic 
[2026-03-25T11:03:33.658Z] 🔵 Availability Request: {"clinicId":"1f0c099e-663f-462a-bd8d-b90ad71cbb01","serviceId":"7cc7ae88-9a64-43f2-9ff3-8a2253a52242","providerId":null,"date":"2026-03-25"}
[2026-03-25T11:03:33.683Z] 🔵 Using date: "2026-03-25"
[2026-03-25T11:03:33.691Z] 🔵 Clinic: "ehsan clinic"
[2026-03-25T11:03:33.694Z] 🔵 Using timezone: "America/New_York"
[2026-03-25T11:03:33.697Z] 🔵 Day of week: "wednesday"
[2026-03-25T11:03:33.697Z] 🔵 Business hours for wednesday: {"open":"09:00","close":"17:00","isOpen":true}
[2026-03-25T11:03:33.698Z] 🔵 All business hours: {"monday":{"open":"09:00","close":"17:00","isOpen":true},"tuesday":{"open":"09:00","close":"17:00","isOpen":true},"wednesday":{"open":"09:00","close":"17:00","isOpen":true},"thursday":{"open":"09:00","close":"17:00","isOpen":true},"friday":{"open":"09:00","close":"17:00","isOpen":true},"saturday":{"open":"10:00","close":"15:00","isOpen":true},"sunday":{"open":"10:00","close":"15:00","isOpen":false}}
[2026-03-25T11:03:33.699Z] ✅ Clinic is open on wednesday from 09:00 to 17:00 
[2026-03-25T11:03:33.772Z] 🔵 Checking availability for 3 providers 
[2026-03-25T11:03:33.875Z] ✅ Found 15 slots for clinic: ehsan clinic 
[2026-03-25T11:03:42.203Z] 🔵 Availability Request: {"clinicId":"c07c073a-ad9e-44fd-b1b7-0b82ac7ed194","serviceId":"bdd6033a-d623-4770-a2a4-f62177b3c3f3","providerId":null,"date":"2026-03-25"}
[2026-03-25T11:03:42.204Z] 🔵 Using date: "2026-03-25"
[2026-03-25T11:03:42.234Z] 🔵 Clinic: "abc clinic"
[2026-03-25T11:03:42.240Z] 🔵 Using timezone: "America/New_York"
[2026-03-25T11:03:42.241Z] 🔵 Day of week: "wednesday"
[2026-03-25T11:03:42.241Z] 🔵 Business hours for wednesday: {"open":"09:00","close":"17:00","isOpen":true}
[2026-03-25T11:03:42.242Z] 🔵 All business hours: {"monday":{"open":"09:00","close":"17:00","isOpen":true},"tuesday":{"open":"09:00","close":"17:00","isOpen":true},"wednesday":{"open":"09:00","close":"17:00","isOpen":true},"thursday":{"open":"09:00","close":"17:00","isOpen":true},"friday":{"open":"09:00","close":"17:00","isOpen":true},"saturday":{"open":"10:00","close":"15:00","isOpen":true},"sunday":{"open":"10:00","close":"15:00","isOpen":false}}
[2026-03-25T11:03:42.242Z] ✅ Clinic is open on wednesday from 09:00 to 17:00 
[2026-03-25T11:03:42.303Z] 🔵 Checking availability for 3 providers 
[2026-03-25T11:03:42.326Z] ✅ Found 15 slots for clinic: abc clinic 
[2026-03-25T11:03:42.340Z] 🔵 Availability Request: {"clinicId":"c07c073a-ad9e-44fd-b1b7-0b82ac7ed194","serviceId":"bdd6033a-d623-4770-a2a4-f62177b3c3f3","providerId":null,"date":"2026-03-25"}
[2026-03-25T11:03:42.341Z] 🔵 Using date: "2026-03-25"
[2026-03-25T11:03:42.357Z] 🔵 Clinic: "abc clinic"
[2026-03-25T11:03:42.361Z] 🔵 Using timezone: "America/New_York"
[2026-03-25T11:03:42.362Z] 🔵 Day of week: "wednesday"
[2026-03-25T11:03:42.363Z] 🔵 Business hours for wednesday: {"open":"09:00","close":"17:00","isOpen":true}
[2026-03-25T11:03:42.364Z] 🔵 All business hours: {"monday":{"open":"09:00","close":"17:00","isOpen":true},"tuesday":{"open":"09:00","close":"17:00","isOpen":true},"wednesday":{"open":"09:00","close":"17:00","isOpen":true},"thursday":{"open":"09:00","close":"17:00","isOpen":true},"friday":{"open":"09:00","close":"17:00","isOpen":true},"saturday":{"open":"10:00","close":"15:00","isOpen":true},"sunday":{"open":"10:00","close":"15:00","isOpen":false}}
[2026-03-25T11:03:42.366Z] ✅ Clinic is open on wednesday from 09:00 to 17:00 
[2026-03-25T11:03:42.388Z] 🔵 Checking availability for 3 providers 
[2026-03-25T11:03:42.404Z] ✅ Found 15 slots for clinic: abc clinic 
[2026-03-25T11:04:23.822Z] 🔵 Availability Request: {"clinicId":"1f0c099e-663f-462a-bd8d-b90ad71cbb01","serviceId":"7cc7ae88-9a64-43f2-9ff3-8a2253a52242","providerId":null,"date":"2026-03-25"}
[2026-03-25T11:04:23.822Z] 🔵 Using date: "2026-03-25"
[2026-03-25T11:04:23.928Z] 🔵 Clinic: "ehsan clinic"
[2026-03-25T11:04:23.936Z] 🔵 Using timezone: "America/New_York"
[2026-03-25T11:04:23.937Z] 🔵 Day of week: "wednesday"
[2026-03-25T11:04:23.937Z] 🔵 Business hours for wednesday: {"open":"09:00","close":"17:00","isOpen":true}
[2026-03-25T11:04:23.938Z] 🔵 All business hours: {"monday":{"open":"09:00","close":"17:00","isOpen":true},"tuesday":{"open":"09:00","close":"17:00","isOpen":true},"wednesday":{"open":"09:00","close":"17:00","isOpen":true},"thursday":{"open":"09:00","close":"17:00","isOpen":true},"friday":{"open":"09:00","close":"17:00","isOpen":true},"saturday":{"open":"10:00","close":"15:00","isOpen":true},"sunday":{"open":"10:00","close":"15:00","isOpen":false}}
[2026-03-25T11:04:23.938Z] ✅ Clinic is open on wednesday from 09:00 to 17:00 
[2026-03-25T11:04:23.979Z] 🔵 Checking availability for 3 providers 
[2026-03-25T11:04:24.005Z] ✅ Found 15 slots for clinic: ehsan clinic 
[2026-03-25T11:04:24.024Z] 🔵 Availability Request: {"clinicId":"1f0c099e-663f-462a-bd8d-b90ad71cbb01","serviceId":"7cc7ae88-9a64-43f2-9ff3-8a2253a52242","providerId":null,"date":"2026-03-25"}
[2026-03-25T11:04:24.025Z] 🔵 Using date: "2026-03-25"
[2026-03-25T11:04:24.033Z] 🔵 Clinic: "ehsan clinic"
[2026-03-25T11:04:24.037Z] 🔵 Using timezone: "America/New_York"
[2026-03-25T11:04:24.038Z] 🔵 Day of week: "wednesday"
[2026-03-25T11:04:24.039Z] 🔵 Business hours for wednesday: {"open":"09:00","close":"17:00","isOpen":true}
[2026-03-25T11:04:24.039Z] 🔵 All business hours: {"monday":{"open":"09:00","close":"17:00","isOpen":true},"tuesday":{"open":"09:00","close":"17:00","isOpen":true},"wednesday":{"open":"09:00","close":"17:00","isOpen":true},"thursday":{"open":"09:00","close":"17:00","isOpen":true},"friday":{"open":"09:00","close":"17:00","isOpen":true},"saturday":{"open":"10:00","close":"15:00","isOpen":true},"sunday":{"open":"10:00","close":"15:00","isOpen":false}}
[2026-03-25T11:04:24.041Z] ✅ Clinic is open on wednesday from 09:00 to 17:00 
[2026-03-25T11:04:24.055Z] 🔵 Checking availability for 3 providers 
[2026-03-25T11:04:24.065Z] ✅ Found 15 slots for clinic: ehsan clinic 
[2026-03-25T11:07:20.946Z] 🔵 Availability Request: {"clinicId":"1f0c099e-663f-462a-bd8d-b90ad71cbb01","serviceId":"7cc7ae88-9a64-43f2-9ff3-8a2253a52242","providerId":null,"date":"2026-03-25"}
[2026-03-25T11:07:20.947Z] 🔵 Using date: "2026-03-25"
[2026-03-25T11:07:21.021Z] 🔵 Clinic: "ehsan clinic"
[2026-03-25T11:07:21.027Z] 🔵 Using timezone: "America/New_York"
[2026-03-25T11:07:21.029Z] 🔵 Day of week: "wednesday"
[2026-03-25T11:07:21.029Z] 🔵 Business hours for wednesday: {"open":"09:00","close":"17:00","isOpen":true}
[2026-03-25T11:07:21.030Z] 🔵 All business hours: {"monday":{"open":"09:00","close":"17:00","isOpen":true},"tuesday":{"open":"09:00","close":"17:00","isOpen":true},"wednesday":{"open":"09:00","close":"17:00","isOpen":true},"thursday":{"open":"09:00","close":"17:00","isOpen":true},"friday":{"open":"09:00","close":"17:00","isOpen":true},"saturday":{"open":"10:00","close":"15:00","isOpen":true},"sunday":{"open":"10:00","close":"15:00","isOpen":false}}
[2026-03-25T11:07:21.030Z] ✅ Clinic is open on wednesday from 09:00 to 17:00 
[2026-03-25T11:07:21.062Z] 🔵 Checking availability for 3 providers 
[2026-03-25T11:07:21.108Z] ✅ Found 15 slots for clinic: ehsan clinic 
[2026-03-25T11:07:21.129Z] 🔵 Availability Request: {"clinicId":"1f0c099e-663f-462a-bd8d-b90ad71cbb01","serviceId":"7cc7ae88-9a64-43f2-9ff3-8a2253a52242","providerId":null,"date":"2026-03-25"}
[2026-03-25T11:07:21.129Z] 🔵 Using date: "2026-03-25"
[2026-03-25T11:07:21.136Z] 🔵 Clinic: "ehsan clinic"
[2026-03-25T11:07:21.141Z] 🔵 Using timezone: "America/New_York"
[2026-03-25T11:07:21.141Z] 🔵 Day of week: "wednesday"
[2026-03-25T11:07:21.142Z] 🔵 Business hours for wednesday: {"open":"09:00","close":"17:00","isOpen":true}
[2026-03-25T11:07:21.142Z] 🔵 All business hours: {"monday":{"open":"09:00","close":"17:00","isOpen":true},"tuesday":{"open":"09:00","close":"17:00","isOpen":true},"wednesday":{"open":"09:00","close":"17:00","isOpen":true},"thursday":{"open":"09:00","close":"17:00","isOpen":true},"friday":{"open":"09:00","close":"17:00","isOpen":true},"saturday":{"open":"10:00","close":"15:00","isOpen":true},"sunday":{"open":"10:00","close":"15:00","isOpen":false}}
[2026-03-25T11:07:21.143Z] ✅ Clinic is open on wednesday from 09:00 to 17:00 
[2026-03-25T11:07:21.160Z] 🔵 Checking availability for 3 providers 
[2026-03-25T11:07:21.170Z] ✅ Found 15 slots for clinic: ehsan clinic 
[2026-03-25T11:08:26.224Z] 🔵 Availability Request: {"clinicId":"1f0c099e-663f-462a-bd8d-b90ad71cbb01","serviceId":"7cc7ae88-9a64-43f2-9ff3-8a2253a52242","providerId":null,"date":"2026-03-25"}
[2026-03-25T11:08:26.224Z] 🔵 Using date: "2026-03-25"
[2026-03-25T11:08:26.339Z] 🔵 Clinic: "ehsan clinic"
[2026-03-25T11:08:26.354Z] 🔵 Using timezone: "America/New_York"
[2026-03-25T11:08:26.355Z] 🔵 Day of week: "wednesday"
[2026-03-25T11:08:26.356Z] 🔵 Business hours for wednesday: {"open":"09:00","close":"17:00","isOpen":true}
[2026-03-25T11:08:26.356Z] 🔵 All business hours: {"monday":{"open":"09:00","close":"17:00","isOpen":true},"tuesday":{"open":"09:00","close":"17:00","isOpen":true},"wednesday":{"open":"09:00","close":"17:00","isOpen":true},"thursday":{"open":"09:00","close":"17:00","isOpen":true},"friday":{"open":"09:00","close":"17:00","isOpen":true},"saturday":{"open":"10:00","close":"15:00","isOpen":true},"sunday":{"open":"10:00","close":"15:00","isOpen":false}}
[2026-03-25T11:08:26.357Z] ✅ Clinic is open on wednesday from 09:00 to 17:00 
[2026-03-25T11:08:26.397Z] 🔵 Checking availability for 3 providers 
[2026-03-25T11:08:26.423Z] ✅ Found 15 slots for clinic: ehsan clinic 
[2026-03-25T11:08:26.429Z] 🔵 Availability Request: {"clinicId":"1f0c099e-663f-462a-bd8d-b90ad71cbb01","serviceId":"7cc7ae88-9a64-43f2-9ff3-8a2253a52242","providerId":null,"date":"2026-03-25"}
[2026-03-25T11:08:26.429Z] 🔵 Using date: "2026-03-25"
[2026-03-25T11:08:26.438Z] 🔵 Clinic: "ehsan clinic"
[2026-03-25T11:08:26.443Z] 🔵 Using timezone: "America/New_York"
[2026-03-25T11:08:26.443Z] 🔵 Day of week: "wednesday"
[2026-03-25T11:08:26.444Z] 🔵 Business hours for wednesday: {"open":"09:00","close":"17:00","isOpen":true}
[2026-03-25T11:08:26.444Z] 🔵 All business hours: {"monday":{"open":"09:00","close":"17:00","isOpen":true},"tuesday":{"open":"09:00","close":"17:00","isOpen":true},"wednesday":{"open":"09:00","close":"17:00","isOpen":true},"thursday":{"open":"09:00","close":"17:00","isOpen":true},"friday":{"open":"09:00","close":"17:00","isOpen":true},"saturday":{"open":"10:00","close":"15:00","isOpen":true},"sunday":{"open":"10:00","close":"15:00","isOpen":false}}
[2026-03-25T11:08:26.445Z] ✅ Clinic is open on wednesday from 09:00 to 17:00 
[2026-03-25T11:08:26.461Z] 🔵 Checking availability for 3 providers 
[2026-03-25T11:08:26.473Z] ✅ Found 15 slots for clinic: ehsan clinic 
[2026-03-25T11:08:33.179Z] 🔵 Availability Request: {"clinicId":"c07c073a-ad9e-44fd-b1b7-0b82ac7ed194","serviceId":"bdd6033a-d623-4770-a2a4-f62177b3c3f3","providerId":null,"date":"2026-03-25"}
[2026-03-25T11:08:33.180Z] 🔵 Using date: "2026-03-25"
[2026-03-25T11:08:33.191Z] 🔵 Clinic: "abc clinic"
[2026-03-25T11:08:33.194Z] 🔵 Using timezone: "America/New_York"
[2026-03-25T11:08:33.195Z] 🔵 Day of week: "wednesday"
[2026-03-25T11:08:33.196Z] 🔵 Business hours for wednesday: {"open":"09:00","close":"17:00","isOpen":true}
[2026-03-25T11:08:33.196Z] 🔵 All business hours: {"monday":{"open":"09:00","close":"17:00","isOpen":true},"tuesday":{"open":"09:00","close":"17:00","isOpen":true},"wednesday":{"open":"09:00","close":"17:00","isOpen":true},"thursday":{"open":"09:00","close":"17:00","isOpen":true},"friday":{"open":"09:00","close":"17:00","isOpen":true},"saturday":{"open":"10:00","close":"15:00","isOpen":true},"sunday":{"open":"10:00","close":"15:00","isOpen":false}}
[2026-03-25T11:08:33.197Z] ✅ Clinic is open on wednesday from 09:00 to 17:00 
[2026-03-25T11:08:33.222Z] 🔵 Checking availability for 3 providers 
[2026-03-25T11:08:33.242Z] ✅ Found 15 slots for clinic: abc clinic 
[2026-03-25T11:08:33.250Z] 🔵 Availability Request: {"clinicId":"c07c073a-ad9e-44fd-b1b7-0b82ac7ed194","serviceId":"bdd6033a-d623-4770-a2a4-f62177b3c3f3","providerId":null,"date":"2026-03-25"}
[2026-03-25T11:08:33.250Z] 🔵 Using date: "2026-03-25"
[2026-03-25T11:08:33.259Z] 🔵 Clinic: "abc clinic"
[2026-03-25T11:08:33.263Z] 🔵 Using timezone: "America/New_York"
[2026-03-25T11:08:33.263Z] 🔵 Day of week: "wednesday"
[2026-03-25T11:08:33.264Z] 🔵 Business hours for wednesday: {"open":"09:00","close":"17:00","isOpen":true}
[2026-03-25T11:08:33.264Z] 🔵 All business hours: {"monday":{"open":"09:00","close":"17:00","isOpen":true},"tuesday":{"open":"09:00","close":"17:00","isOpen":true},"wednesday":{"open":"09:00","close":"17:00","isOpen":true},"thursday":{"open":"09:00","close":"17:00","isOpen":true},"friday":{"open":"09:00","close":"17:00","isOpen":true},"saturday":{"open":"10:00","close":"15:00","isOpen":true},"sunday":{"open":"10:00","close":"15:00","isOpen":false}}
[2026-03-25T11:08:33.265Z] ✅ Clinic is open on wednesday from 09:00 to 17:00 
[2026-03-25T11:08:33.279Z] 🔵 Checking availability for 3 providers 
[2026-03-25T11:08:33.290Z] ✅ Found 15 slots for clinic: abc clinic 
[2026-03-26T05:12:36.858Z] 🔵 Availability Request: {"clinicId":"c07c073a-ad9e-44fd-b1b7-0b82ac7ed194","serviceId":"bdd6033a-d623-4770-a2a4-f62177b3c3f3","providerId":null,"date":"2026-03-26"}
[2026-03-26T05:12:37.133Z] 🔵 Using date: "2026-03-26"
[2026-03-26T05:12:37.144Z] 🔵 Clinic: "abc clinic"
[2026-03-26T05:12:37.148Z] 🔵 Using timezone: "America/New_York"
[2026-03-26T05:12:37.155Z] 🔵 Day of week: "thursday"
[2026-03-26T05:12:37.155Z] 🔵 Business hours for thursday: {"open":"09:00","close":"17:00","isOpen":true}
[2026-03-26T05:12:37.156Z] 🔵 All business hours: {"monday":{"open":"09:00","close":"17:00","isOpen":true},"tuesday":{"open":"09:00","close":"17:00","isOpen":true},"wednesday":{"open":"09:00","close":"17:00","isOpen":true},"thursday":{"open":"09:00","close":"17:00","isOpen":true},"friday":{"open":"09:00","close":"17:00","isOpen":true},"saturday":{"open":"10:00","close":"15:00","isOpen":true},"sunday":{"open":"10:00","close":"15:00","isOpen":false}}
[2026-03-26T05:12:37.158Z] ✅ Clinic is open on thursday from 09:00 to 17:00 
[2026-03-26T05:12:37.186Z] 🔵 Checking availability for 3 providers 
[2026-03-26T05:12:37.205Z] ✅ Found 15 slots for clinic: abc clinic 
[2026-03-26T06:56:18.596Z] 🔵 Availability Request: {"clinicId":"1f0c099e-663f-462a-bd8d-b90ad71cbb01","serviceId":"7f3c5ca1-1704-4f54-b909-f1532dd200b0","providerId":null,"date":"2026-03-26"}
[2026-03-26T06:56:18.861Z] 🔵 Using date: "2026-03-26"
[2026-03-26T06:56:18.870Z] 🔵 Clinic: "ehsan clinic"
[2026-03-26T06:56:18.875Z] 🔵 Using timezone: "America/New_York"
[2026-03-26T06:56:18.886Z] 🔵 Day of week: "thursday"
[2026-03-26T06:56:18.887Z] 🔵 Business hours for thursday: {"open":"09:00","close":"17:00","isOpen":true}
[2026-03-26T06:56:18.888Z] 🔵 All business hours: {"monday":{"open":"09:00","close":"17:00","isOpen":true},"tuesday":{"open":"09:00","close":"17:00","isOpen":true},"wednesday":{"open":"09:00","close":"17:00","isOpen":true},"thursday":{"open":"09:00","close":"17:00","isOpen":true},"friday":{"open":"09:00","close":"17:00","isOpen":true},"saturday":{"open":"10:00","close":"15:00","isOpen":true},"sunday":{"open":"10:00","close":"15:00","isOpen":false}}
[2026-03-26T06:56:18.889Z] ✅ Clinic is open on thursday from 09:00 to 17:00 
[2026-03-26T06:56:18.919Z] 🔵 Checking availability for 3 providers 
[2026-03-26T06:56:18.945Z] ✅ Found 15 slots for clinic: ehsan clinic 
[2026-03-26T06:56:28.639Z] 🔵 Availability Request: {"clinicId":"1f0c099e-663f-462a-bd8d-b90ad71cbb01","serviceId":"7f3c5ca1-1704-4f54-b909-f1532dd200b0","providerId":null,"date":"2026-03-26"}
[2026-03-26T06:56:28.640Z] 🔵 Using date: "2026-03-26"
[2026-03-26T06:56:28.649Z] 🔵 Clinic: "ehsan clinic"
[2026-03-26T06:56:28.656Z] 🔵 Using timezone: "America/New_York"
[2026-03-26T06:56:28.657Z] 🔵 Day of week: "thursday"
[2026-03-26T06:56:28.658Z] 🔵 Business hours for thursday: {"open":"09:00","close":"17:00","isOpen":true}
[2026-03-26T06:56:28.658Z] 🔵 All business hours: {"monday":{"open":"09:00","close":"17:00","isOpen":true},"tuesday":{"open":"09:00","close":"17:00","isOpen":true},"wednesday":{"open":"09:00","close":"17:00","isOpen":true},"thursday":{"open":"09:00","close":"17:00","isOpen":true},"friday":{"open":"09:00","close":"17:00","isOpen":true},"saturday":{"open":"10:00","close":"15:00","isOpen":true},"sunday":{"open":"10:00","close":"15:00","isOpen":false}}
[2026-03-26T06:56:28.659Z] ✅ Clinic is open on thursday from 09:00 to 17:00 
[2026-03-26T06:56:28.684Z] 🔵 Checking availability for 3 providers 
[2026-03-26T06:56:28.709Z] ✅ Found 15 slots for clinic: ehsan clinic 
[2026-03-26T06:56:28.713Z] 🔵 Availability Request: {"clinicId":"1f0c099e-663f-462a-bd8d-b90ad71cbb01","serviceId":"7f3c5ca1-1704-4f54-b909-f1532dd200b0","providerId":null,"date":"2026-03-26"}
[2026-03-26T06:56:28.714Z] 🔵 Using date: "2026-03-26"
[2026-03-26T06:56:28.723Z] 🔵 Clinic: "ehsan clinic"
[2026-03-26T06:56:28.727Z] 🔵 Using timezone: "America/New_York"
[2026-03-26T06:56:28.728Z] 🔵 Day of week: "thursday"
[2026-03-26T06:56:28.729Z] 🔵 Business hours for thursday: {"open":"09:00","close":"17:00","isOpen":true}
[2026-03-26T06:56:28.729Z] 🔵 All business hours: {"monday":{"open":"09:00","close":"17:00","isOpen":true},"tuesday":{"open":"09:00","close":"17:00","isOpen":true},"wednesday":{"open":"09:00","close":"17:00","isOpen":true},"thursday":{"open":"09:00","close":"17:00","isOpen":true},"friday":{"open":"09:00","close":"17:00","isOpen":true},"saturday":{"open":"10:00","close":"15:00","isOpen":true},"sunday":{"open":"10:00","close":"15:00","isOpen":false}}
[2026-03-26T06:56:28.730Z] ✅ Clinic is open on thursday from 09:00 to 17:00 
[2026-03-26T06:56:28.745Z] 🔵 Checking availability for 3 providers 
[2026-03-26T06:56:28.755Z] ✅ Found 15 slots for clinic: ehsan clinic 
[2026-03-26T07:15:30.446Z] 🔵 Availability Request: {"clinicId":"1f0c099e-663f-462a-bd8d-b90ad71cbb01","serviceId":"7f3c5ca1-1704-4f54-b909-f1532dd200b0","providerId":null,"date":"2026-03-26"}
[2026-03-26T07:15:30.462Z] 🔵 Using date: "2026-03-26"
[2026-03-26T07:15:30.471Z] 🔵 Clinic: "ehsan clinic"
[2026-03-26T07:15:30.475Z] 🔵 Using timezone: "America/New_York"
[2026-03-26T07:15:30.481Z] 🔵 Day of week: "thursday"
[2026-03-26T07:15:30.483Z] 🔵 Business hours for thursday: {"open":"09:00","close":"17:00","isOpen":true}
[2026-03-26T07:15:30.484Z] 🔵 All business hours: {"monday":{"open":"09:00","close":"17:00","isOpen":true},"tuesday":{"open":"09:00","close":"17:00","isOpen":true},"wednesday":{"open":"09:00","close":"17:00","isOpen":true},"thursday":{"open":"09:00","close":"17:00","isOpen":true},"friday":{"open":"09:00","close":"17:00","isOpen":true},"saturday":{"open":"10:00","close":"15:00","isOpen":true},"sunday":{"open":"10:00","close":"15:00","isOpen":false}}
[2026-03-26T07:15:30.485Z] ✅ Clinic is open on thursday from 09:00 to 17:00 
[2026-03-26T07:15:30.514Z] 🔵 Checking availability for 3 providers 
[2026-03-26T07:15:30.541Z] ✅ Found 15 slots for clinic: ehsan clinic 
[2026-03-26T07:16:03.138Z] 🔵 Availability Request: {"clinicId":"1f0c099e-663f-462a-bd8d-b90ad71cbb01","serviceId":"7cc7ae88-9a64-43f2-9ff3-8a2253a52242","providerId":null,"date":"2026-03-26"}
[2026-03-26T07:16:03.139Z] 🔵 Using date: "2026-03-26"
[2026-03-26T07:16:03.153Z] 🔵 Clinic: "ehsan clinic"
[2026-03-26T07:16:03.161Z] 🔵 Using timezone: "America/New_York"
[2026-03-26T07:16:03.162Z] 🔵 Day of week: "thursday"
[2026-03-26T07:16:03.163Z] 🔵 Business hours for thursday: {"open":"09:00","close":"17:00","isOpen":true}
[2026-03-26T07:16:03.164Z] 🔵 All business hours: {"monday":{"open":"09:00","close":"17:00","isOpen":true},"tuesday":{"open":"09:00","close":"17:00","isOpen":true},"wednesday":{"open":"09:00","close":"17:00","isOpen":true},"thursday":{"open":"09:00","close":"17:00","isOpen":true},"friday":{"open":"09:00","close":"17:00","isOpen":true},"saturday":{"open":"10:00","close":"15:00","isOpen":true},"sunday":{"open":"10:00","close":"15:00","isOpen":false}}
[2026-03-26T07:16:03.164Z] ✅ Clinic is open on thursday from 09:00 to 17:00 
[2026-03-26T07:16:03.199Z] 🔵 Checking availability for 3 providers 
[2026-03-26T07:16:03.306Z] ✅ Found 15 slots for clinic: ehsan clinic 
[2026-03-26T07:16:50.493Z] 🔵 Availability Request: {"clinicId":"1f0c099e-663f-462a-bd8d-b90ad71cbb01","serviceId":"7cc7ae88-9a64-43f2-9ff3-8a2253a52242","providerId":null,"date":"2026-03-26"}
[2026-03-26T07:16:50.494Z] 🔵 Using date: "2026-03-26"
[2026-03-26T07:16:50.503Z] 🔵 Clinic: "ehsan clinic"
[2026-03-26T07:16:50.507Z] 🔵 Using timezone: "America/New_York"
[2026-03-26T07:16:50.508Z] 🔵 Day of week: "thursday"
[2026-03-26T07:16:50.509Z] 🔵 Business hours for thursday: {"open":"09:00","close":"17:00","isOpen":true}
[2026-03-26T07:16:50.509Z] 🔵 All business hours: {"monday":{"open":"09:00","close":"17:00","isOpen":true},"tuesday":{"open":"09:00","close":"17:00","isOpen":true},"wednesday":{"open":"09:00","close":"17:00","isOpen":true},"thursday":{"open":"09:00","close":"17:00","isOpen":true},"friday":{"open":"09:00","close":"17:00","isOpen":true},"saturday":{"open":"10:00","close":"15:00","isOpen":true},"sunday":{"open":"10:00","close":"15:00","isOpen":false}}
[2026-03-26T07:16:50.510Z] ✅ Clinic is open on thursday from 09:00 to 17:00 
[2026-03-26T07:16:50.541Z] 🔵 Checking availability for 3 providers 
[2026-03-26T07:16:50.565Z] ✅ Found 14 slots for clinic: ehsan clinic 
[2026-03-26T07:16:57.054Z] 🔵 Availability Request: {"clinicId":"1f0c099e-663f-462a-bd8d-b90ad71cbb01","serviceId":"7cc7ae88-9a64-43f2-9ff3-8a2253a52242","providerId":null,"date":"2026-03-26"}
[2026-03-26T07:16:57.054Z] 🔵 Using date: "2026-03-26"
[2026-03-26T07:16:57.063Z] 🔵 Clinic: "ehsan clinic"
[2026-03-26T07:16:57.068Z] 🔵 Using timezone: "America/New_York"
[2026-03-26T07:16:57.069Z] 🔵 Day of week: "thursday"
[2026-03-26T07:16:57.069Z] 🔵 Business hours for thursday: {"open":"09:00","close":"17:00","isOpen":true}
[2026-03-26T07:16:57.070Z] 🔵 All business hours: {"monday":{"open":"09:00","close":"17:00","isOpen":true},"tuesday":{"open":"09:00","close":"17:00","isOpen":true},"wednesday":{"open":"09:00","close":"17:00","isOpen":true},"thursday":{"open":"09:00","close":"17:00","isOpen":true},"friday":{"open":"09:00","close":"17:00","isOpen":true},"saturday":{"open":"10:00","close":"15:00","isOpen":true},"sunday":{"open":"10:00","close":"15:00","isOpen":false}}
[2026-03-26T07:16:57.071Z] ✅ Clinic is open on thursday from 09:00 to 17:00 
[2026-03-26T07:16:57.104Z] 🔵 Checking availability for 3 providers 
[2026-03-26T07:16:57.128Z] ✅ Found 14 slots for clinic: ehsan clinic 
[2026-03-26T07:25:18.954Z] 🔵 Availability Request: {"clinicId":"1f0c099e-663f-462a-bd8d-b90ad71cbb01","serviceId":"7f3c5ca1-1704-4f54-b909-f1532dd200b0","providerId":null,"date":"2026-03-26"}
[2026-03-26T07:25:18.957Z] 🔵 Using date: "2026-03-26"
[2026-03-26T07:25:18.968Z] 🔵 Clinic: "ehsan clinic"
[2026-03-26T07:25:18.973Z] 🔵 Using timezone: "America/New_York"
[2026-03-26T07:25:18.984Z] 🔵 Day of week: "thursday"
[2026-03-26T07:25:18.985Z] 🔵 Business hours for thursday: {"open":"09:00","close":"17:00","isOpen":true}
[2026-03-26T07:25:18.990Z] 🔵 All business hours: {"monday":{"open":"09:00","close":"17:00","isOpen":true},"tuesday":{"open":"09:00","close":"17:00","isOpen":true},"wednesday":{"open":"09:00","close":"17:00","isOpen":true},"thursday":{"open":"09:00","close":"17:00","isOpen":true},"friday":{"open":"09:00","close":"17:00","isOpen":true},"saturday":{"open":"10:00","close":"15:00","isOpen":true},"sunday":{"open":"10:00","close":"15:00","isOpen":false}}
[2026-03-26T07:25:18.993Z] ✅ Clinic is open on thursday from 09:00 to 17:00 
[2026-03-26T07:25:19.043Z] 🔵 Checking availability for 3 providers 
[2026-03-26T07:25:19.119Z] ✅ Found 14 slots for clinic: ehsan clinic 
[2026-03-26T07:27:05.364Z] 🔵 Availability Request: {"clinicId":"1f0c099e-663f-462a-bd8d-b90ad71cbb01","serviceId":"7cc7ae88-9a64-43f2-9ff3-8a2253a52242","providerId":null,"date":"2026-03-26"}
[2026-03-26T07:27:05.365Z] 🔵 Using date: "2026-03-26"
[2026-03-26T07:27:05.373Z] 🔵 Clinic: "ehsan clinic"
[2026-03-26T07:27:05.378Z] 🔵 Using timezone: "America/New_York"
[2026-03-26T07:27:05.379Z] 🔵 Day of week: "thursday"
[2026-03-26T07:27:05.379Z] 🔵 Business hours for thursday: {"open":"09:00","close":"17:00","isOpen":true}
[2026-03-26T07:27:05.380Z] 🔵 All business hours: {"monday":{"open":"09:00","close":"17:00","isOpen":true},"tuesday":{"open":"09:00","close":"17:00","isOpen":true},"wednesday":{"open":"09:00","close":"17:00","isOpen":true},"thursday":{"open":"09:00","close":"17:00","isOpen":true},"friday":{"open":"09:00","close":"17:00","isOpen":true},"saturday":{"open":"10:00","close":"15:00","isOpen":true},"sunday":{"open":"10:00","close":"15:00","isOpen":false}}
[2026-03-26T07:27:05.382Z] ✅ Clinic is open on thursday from 09:00 to 17:00 
[2026-03-26T07:27:05.407Z] 🔵 Checking availability for 3 providers 
[2026-03-26T07:27:05.439Z] ✅ Found 12 slots for clinic: ehsan clinic 
[2026-03-26T07:27:16.366Z] 🔵 Availability Request: {"clinicId":"1f0c099e-663f-462a-bd8d-b90ad71cbb01","serviceId":"7f3c5ca1-1704-4f54-b909-f1532dd200b0","providerId":null,"date":"2026-03-26"}
[2026-03-26T07:27:16.367Z] 🔵 Using date: "2026-03-26"
[2026-03-26T07:27:16.431Z] 🔵 Clinic: "ehsan clinic"
[2026-03-26T07:27:16.439Z] 🔵 Using timezone: "America/New_York"
[2026-03-26T07:27:16.441Z] 🔵 Day of week: "thursday"
[2026-03-26T07:27:16.441Z] 🔵 Business hours for thursday: {"open":"09:00","close":"17:00","isOpen":true}
[2026-03-26T07:27:16.442Z] 🔵 All business hours: {"monday":{"open":"09:00","close":"17:00","isOpen":true},"tuesday":{"open":"09:00","close":"17:00","isOpen":true},"wednesday":{"open":"09:00","close":"17:00","isOpen":true},"thursday":{"open":"09:00","close":"17:00","isOpen":true},"friday":{"open":"09:00","close":"17:00","isOpen":true},"saturday":{"open":"10:00","close":"15:00","isOpen":true},"sunday":{"open":"10:00","close":"15:00","isOpen":false}}
[2026-03-26T07:27:16.443Z] ✅ Clinic is open on thursday from 09:00 to 17:00 
[2026-03-26T07:27:16.482Z] 🔵 Checking availability for 3 providers 
[2026-03-26T07:27:16.524Z] ✅ Found 12 slots for clinic: ehsan clinic 
[2026-03-26T07:27:16.528Z] 🔵 Availability Request: {"clinicId":"1f0c099e-663f-462a-bd8d-b90ad71cbb01","serviceId":"7f3c5ca1-1704-4f54-b909-f1532dd200b0","providerId":null,"date":"2026-03-26"}
[2026-03-26T07:27:16.529Z] 🔵 Using date: "2026-03-26"
[2026-03-26T07:27:16.543Z] 🔵 Clinic: "ehsan clinic"
[2026-03-26T07:27:16.549Z] 🔵 Using timezone: "America/New_York"
[2026-03-26T07:27:16.551Z] 🔵 Day of week: "thursday"
[2026-03-26T07:27:16.552Z] 🔵 Business hours for thursday: {"open":"09:00","close":"17:00","isOpen":true}
[2026-03-26T07:27:16.552Z] 🔵 All business hours: {"monday":{"open":"09:00","close":"17:00","isOpen":true},"tuesday":{"open":"09:00","close":"17:00","isOpen":true},"wednesday":{"open":"09:00","close":"17:00","isOpen":true},"thursday":{"open":"09:00","close":"17:00","isOpen":true},"friday":{"open":"09:00","close":"17:00","isOpen":true},"saturday":{"open":"10:00","close":"15:00","isOpen":true},"sunday":{"open":"10:00","close":"15:00","isOpen":false}}
[2026-03-26T07:27:16.553Z] ✅ Clinic is open on thursday from 09:00 to 17:00 
[2026-03-26T07:27:16.569Z] 🔵 Checking availability for 3 providers 
[2026-03-26T07:27:16.580Z] ✅ Found 12 slots for clinic: ehsan clinic 
[2026-03-26T07:29:14.419Z] 🔵 Availability Request: {"clinicId":"1f0c099e-663f-462a-bd8d-b90ad71cbb01","serviceId":"7f3c5ca1-1704-4f54-b909-f1532dd200b0","providerId":null,"date":"2026-03-26"}
[2026-03-26T07:29:14.421Z] 🔵 Using date: "2026-03-26"
[2026-03-26T07:29:14.498Z] 🔵 Clinic: "ehsan clinic"
[2026-03-26T07:29:14.504Z] 🔵 Using timezone: "America/New_York"
[2026-03-26T07:29:14.505Z] 🔵 Day of week: "thursday"
[2026-03-26T07:29:14.505Z] 🔵 Business hours for thursday: {"open":"09:00","close":"17:00","isOpen":true}
[2026-03-26T07:29:14.506Z] 🔵 All business hours: {"monday":{"open":"09:00","close":"17:00","isOpen":true},"tuesday":{"open":"09:00","close":"17:00","isOpen":true},"wednesday":{"open":"09:00","close":"17:00","isOpen":true},"thursday":{"open":"09:00","close":"17:00","isOpen":true},"friday":{"open":"09:00","close":"17:00","isOpen":true},"saturday":{"open":"10:00","close":"15:00","isOpen":true},"sunday":{"open":"10:00","close":"15:00","isOpen":false}}
[2026-03-26T07:29:14.507Z] ✅ Clinic is open on thursday from 09:00 to 17:00 
[2026-03-26T07:29:14.551Z] 🔵 Checking availability for 3 providers 
[2026-03-26T07:29:14.568Z] ✅ Found 12 slots for clinic: ehsan clinic 
[2026-03-26T07:29:14.573Z] 🔵 Availability Request: {"clinicId":"1f0c099e-663f-462a-bd8d-b90ad71cbb01","serviceId":"7f3c5ca1-1704-4f54-b909-f1532dd200b0","providerId":null,"date":"2026-03-26"}
[2026-03-26T07:29:14.574Z] 🔵 Using date: "2026-03-26"
[2026-03-26T07:29:14.582Z] 🔵 Clinic: "ehsan clinic"
[2026-03-26T07:29:14.586Z] 🔵 Using timezone: "America/New_York"
[2026-03-26T07:29:14.587Z] 🔵 Day of week: "thursday"
[2026-03-26T07:29:14.588Z] 🔵 Business hours for thursday: {"open":"09:00","close":"17:00","isOpen":true}
[2026-03-26T07:29:14.588Z] 🔵 All business hours: {"monday":{"open":"09:00","close":"17:00","isOpen":true},"tuesday":{"open":"09:00","close":"17:00","isOpen":true},"wednesday":{"open":"09:00","close":"17:00","isOpen":true},"thursday":{"open":"09:00","close":"17:00","isOpen":true},"friday":{"open":"09:00","close":"17:00","isOpen":true},"saturday":{"open":"10:00","close":"15:00","isOpen":true},"sunday":{"open":"10:00","close":"15:00","isOpen":false}}
[2026-03-26T07:29:14.589Z] ✅ Clinic is open on thursday from 09:00 to 17:00 
[2026-03-26T07:29:14.607Z] 🔵 Checking availability for 3 providers 
[2026-03-26T07:29:14.618Z] ✅ Found 12 slots for clinic: ehsan clinic 
[2026-03-26T07:30:40.581Z] 🔵 Availability Request: {"clinicId":"1f0c099e-663f-462a-bd8d-b90ad71cbb01","serviceId":"7f3c5ca1-1704-4f54-b909-f1532dd200b0","providerId":null,"date":"2026-03-26"}
[2026-03-26T07:30:40.584Z] 🔵 Using date: "2026-03-26"
[2026-03-26T07:30:40.596Z] 🔵 Clinic: "ehsan clinic"
[2026-03-26T07:30:40.600Z] 🔵 Using timezone: "America/New_York"
[2026-03-26T07:30:40.601Z] 🔵 Day of week: "thursday"
[2026-03-26T07:30:40.602Z] 🔵 Business hours for thursday: {"open":"09:00","close":"17:00","isOpen":true}
[2026-03-26T07:30:40.602Z] 🔵 All business hours: {"monday":{"open":"09:00","close":"17:00","isOpen":true},"tuesday":{"open":"09:00","close":"17:00","isOpen":true},"wednesday":{"open":"09:00","close":"17:00","isOpen":true},"thursday":{"open":"09:00","close":"17:00","isOpen":true},"friday":{"open":"09:00","close":"17:00","isOpen":true},"saturday":{"open":"10:00","close":"15:00","isOpen":true},"sunday":{"open":"10:00","close":"15:00","isOpen":false}}
[2026-03-26T07:30:40.603Z] ✅ Clinic is open on thursday from 09:00 to 17:00 
[2026-03-26T07:30:40.631Z] 🔵 Checking availability for 3 providers 
[2026-03-26T07:30:40.655Z] ✅ Found 15 slots for clinic: ehsan clinic 
[2026-03-26T07:32:33.611Z] 🔵 Availability Request: {"clinicId":"1f0c099e-663f-462a-bd8d-b90ad71cbb01","serviceId":"7f3c5ca1-1704-4f54-b909-f1532dd200b0","providerId":null,"date":"2026-03-26"}
[2026-03-26T07:32:33.612Z] 🔵 Using date: "2026-03-26"
[2026-03-26T07:32:34.016Z] 🔵 Clinic: "ehsan clinic"
[2026-03-26T07:32:34.029Z] 🔵 Using timezone: "America/New_York"
[2026-03-26T07:32:34.029Z] 🔵 Day of week: "thursday"
[2026-03-26T07:32:34.030Z] 🔵 Business hours for thursday: {"open":"09:00","close":"17:00","isOpen":true}
[2026-03-26T07:32:34.031Z] 🔵 All business hours: {"monday":{"open":"09:00","close":"17:00","isOpen":true},"tuesday":{"open":"09:00","close":"17:00","isOpen":true},"wednesday":{"open":"09:00","close":"17:00","isOpen":true},"thursday":{"open":"09:00","close":"17:00","isOpen":true},"friday":{"open":"09:00","close":"17:00","isOpen":true},"saturday":{"open":"10:00","close":"15:00","isOpen":true},"sunday":{"open":"10:00","close":"15:00","isOpen":false}}
[2026-03-26T07:32:34.031Z] ✅ Clinic is open on thursday from 09:00 to 17:00 
[2026-03-26T07:32:34.059Z] 🔵 Checking availability for 3 providers 
[2026-03-26T07:32:34.096Z] ✅ Found 15 slots for clinic: ehsan clinic 
[2026-03-26T07:32:34.129Z] 🔵 Availability Request: {"clinicId":"1f0c099e-663f-462a-bd8d-b90ad71cbb01","serviceId":"7f3c5ca1-1704-4f54-b909-f1532dd200b0","providerId":null,"date":"2026-03-26"}
[2026-03-26T07:32:34.130Z] 🔵 Using date: "2026-03-26"
[2026-03-26T07:32:34.141Z] 🔵 Clinic: "ehsan clinic"
[2026-03-26T07:32:34.153Z] 🔵 Using timezone: "America/New_York"
[2026-03-26T07:32:34.154Z] 🔵 Day of week: "thursday"
[2026-03-26T07:32:34.155Z] 🔵 Business hours for thursday: {"open":"09:00","close":"17:00","isOpen":true}
[2026-03-26T07:32:34.156Z] 🔵 All business hours: {"monday":{"open":"09:00","close":"17:00","isOpen":true},"tuesday":{"open":"09:00","close":"17:00","isOpen":true},"wednesday":{"open":"09:00","close":"17:00","isOpen":true},"thursday":{"open":"09:00","close":"17:00","isOpen":true},"friday":{"open":"09:00","close":"17:00","isOpen":true},"saturday":{"open":"10:00","close":"15:00","isOpen":true},"sunday":{"open":"10:00","close":"15:00","isOpen":false}}
[2026-03-26T07:32:34.156Z] ✅ Clinic is open on thursday from 09:00 to 17:00 
[2026-03-26T07:32:34.174Z] 🔵 Checking availability for 3 providers 
[2026-03-26T07:32:34.184Z] ✅ Found 15 slots for clinic: ehsan clinic 
[2026-03-26T07:51:48.665Z] 🔵 Availability Request: {"clinicId":"1f0c099e-663f-462a-bd8d-b90ad71cbb01","serviceIds":["7cc7ae88-9a64-43f2-9ff3-8a2253a52242"],"providerId":"d3e3aec9-5e11-4601-8b59-d22cbed98fa0","date":"2026-03-26"}
[2026-03-26T07:51:48.943Z] 🔵 Using date: "2026-03-26"
[2026-03-26T07:51:48.989Z] 🔵 Clinic: "ehsan clinic"
[2026-03-26T07:51:48.996Z] 🔵 Total duration: 60
[2026-03-26T07:51:48.997Z] 🔵 Using timezone: "America/New_York"
[2026-03-26T07:51:49.005Z] 🔵 Day of week: "thursday"
[2026-03-26T07:51:49.006Z] 🔵 Business hours for thursday: {"open":"09:00","close":"17:00","isOpen":true}
[2026-03-26T07:51:49.007Z] 🔵 All business hours: {"monday":{"open":"09:00","close":"17:00","isOpen":true},"tuesday":{"open":"09:00","close":"17:00","isOpen":true},"wednesday":{"open":"09:00","close":"17:00","isOpen":true},"thursday":{"open":"09:00","close":"17:00","isOpen":true},"friday":{"open":"09:00","close":"17:00","isOpen":true},"saturday":{"open":"10:00","close":"15:00","isOpen":true},"sunday":{"open":"10:00","close":"15:00","isOpen":false}}
[2026-03-26T07:51:49.008Z] ✅ Clinic is open on thursday from 09:00 to 17:00 
[2026-03-26T07:51:49.014Z] 🔵 Checking availability for 1 providers 
[2026-03-26T07:51:49.051Z] ✅ Found 13 slots for clinic: ehsan clinic 
[2026-03-26T07:51:49.057Z] 🔵 Availability Request: {"clinicId":"1f0c099e-663f-462a-bd8d-b90ad71cbb01","serviceIds":["7cc7ae88-9a64-43f2-9ff3-8a2253a52242"],"providerId":"d3e3aec9-5e11-4601-8b59-d22cbed98fa0","date":"2026-03-26"}
[2026-03-26T07:51:49.057Z] 🔵 Using date: "2026-03-26"
[2026-03-26T07:51:49.065Z] 🔵 Clinic: "ehsan clinic"
[2026-03-26T07:51:49.071Z] 🔵 Total duration: 60
[2026-03-26T07:51:49.071Z] 🔵 Using timezone: "America/New_York"
[2026-03-26T07:51:49.072Z] 🔵 Day of week: "thursday"
[2026-03-26T07:51:49.073Z] 🔵 Business hours for thursday: {"open":"09:00","close":"17:00","isOpen":true}
[2026-03-26T07:51:49.074Z] 🔵 All business hours: {"monday":{"open":"09:00","close":"17:00","isOpen":true},"tuesday":{"open":"09:00","close":"17:00","isOpen":true},"wednesday":{"open":"09:00","close":"17:00","isOpen":true},"thursday":{"open":"09:00","close":"17:00","isOpen":true},"friday":{"open":"09:00","close":"17:00","isOpen":true},"saturday":{"open":"10:00","close":"15:00","isOpen":true},"sunday":{"open":"10:00","close":"15:00","isOpen":false}}
[2026-03-26T07:51:49.075Z] ✅ Clinic is open on thursday from 09:00 to 17:00 
[2026-03-26T07:51:49.079Z] 🔵 Checking availability for 1 providers 
[2026-03-26T07:51:49.091Z] ✅ Found 13 slots for clinic: ehsan clinic 
[2026-03-26T10:20:48.821Z] 🔵 Availability Request: {"clinicId":"1f0c099e-663f-462a-bd8d-b90ad71cbb01","serviceIds":["7cc7ae88-9a64-43f2-9ff3-8a2253a52242"],"providerId":"d3e3aec9-5e11-4601-8b59-d22cbed98fa0","date":"2026-03-26"}
[2026-03-26T10:20:49.091Z] 🔵 Using date: "2026-03-26"
[2026-03-26T10:20:49.147Z] 🔵 Clinic: "ehsan clinic"
[2026-03-26T10:20:49.156Z] 🔵 Total duration: 60
[2026-03-26T10:20:49.157Z] 🔵 Using timezone: "America/New_York"
[2026-03-26T10:20:49.160Z] 🔵 Day of week: "thursday"
[2026-03-26T10:20:49.161Z] 🔵 Business hours for thursday: {"open":"09:00","close":"17:00","isOpen":true}
[2026-03-26T10:20:49.162Z] 🔵 All business hours: {"monday":{"open":"09:00","close":"17:00","isOpen":true},"tuesday":{"open":"09:00","close":"17:00","isOpen":true},"wednesday":{"open":"09:00","close":"17:00","isOpen":true},"thursday":{"open":"09:00","close":"17:00","isOpen":true},"friday":{"open":"09:00","close":"17:00","isOpen":true},"saturday":{"open":"10:00","close":"15:00","isOpen":true},"sunday":{"open":"10:00","close":"15:00","isOpen":false}}
[2026-03-26T10:20:49.163Z] ✅ Clinic is open on thursday from 09:00 to 17:00 
[2026-03-26T10:20:49.170Z] 🔵 Checking availability for 1 providers 
[2026-03-26T10:20:49.199Z] ✅ Found 13 slots for clinic: ehsan clinic 
[2026-03-26T10:20:49.206Z] 🔵 Availability Request: {"clinicId":"1f0c099e-663f-462a-bd8d-b90ad71cbb01","serviceIds":["7cc7ae88-9a64-43f2-9ff3-8a2253a52242"],"providerId":"d3e3aec9-5e11-4601-8b59-d22cbed98fa0","date":"2026-03-26"}
[2026-03-26T10:20:49.207Z] 🔵 Using date: "2026-03-26"
[2026-03-26T10:20:49.214Z] 🔵 Clinic: "ehsan clinic"
[2026-03-26T10:20:49.219Z] 🔵 Total duration: 60
[2026-03-26T10:20:49.220Z] 🔵 Using timezone: "America/New_York"
[2026-03-26T10:20:49.221Z] 🔵 Day of week: "thursday"
[2026-03-26T10:20:49.221Z] 🔵 Business hours for thursday: {"open":"09:00","close":"17:00","isOpen":true}
[2026-03-26T10:20:49.222Z] 🔵 All business hours: {"monday":{"open":"09:00","close":"17:00","isOpen":true},"tuesday":{"open":"09:00","close":"17:00","isOpen":true},"wednesday":{"open":"09:00","close":"17:00","isOpen":true},"thursday":{"open":"09:00","close":"17:00","isOpen":true},"friday":{"open":"09:00","close":"17:00","isOpen":true},"saturday":{"open":"10:00","close":"15:00","isOpen":true},"sunday":{"open":"10:00","close":"15:00","isOpen":false}}
[2026-03-26T10:20:49.223Z] ✅ Clinic is open on thursday from 09:00 to 17:00 
[2026-03-26T10:20:49.226Z] 🔵 Checking availability for 1 providers 
[2026-03-26T10:20:49.240Z] ✅ Found 13 slots for clinic: ehsan clinic 
[2026-03-26T15:59:07.324Z] 🔵 Availability Request: {"clinicId":"1f0c099e-663f-462a-bd8d-b90ad71cbb01","serviceIds":["7f3c5ca1-1704-4f54-b909-f1532dd200b0"],"providerId":null,"date":"2026-03-26"}
[2026-03-26T15:59:07.354Z] 🔵 Using date: "2026-03-26"
[2026-03-26T15:59:07.365Z] 🔵 Clinic: "ehsan clinic"
[2026-03-26T15:59:07.372Z] 🔵 Total duration: 60
[2026-03-26T15:59:07.373Z] 🔵 Using timezone: "America/New_York"
[2026-03-26T15:59:07.380Z] 🔵 Day of week: "thursday"
[2026-03-26T15:59:07.381Z] 🔵 Business hours for thursday: {"open":"09:00","close":"17:00","isOpen":true}
[2026-03-26T15:59:07.382Z] 🔵 All business hours: {"monday":{"open":"09:00","close":"17:00","isOpen":true},"tuesday":{"open":"09:00","close":"17:00","isOpen":true},"wednesday":{"open":"09:00","close":"17:00","isOpen":true},"thursday":{"open":"09:00","close":"17:00","isOpen":true},"friday":{"open":"09:00","close":"17:00","isOpen":true},"saturday":{"open":"10:00","close":"15:00","isOpen":true},"sunday":{"open":"10:00","close":"15:00","isOpen":false}}
[2026-03-26T15:59:07.385Z] ✅ Clinic is open on thursday from 09:00 to 17:00 
[2026-03-26T15:59:07.419Z] 🔵 Checking availability for 3 providers 
[2026-03-26T15:59:07.488Z] ✅ Found 9 slots for clinic: ehsan clinic 
[2026-03-26T16:05:58.892Z] 🔵 Availability Request: {"clinicId":"1f0c099e-663f-462a-bd8d-b90ad71cbb01","serviceIds":["7f3c5ca1-1704-4f54-b909-f1532dd200b0"],"providerId":null,"date":"2026-03-26"}
[2026-03-26T16:05:58.915Z] 🔵 Using date: "2026-03-26"
[2026-03-26T16:05:59.004Z] 🔵 Clinic: "ehsan clinic"
[2026-03-26T16:05:59.025Z] 🔵 Total duration: 60
[2026-03-26T16:05:59.025Z] 🔵 Using timezone: "America/New_York"
[2026-03-26T16:05:59.042Z] 🔵 Day of week: "thursday"
[2026-03-26T16:05:59.043Z] 🔵 Business hours for thursday: {"open":"09:00","close":"17:00","isOpen":true}
[2026-03-26T16:05:59.044Z] 🔵 All business hours: {"monday":{"open":"09:00","close":"17:00","isOpen":true},"tuesday":{"open":"09:00","close":"17:00","isOpen":true},"wednesday":{"open":"09:00","close":"17:00","isOpen":true},"thursday":{"open":"09:00","close":"17:00","isOpen":true},"friday":{"open":"09:00","close":"17:00","isOpen":true},"saturday":{"open":"10:00","close":"15:00","isOpen":true},"sunday":{"open":"10:00","close":"15:00","isOpen":false}}
[2026-03-26T16:05:59.120Z] ✅ Clinic is open on thursday from 09:00 to 17:00 
[2026-03-26T16:05:59.341Z] 🔵 Checking availability for 3 providers 
[2026-03-26T16:05:59.438Z] ✅ Found 8 slots for clinic: ehsan clinic 
[2026-03-26T16:06:33.363Z] 🔵 Availability Request: {"clinicId":"1f0c099e-663f-462a-bd8d-b90ad71cbb01","serviceIds":["7f3c5ca1-1704-4f54-b909-f1532dd200b0"],"providerId":null,"date":"2026-03-26"}
[2026-03-26T16:06:33.364Z] 🔵 Using date: "2026-03-26"
[2026-03-26T16:06:33.378Z] 🔵 Clinic: "ehsan clinic"
[2026-03-26T16:06:33.384Z] 🔵 Total duration: 60
[2026-03-26T16:06:33.385Z] 🔵 Using timezone: "America/New_York"
[2026-03-26T16:06:33.387Z] 🔵 Day of week: "thursday"
[2026-03-26T16:06:33.387Z] 🔵 Business hours for thursday: {"open":"09:00","close":"17:00","isOpen":true}
[2026-03-26T16:06:33.388Z] 🔵 All business hours: {"monday":{"open":"09:00","close":"17:00","isOpen":true},"tuesday":{"open":"09:00","close":"17:00","isOpen":true},"wednesday":{"open":"09:00","close":"17:00","isOpen":true},"thursday":{"open":"09:00","close":"17:00","isOpen":true},"friday":{"open":"09:00","close":"17:00","isOpen":true},"saturday":{"open":"10:00","close":"15:00","isOpen":true},"sunday":{"open":"10:00","close":"15:00","isOpen":false}}
[2026-03-26T16:06:33.390Z] ✅ Clinic is open on thursday from 09:00 to 17:00 
[2026-03-26T16:06:33.428Z] 🔵 Checking availability for 3 providers 
[2026-03-26T16:06:33.461Z] ✅ Found 8 slots for clinic: ehsan clinic 
[2026-03-31T10:11:00.613Z] 🔵 Availability Request: {"clinicId":"1f0c099e-663f-462a-bd8d-b90ad71cbb01","serviceIds":["7f3c5ca1-1704-4f54-b909-f1532dd200b0"],"providerId":null,"date":"2026-03-31"}
[2026-03-31T10:11:00.886Z] 🔵 Using date: "2026-03-31"
[2026-03-31T10:11:00.902Z] 🔵 Clinic: "ehsan clinic"
[2026-03-31T10:11:00.912Z] 🔵 Total duration: 60
[2026-03-31T10:11:00.913Z] 🔵 Using timezone: "America/New_York"
[2026-03-31T10:11:00.922Z] 🔵 Day of week: "tuesday"
[2026-03-31T10:11:00.923Z] 🔵 Business hours for tuesday: {"open":"09:00","close":"17:00","isOpen":true}
[2026-03-31T10:11:00.923Z] 🔵 All business hours: {"monday":{"open":"09:00","close":"17:00","isOpen":true},"tuesday":{"open":"09:00","close":"17:00","isOpen":true},"wednesday":{"open":"09:00","close":"17:00","isOpen":true},"thursday":{"open":"09:00","close":"17:00","isOpen":true},"friday":{"open":"09:00","close":"17:00","isOpen":true},"saturday":{"open":"10:00","close":"15:00","isOpen":true},"sunday":{"open":"10:00","close":"15:00","isOpen":false}}
[2026-03-31T10:11:00.924Z] ✅ Clinic is open on tuesday from 09:00 to 17:00 
[2026-03-31T10:11:00.954Z] 🔵 Checking availability for 3 providers 
[2026-03-31T10:11:00.978Z] ✅ Found 15 slots for clinic: ehsan clinic 
[2026-04-01T05:10:03.013Z] 🔵 Availability Request: {"clinicId":"1f0c099e-663f-462a-bd8d-b90ad71cbb01","serviceIds":["7f3c5ca1-1704-4f54-b909-f1532dd200b0"],"providerId":null,"date":"2026-04-01"}
[2026-04-01T05:10:03.041Z] 🔵 Using date: "2026-04-01"
[2026-04-01T05:10:03.059Z] 🔵 Clinic: "ehsan clinic"
[2026-04-01T05:10:03.066Z] 🔵 Total duration: 60
[2026-04-01T05:10:03.067Z] 🔵 Using timezone: "America/New_York"
[2026-04-01T05:10:03.088Z] 🔵 Day of week: "wednesday"
[2026-04-01T05:10:03.088Z] 🔵 Business hours for wednesday: {"open":"09:00","close":"17:00","isOpen":true}
[2026-04-01T05:10:03.090Z] 🔵 All business hours: {"monday":{"open":"09:00","close":"17:00","isOpen":true},"tuesday":{"open":"09:00","close":"17:00","isOpen":true},"wednesday":{"open":"09:00","close":"17:00","isOpen":true},"thursday":{"open":"09:00","close":"17:00","isOpen":true},"friday":{"open":"09:00","close":"17:00","isOpen":true},"saturday":{"open":"10:00","close":"15:00","isOpen":true},"sunday":{"open":"10:00","close":"15:00","isOpen":false}}
[2026-04-01T05:10:03.092Z] ✅ Clinic is open on wednesday from 09:00 to 17:00 
[2026-04-01T05:10:03.154Z] 🔵 Checking availability for 3 providers 
[2026-04-01T05:10:03.201Z] ✅ Found 15 slots for clinic: ehsan clinic 
[2026-04-02T10:10:07.794Z] 🔵 Availability Request: {"clinicId":"1f0c099e-663f-462a-bd8d-b90ad71cbb01","serviceIds":["7cc7ae88-9a64-43f2-9ff3-8a2253a52242"],"providerId":null,"date":"2026-04-02"}
[2026-04-02T10:10:08.080Z] 🔵 Using date: "2026-04-02"
[2026-04-02T10:10:08.094Z] 🔵 Clinic: "ehsan clinic"
[2026-04-02T10:10:08.100Z] 🔵 Total duration: 60
[2026-04-02T10:10:08.101Z] 🔵 Using timezone: "America/New_York"
[2026-04-02T10:10:08.112Z] 🔵 Day of week: "thursday"
[2026-04-02T10:10:08.112Z] 🔵 Business hours for thursday: {"open":"09:00","close":"17:00","isOpen":true}
[2026-04-02T10:10:08.113Z] 🔵 All business hours: {"monday":{"open":"09:00","close":"17:00","isOpen":true},"tuesday":{"open":"09:00","close":"17:00","isOpen":true},"wednesday":{"open":"09:00","close":"17:00","isOpen":true},"thursday":{"open":"09:00","close":"17:00","isOpen":true},"friday":{"open":"09:00","close":"17:00","isOpen":true},"saturday":{"open":"10:00","close":"15:00","isOpen":true},"sunday":{"open":"10:00","close":"15:00","isOpen":false}}
[2026-04-02T10:10:08.114Z] ✅ Clinic is open on thursday from 09:00 to 17:00 
[2026-04-02T10:10:08.135Z] 🔵 Checking availability for 3 providers 
[2026-04-02T10:10:08.164Z] ✅ Found 15 slots for clinic: ehsan clinic 
[2026-04-02T10:10:37.585Z] 🔵 Availability Request: {"clinicId":"1f0c099e-663f-462a-bd8d-b90ad71cbb01","serviceIds":["7cc7ae88-9a64-43f2-9ff3-8a2253a52242"],"providerId":null,"date":"2026-04-02"}
[2026-04-02T10:10:37.587Z] 🔵 Using date: "2026-04-02"
[2026-04-02T10:10:37.599Z] 🔵 Clinic: "ehsan clinic"
[2026-04-02T10:10:37.606Z] 🔵 Total duration: 60
[2026-04-02T10:10:37.608Z] 🔵 Using timezone: "America/New_York"
[2026-04-02T10:10:37.611Z] 🔵 Day of week: "thursday"
[2026-04-02T10:10:37.612Z] 🔵 Business hours for thursday: {"open":"09:00","close":"17:00","isOpen":true}
[2026-04-02T10:10:37.613Z] 🔵 All business hours: {"monday":{"open":"09:00","close":"17:00","isOpen":true},"tuesday":{"open":"09:00","close":"17:00","isOpen":true},"wednesday":{"open":"09:00","close":"17:00","isOpen":true},"thursday":{"open":"09:00","close":"17:00","isOpen":true},"friday":{"open":"09:00","close":"17:00","isOpen":true},"saturday":{"open":"10:00","close":"15:00","isOpen":true},"sunday":{"open":"10:00","close":"15:00","isOpen":false}}
[2026-04-02T10:10:37.614Z] ✅ Clinic is open on thursday from 09:00 to 17:00 
[2026-04-02T10:10:37.635Z] 🔵 Checking availability for 3 providers 
[2026-04-02T10:10:37.663Z] ✅ Found 15 slots for clinic: ehsan clinic 
[2026-04-02T11:33:05.266Z] 🔵 Availability Request: {"clinicId":"1f0c099e-663f-462a-bd8d-b90ad71cbb01","serviceIds":["7f3c5ca1-1704-4f54-b909-f1532dd200b0"],"providerId":null,"date":"2026-04-02"}
[2026-04-02T11:33:05.287Z] 🔵 Using date: "2026-04-02"
[2026-04-02T11:33:05.319Z] 🔵 Clinic: "ehsan clinic"
[2026-04-02T11:33:05.336Z] 🔵 Total duration: 60
[2026-04-02T11:33:05.344Z] 🔵 Using timezone: "America/New_York"
[2026-04-02T11:33:05.363Z] 🔵 Day of week: "thursday"
[2026-04-02T11:33:05.364Z] 🔵 Business hours for thursday: {"open":"09:00","close":"17:00","isOpen":true}
[2026-04-02T11:33:05.365Z] 🔵 All business hours: {"monday":{"open":"09:00","close":"17:00","isOpen":true},"tuesday":{"open":"09:00","close":"17:00","isOpen":true},"wednesday":{"open":"09:00","close":"17:00","isOpen":true},"thursday":{"open":"09:00","close":"17:00","isOpen":true},"friday":{"open":"09:00","close":"17:00","isOpen":true},"saturday":{"open":"10:00","close":"15:00","isOpen":true},"sunday":{"open":"10:00","close":"15:00","isOpen":false}}
[2026-04-02T11:33:05.375Z] ✅ Clinic is open on thursday from 09:00 to 17:00 
[2026-04-02T11:33:05.450Z] 🔵 Checking availability for 3 providers 
[2026-04-02T11:33:05.508Z] ✅ Found 15 slots for clinic: ehsan clinic 
[2026-04-02T11:34:52.481Z] 🔵 Availability Request: {"clinicId":"1f0c099e-663f-462a-bd8d-b90ad71cbb01","serviceIds":["7f3c5ca1-1704-4f54-b909-f1532dd200b0"],"providerId":null,"date":"2026-04-02"}
[2026-04-02T11:34:52.482Z] 🔵 Using date: "2026-04-02"
[2026-04-02T11:34:52.803Z] 🔵 Clinic: "ehsan clinic"
[2026-04-02T11:34:52.846Z] 🔵 Total duration: 60
[2026-04-02T11:34:52.861Z] 🔵 Using timezone: "America/New_York"
[2026-04-02T11:34:52.862Z] 🔵 Day of week: "thursday"
[2026-04-02T11:34:52.863Z] 🔵 Business hours for thursday: {"open":"09:00","close":"17:00","isOpen":true}
[2026-04-02T11:34:52.864Z] 🔵 All business hours: {"monday":{"open":"09:00","close":"17:00","isOpen":true},"tuesday":{"open":"09:00","close":"17:00","isOpen":true},"wednesday":{"open":"09:00","close":"17:00","isOpen":true},"thursday":{"open":"09:00","close":"17:00","isOpen":true},"friday":{"open":"09:00","close":"17:00","isOpen":true},"saturday":{"open":"10:00","close":"15:00","isOpen":true},"sunday":{"open":"10:00","close":"15:00","isOpen":false}}
[2026-04-02T11:34:52.865Z] ✅ Clinic is open on thursday from 09:00 to 17:00 
[2026-04-02T11:34:52.932Z] 🔵 Checking availability for 3 providers 
[2026-04-02T11:34:53.020Z] ✅ Found 15 slots for clinic: ehsan clinic 
[2026-04-02T11:34:53.043Z] 🔵 Availability Request: {"clinicId":"1f0c099e-663f-462a-bd8d-b90ad71cbb01","serviceIds":["7f3c5ca1-1704-4f54-b909-f1532dd200b0"],"providerId":null,"date":"2026-04-02"}
[2026-04-02T11:34:53.046Z] 🔵 Using date: "2026-04-02"
[2026-04-02T11:34:53.082Z] 🔵 Clinic: "ehsan clinic"
[2026-04-02T11:34:53.086Z] 🔵 Total duration: 60
[2026-04-02T11:34:53.087Z] 🔵 Using timezone: "America/New_York"
[2026-04-02T11:34:53.094Z] 🔵 Day of week: "thursday"
[2026-04-02T11:34:53.095Z] 🔵 Business hours for thursday: {"open":"09:00","close":"17:00","isOpen":true}
[2026-04-02T11:34:53.095Z] 🔵 All business hours: {"monday":{"open":"09:00","close":"17:00","isOpen":true},"tuesday":{"open":"09:00","close":"17:00","isOpen":true},"wednesday":{"open":"09:00","close":"17:00","isOpen":true},"thursday":{"open":"09:00","close":"17:00","isOpen":true},"friday":{"open":"09:00","close":"17:00","isOpen":true},"saturday":{"open":"10:00","close":"15:00","isOpen":true},"sunday":{"open":"10:00","close":"15:00","isOpen":false}}
[2026-04-02T11:34:53.096Z] ✅ Clinic is open on thursday from 09:00 to 17:00 
[2026-04-02T11:34:53.176Z] 🔵 Checking availability for 3 providers 
[2026-04-02T11:34:53.281Z] ✅ Found 15 slots for clinic: ehsan clinic 
[2026-04-06T06:24:34.100Z] 🔵 Availability Request: {"clinicId":"1f0c099e-663f-462a-bd8d-b90ad71cbb01","serviceIds":["7cc7ae88-9a64-43f2-9ff3-8a2253a52242"],"providerId":null,"date":"2026-04-06"}
[2026-04-06T06:24:34.402Z] 🔵 Using date: "2026-04-06"
[2026-04-06T06:24:34.417Z] 🔵 Clinic: "ehsan clinic"
[2026-04-06T06:24:34.427Z] 🔵 Total duration: 60
[2026-04-06T06:24:34.428Z] 🔵 Using timezone: "America/New_York"
[2026-04-06T06:24:34.497Z] 🔵 Day of week: "monday"
[2026-04-06T06:24:34.498Z] 🔵 Business hours for monday: {"open":"09:00","close":"17:00","isOpen":true}
[2026-04-06T06:24:34.499Z] 🔵 All business hours: {"monday":{"open":"09:00","close":"17:00","isOpen":true},"tuesday":{"open":"09:00","close":"17:00","isOpen":true},"wednesday":{"open":"09:00","close":"17:00","isOpen":true},"thursday":{"open":"09:00","close":"17:00","isOpen":true},"friday":{"open":"09:00","close":"17:00","isOpen":true},"saturday":{"open":"10:00","close":"15:00","isOpen":true},"sunday":{"open":"10:00","close":"15:00","isOpen":false}}
[2026-04-06T06:24:34.502Z] ✅ Clinic is open on monday from 09:00 to 17:00 
[2026-04-06T06:24:34.554Z] 🔵 Checking availability for 3 providers 
[2026-04-06T06:24:34.658Z] ✅ Found 15 slots for clinic: ehsan clinic 
[2026-04-06T07:09:58.143Z] 🔵 Availability Request: {"clinicId":"1f0c099e-663f-462a-bd8d-b90ad71cbb01","serviceIds":["7cc7ae88-9a64-43f2-9ff3-8a2253a52242"],"providerId":null,"date":"2026-04-06"}
[2026-04-06T07:09:58.413Z] 🔵 Using date: "2026-04-06"
[2026-04-06T07:09:58.426Z] 🔵 Clinic: "ehsan clinic"
[2026-04-06T07:09:58.431Z] 🔵 Total duration: 60
[2026-04-06T07:09:58.432Z] 🔵 Using timezone: "America/New_York"
[2026-04-06T07:09:58.436Z] 🔵 Day of week: "monday"
[2026-04-06T07:09:58.437Z] 🔵 Business hours for monday: {"open":"09:00","close":"17:00","isOpen":true}
[2026-04-06T07:09:58.437Z] 🔵 All business hours: {"monday":{"open":"09:00","close":"17:00","isOpen":true},"tuesday":{"open":"09:00","close":"17:00","isOpen":true},"wednesday":{"open":"09:00","close":"17:00","isOpen":true},"thursday":{"open":"09:00","close":"17:00","isOpen":true},"friday":{"open":"09:00","close":"17:00","isOpen":true},"saturday":{"open":"10:00","close":"15:00","isOpen":true},"sunday":{"open":"10:00","close":"15:00","isOpen":false}}
[2026-04-06T07:09:58.441Z] ✅ Clinic is open on monday from 09:00 to 17:00 
[2026-04-06T07:09:58.470Z] 🔵 Checking availability for 3 providers 
[2026-04-06T07:09:58.628Z] ✅ Found 15 slots for clinic: ehsan clinic 
[2026-04-06T07:10:05.280Z] 🔵 Availability Request: {"clinicId":"c07c073a-ad9e-44fd-b1b7-0b82ac7ed194","serviceIds":["bdd6033a-d623-4770-a2a4-f62177b3c3f3"],"providerId":null,"date":"2026-04-06"}
[2026-04-06T07:10:05.281Z] 🔵 Using date: "2026-04-06"
[2026-04-06T07:10:05.301Z] 🔵 Clinic: "abc clinic"
[2026-04-06T07:10:05.309Z] 🔵 Total duration: 60
[2026-04-06T07:10:05.310Z] 🔵 Using timezone: "America/New_York"
[2026-04-06T07:10:05.317Z] 🔵 Day of week: "monday"
[2026-04-06T07:10:05.318Z] 🔵 Business hours for monday: {"open":"09:00","close":"17:00","isOpen":true}
[2026-04-06T07:10:05.318Z] 🔵 All business hours: {"monday":{"open":"09:00","close":"17:00","isOpen":true},"tuesday":{"open":"09:00","close":"17:00","isOpen":true},"wednesday":{"open":"09:00","close":"17:00","isOpen":true},"thursday":{"open":"09:00","close":"17:00","isOpen":true},"friday":{"open":"09:00","close":"17:00","isOpen":true},"saturday":{"open":"10:00","close":"15:00","isOpen":true},"sunday":{"open":"10:00","close":"15:00","isOpen":false}}
[2026-04-06T07:10:05.319Z] ✅ Clinic is open on monday from 09:00 to 17:00 
[2026-04-06T07:10:05.347Z] 🔵 Checking availability for 3 providers 
[2026-04-06T07:10:05.369Z] ✅ Found 15 slots for clinic: abc clinic 
[2026-04-06T07:10:05.389Z] 🔵 Availability Request: {"clinicId":"c07c073a-ad9e-44fd-b1b7-0b82ac7ed194","serviceIds":["bdd6033a-d623-4770-a2a4-f62177b3c3f3"],"providerId":null,"date":"2026-04-06"}
[2026-04-06T07:10:05.398Z] 🔵 Using date: "2026-04-06"
[2026-04-06T07:10:05.428Z] 🔵 Clinic: "abc clinic"
[2026-04-06T07:10:05.433Z] 🔵 Total duration: 60
[2026-04-06T07:10:05.434Z] 🔵 Using timezone: "America/New_York"
[2026-04-06T07:10:05.435Z] 🔵 Day of week: "monday"
[2026-04-06T07:10:05.436Z] 🔵 Business hours for monday: {"open":"09:00","close":"17:00","isOpen":true}
[2026-04-06T07:10:05.436Z] 🔵 All business hours: {"monday":{"open":"09:00","close":"17:00","isOpen":true},"tuesday":{"open":"09:00","close":"17:00","isOpen":true},"wednesday":{"open":"09:00","close":"17:00","isOpen":true},"thursday":{"open":"09:00","close":"17:00","isOpen":true},"friday":{"open":"09:00","close":"17:00","isOpen":true},"saturday":{"open":"10:00","close":"15:00","isOpen":true},"sunday":{"open":"10:00","close":"15:00","isOpen":false}}
[2026-04-06T07:10:05.442Z] ✅ Clinic is open on monday from 09:00 to 17:00 
[2026-04-06T07:10:05.470Z] 🔵 Checking availability for 3 providers 
[2026-04-06T07:10:05.503Z] ✅ Found 15 slots for clinic: abc clinic 
[2026-04-06T07:35:05.303Z] 🔵 Availability Request: {"clinicId":"c07c073a-ad9e-44fd-b1b7-0b82ac7ed194","serviceIds":["bdd6033a-d623-4770-a2a4-f62177b3c3f3"],"providerId":null,"date":"2026-04-06"}
[2026-04-06T07:35:05.574Z] 🔵 Using date: "2026-04-06"
[2026-04-06T07:35:05.593Z] 🔵 Clinic: "abc clinic"
[2026-04-06T07:35:05.598Z] 🔵 Total duration: 60
[2026-04-06T07:35:05.599Z] 🔵 Using timezone: "America/New_York"
[2026-04-06T07:35:05.601Z] 🔵 Day of week: "monday"
[2026-04-06T07:35:05.602Z] 🔵 Business hours for monday: {"open":"09:00","close":"17:00","isOpen":true}
[2026-04-06T07:35:05.603Z] 🔵 All business hours: {"monday":{"open":"09:00","close":"17:00","isOpen":true},"tuesday":{"open":"09:00","close":"17:00","isOpen":true},"wednesday":{"open":"09:00","close":"17:00","isOpen":true},"thursday":{"open":"09:00","close":"17:00","isOpen":true},"friday":{"open":"09:00","close":"17:00","isOpen":true},"saturday":{"open":"10:00","close":"15:00","isOpen":true},"sunday":{"open":"10:00","close":"15:00","isOpen":false}}
[2026-04-06T07:35:05.605Z] ✅ Clinic is open on monday from 09:00 to 17:00 
[2026-04-06T07:35:05.625Z] 🔵 Checking availability for 3 providers 
[2026-04-06T07:35:05.643Z] ✅ Found 15 slots for clinic: abc clinic 
[2026-04-06T08:08:44.454Z] 🔵 Availability Request: {"clinicId":"1f0c099e-663f-462a-bd8d-b90ad71cbb01","serviceIds":["7f3c5ca1-1704-4f54-b909-f1532dd200b0"],"providerId":null,"date":"2026-04-06"}
[2026-04-06T08:08:44.708Z] 🔵 Using date: "2026-04-06"
[2026-04-06T08:08:44.722Z] 🔵 Clinic: "ehsan clinic"
[2026-04-06T08:08:44.727Z] 🔵 Total duration: 60
[2026-04-06T08:08:44.727Z] 🔵 Using timezone: "America/New_York"
[2026-04-06T08:08:44.728Z] 🔵 Day of week: "monday"
[2026-04-06T08:08:44.729Z] 🔵 Business hours for monday: {"open":"09:00","close":"17:00","isOpen":true}
[2026-04-06T08:08:44.729Z] 🔵 All business hours: {"monday":{"open":"09:00","close":"17:00","isOpen":true},"tuesday":{"open":"09:00","close":"17:00","isOpen":true},"wednesday":{"open":"09:00","close":"17:00","isOpen":true},"thursday":{"open":"09:00","close":"17:00","isOpen":true},"friday":{"open":"09:00","close":"17:00","isOpen":true},"saturday":{"open":"10:00","close":"15:00","isOpen":true},"sunday":{"open":"10:00","close":"15:00","isOpen":false}}
[2026-04-06T08:08:44.730Z] ✅ Clinic is open on monday from 09:00 to 17:00 
[2026-04-06T08:08:44.757Z] 🔵 Checking availability for 3 providers 
[2026-04-06T08:08:44.785Z] ✅ Found 15 slots for clinic: ehsan clinic 
[2026-04-06T08:21:26.118Z] 🔵 Availability Request: {"clinicId":"1f0c099e-663f-462a-bd8d-b90ad71cbb01","serviceIds":["7cc7ae88-9a64-43f2-9ff3-8a2253a52242"],"providerId":null,"date":"2026-04-06"}
[2026-04-06T08:21:26.374Z] 🔵 Using date: "2026-04-06"
[2026-04-06T08:21:26.386Z] 🔵 Clinic: "ehsan clinic"
[2026-04-06T08:21:26.391Z] 🔵 Total duration: 60
[2026-04-06T08:21:26.392Z] 🔵 Using timezone: "America/New_York"
[2026-04-06T08:21:26.393Z] 🔵 Day of week: "monday"
[2026-04-06T08:21:26.394Z] 🔵 Business hours for monday: {"open":"09:00","close":"17:00","isOpen":true}
[2026-04-06T08:21:26.395Z] 🔵 All business hours: {"monday":{"open":"09:00","close":"17:00","isOpen":true},"tuesday":{"open":"09:00","close":"17:00","isOpen":true},"wednesday":{"open":"09:00","close":"17:00","isOpen":true},"thursday":{"open":"09:00","close":"17:00","isOpen":true},"friday":{"open":"09:00","close":"17:00","isOpen":true},"saturday":{"open":"10:00","close":"15:00","isOpen":true},"sunday":{"open":"10:00","close":"15:00","isOpen":false}}
[2026-04-06T08:21:26.395Z] ✅ Clinic is open on monday from 09:00 to 17:00 
[2026-04-06T08:21:26.428Z] 🔵 Checking availability for 3 providers 
[2026-04-06T08:21:26.484Z] ✅ Found 15 slots for clinic: ehsan clinic 
[2026-04-06T08:32:29.168Z] 🔵 Availability Request: {"clinicId":"1f0c099e-663f-462a-bd8d-b90ad71cbb01","serviceIds":["7cc7ae88-9a64-43f2-9ff3-8a2253a52242"],"providerId":null,"date":"2026-04-06"}
[2026-04-06T08:32:29.176Z] 🔵 Using date: "2026-04-06"
[2026-04-06T08:32:29.211Z] 🔵 Clinic: "ehsan clinic"
[2026-04-06T08:32:29.219Z] 🔵 Total duration: 60
[2026-04-06T08:32:29.223Z] 🔵 Using timezone: "America/New_York"
[2026-04-06T08:32:29.231Z] 🔵 Day of week: "monday"
[2026-04-06T08:32:29.232Z] 🔵 Business hours for monday: {"open":"09:00","close":"17:00","isOpen":true}
[2026-04-06T08:32:29.237Z] 🔵 All business hours: {"monday":{"open":"09:00","close":"17:00","isOpen":true},"tuesday":{"open":"09:00","close":"17:00","isOpen":true},"wednesday":{"open":"09:00","close":"17:00","isOpen":true},"thursday":{"open":"09:00","close":"17:00","isOpen":true},"friday":{"open":"09:00","close":"17:00","isOpen":true},"saturday":{"open":"10:00","close":"15:00","isOpen":true},"sunday":{"open":"10:00","close":"15:00","isOpen":false}}
[2026-04-06T08:32:29.244Z] ✅ Clinic is open on monday from 09:00 to 17:00 
[2026-04-06T08:32:29.375Z] 🔵 Checking availability for 3 providers 
[2026-04-06T08:32:29.489Z] ✅ Found 15 slots for clinic: ehsan clinic 
[2026-04-06T09:29:23.819Z] 🔵 Availability Request: {"clinicId":"1f0c099e-663f-462a-bd8d-b90ad71cbb01","serviceIds":["7cc7ae88-9a64-43f2-9ff3-8a2253a52242"],"providerId":null,"date":"2026-04-06"}
[2026-04-06T09:29:24.091Z] 🔵 Using date: "2026-04-06"
[2026-04-06T09:29:24.117Z] 🔵 Clinic: "ehsan clinic"
[2026-04-06T09:29:24.130Z] 🔵 Total duration: 60
[2026-04-06T09:29:24.132Z] 🔵 Using timezone: "America/New_York"
[2026-04-06T09:29:24.136Z] 🔵 Day of week: "monday"
[2026-04-06T09:29:24.137Z] 🔵 Business hours for monday: {"open":"09:00","close":"17:00","isOpen":true}
[2026-04-06T09:29:24.138Z] 🔵 All business hours: {"monday":{"open":"09:00","close":"17:00","isOpen":true},"tuesday":{"open":"09:00","close":"17:00","isOpen":true},"wednesday":{"open":"09:00","close":"17:00","isOpen":true},"thursday":{"open":"09:00","close":"17:00","isOpen":true},"friday":{"open":"09:00","close":"17:00","isOpen":true},"saturday":{"open":"10:00","close":"15:00","isOpen":true},"sunday":{"open":"10:00","close":"15:00","isOpen":false}}
[2026-04-06T09:29:24.139Z] ✅ Clinic is open on monday from 09:00 to 17:00 
[2026-04-06T09:29:24.235Z] 🔵 Checking availability for 3 providers 
[2026-04-06T09:29:24.422Z] ✅ Found 15 slots for clinic: ehsan clinic 
[2026-04-06T09:30:08.260Z] 🔵 Availability Request: {"clinicId":"1f0c099e-663f-462a-bd8d-b90ad71cbb01","serviceIds":["7f3c5ca1-1704-4f54-b909-f1532dd200b0"],"providerId":null,"date":"2026-04-06"}
[2026-04-06T09:30:08.264Z] 🔵 Using date: "2026-04-06"
[2026-04-06T09:30:08.305Z] 🔵 Clinic: "ehsan clinic"
[2026-04-06T09:30:08.320Z] 🔵 Total duration: 60
[2026-04-06T09:30:08.336Z] 🔵 Using timezone: "America/New_York"
[2026-04-06T09:30:08.427Z] 🔵 Day of week: "monday"
[2026-04-06T09:30:08.446Z] 🔵 Business hours for monday: {"open":"09:00","close":"17:00","isOpen":true}
[2026-04-06T09:30:08.448Z] 🔵 All business hours: {"monday":{"open":"09:00","close":"17:00","isOpen":true},"tuesday":{"open":"09:00","close":"17:00","isOpen":true},"wednesday":{"open":"09:00","close":"17:00","isOpen":true},"thursday":{"open":"09:00","close":"17:00","isOpen":true},"friday":{"open":"09:00","close":"17:00","isOpen":true},"saturday":{"open":"10:00","close":"15:00","isOpen":true},"sunday":{"open":"10:00","close":"15:00","isOpen":false}}
[2026-04-06T09:30:08.465Z] ✅ Clinic is open on monday from 09:00 to 17:00 
[2026-04-06T09:30:08.764Z] 🔵 Checking availability for 3 providers 
[2026-04-06T09:30:08.941Z] ✅ Found 15 slots for clinic: ehsan clinic 
[2026-04-06T09:31:35.782Z] 🔵 Availability Request: {"clinicId":"c07c073a-ad9e-44fd-b1b7-0b82ac7ed194","serviceIds":["bdd6033a-d623-4770-a2a4-f62177b3c3f3"],"providerId":null,"date":"2026-04-06"}
[2026-04-06T09:31:35.784Z] 🔵 Using date: "2026-04-06"
[2026-04-06T09:31:35.808Z] 🔵 Clinic: "abc clinic"
[2026-04-06T09:31:35.816Z] 🔵 Total duration: 60
[2026-04-06T09:31:35.817Z] 🔵 Using timezone: "America/New_York"
[2026-04-06T09:31:35.847Z] 🔵 Day of week: "monday"
[2026-04-06T09:31:35.847Z] 🔵 Business hours for monday: {"open":"09:00","close":"17:00","isOpen":true}
[2026-04-06T09:31:35.851Z] 🔵 All business hours: {"monday":{"open":"09:00","close":"17:00","isOpen":true},"tuesday":{"open":"09:00","close":"17:00","isOpen":true},"wednesday":{"open":"09:00","close":"17:00","isOpen":true},"thursday":{"open":"09:00","close":"17:00","isOpen":true},"friday":{"open":"09:00","close":"17:00","isOpen":true},"saturday":{"open":"10:00","close":"15:00","isOpen":true},"sunday":{"open":"10:00","close":"15:00","isOpen":false}}
[2026-04-06T09:31:35.860Z] ✅ Clinic is open on monday from 09:00 to 17:00 
[2026-04-06T09:31:35.943Z] 🔵 Checking availability for 3 providers 
[2026-04-06T09:31:36.043Z] ✅ Found 15 slots for clinic: abc clinic 
[2026-04-06T09:31:56.852Z] 🔵 Availability Request: {"clinicId":"c07c073a-ad9e-44fd-b1b7-0b82ac7ed194","serviceIds":["bdd6033a-d623-4770-a2a4-f62177b3c3f3"],"providerId":null,"date":"2026-04-06"}
[2026-04-06T09:31:56.853Z] 🔵 Using date: "2026-04-06"
[2026-04-06T09:31:56.890Z] 🔵 Clinic: "abc clinic"
[2026-04-06T09:31:56.896Z] 🔵 Total duration: 60
[2026-04-06T09:31:56.897Z] 🔵 Using timezone: "America/New_York"
[2026-04-06T09:31:56.898Z] 🔵 Day of week: "monday"
[2026-04-06T09:31:56.899Z] 🔵 Business hours for monday: {"open":"09:00","close":"17:00","isOpen":true}
[2026-04-06T09:31:56.900Z] 🔵 All business hours: {"monday":{"open":"09:00","close":"17:00","isOpen":true},"tuesday":{"open":"09:00","close":"17:00","isOpen":true},"wednesday":{"open":"09:00","close":"17:00","isOpen":true},"thursday":{"open":"09:00","close":"17:00","isOpen":true},"friday":{"open":"09:00","close":"17:00","isOpen":true},"saturday":{"open":"10:00","close":"15:00","isOpen":true},"sunday":{"open":"10:00","close":"15:00","isOpen":false}}
[2026-04-06T09:31:56.901Z] ✅ Clinic is open on monday from 09:00 to 17:00 
[2026-04-06T09:31:56.930Z] 🔵 Checking availability for 3 providers 
[2026-04-06T09:31:57.068Z] ✅ Found 15 slots for clinic: abc clinic 
[2026-04-06T10:00:59.832Z] 🔵 Availability Request: {"clinicId":"1f0c099e-663f-462a-bd8d-b90ad71cbb01","serviceIds":["7cc7ae88-9a64-43f2-9ff3-8a2253a52242"],"providerId":null,"date":"2026-04-06"}
[2026-04-06T10:01:00.099Z] 🔵 Using date: "2026-04-06"
[2026-04-06T10:01:00.135Z] 🔵 Clinic: "ehsan clinic"
[2026-04-06T10:01:00.153Z] 🔵 Total duration: 60
[2026-04-06T10:01:00.154Z] 🔵 Using timezone: "America/New_York"
[2026-04-06T10:01:00.177Z] 🔵 Day of week: "monday"
[2026-04-06T10:01:00.178Z] 🔵 Business hours for monday: {"open":"09:00","close":"17:00","isOpen":true}
[2026-04-06T10:01:00.180Z] 🔵 All business hours: {"monday":{"open":"09:00","close":"17:00","isOpen":true},"tuesday":{"open":"09:00","close":"17:00","isOpen":true},"wednesday":{"open":"09:00","close":"17:00","isOpen":true},"thursday":{"open":"09:00","close":"17:00","isOpen":true},"friday":{"open":"09:00","close":"17:00","isOpen":true},"saturday":{"open":"10:00","close":"15:00","isOpen":true},"sunday":{"open":"10:00","close":"15:00","isOpen":false}}
[2026-04-06T10:01:00.182Z] ✅ Clinic is open on monday from 09:00 to 17:00 
[2026-04-06T10:01:00.269Z] 🔵 Checking availability for 3 providers 
[2026-04-06T10:01:00.354Z] ✅ Found 15 slots for clinic: ehsan clinic 
[2026-04-06T12:09:06.416Z] 🔵 Availability Request: {"clinicId":"c07c073a-ad9e-44fd-b1b7-0b82ac7ed194","serviceIds":["bdd6033a-d623-4770-a2a4-f62177b3c3f3"],"providerId":null,"date":"2026-04-06"}
[2026-04-06T12:09:06.711Z] 🔵 Using date: "2026-04-06"
[2026-04-06T12:09:06.731Z] 🔵 Clinic: "abc clinic"
[2026-04-06T12:09:06.740Z] 🔵 Total duration: 60
[2026-04-06T12:09:06.743Z] 🔵 Using timezone: "America/New_York"
[2026-04-06T12:09:06.752Z] 🔵 Day of week: "monday"
[2026-04-06T12:09:06.753Z] 🔵 Business hours for monday: {"open":"09:00","close":"17:00","isOpen":true}
[2026-04-06T12:09:06.754Z] 🔵 All business hours: {"monday":{"open":"09:00","close":"17:00","isOpen":true},"tuesday":{"open":"09:00","close":"17:00","isOpen":true},"wednesday":{"open":"09:00","close":"17:00","isOpen":true},"thursday":{"open":"09:00","close":"17:00","isOpen":true},"friday":{"open":"09:00","close":"17:00","isOpen":true},"saturday":{"open":"10:00","close":"15:00","isOpen":true},"sunday":{"open":"10:00","close":"15:00","isOpen":false}}
[2026-04-06T12:09:06.756Z] ✅ Clinic is open on monday from 09:00 to 17:00 
[2026-04-06T12:09:06.775Z] 🔵 Checking availability for 3 providers 
[2026-04-06T12:09:06.806Z] ✅ Found 15 slots for clinic: abc clinic 
[2026-04-06T12:09:11.135Z] 🔵 Availability Request: {"clinicId":"1f0c099e-663f-462a-bd8d-b90ad71cbb01","serviceIds":["bdd6033a-d623-4770-a2a4-f62177b3c3f3"],"providerId":null,"date":"2026-04-06"}
[2026-04-06T12:09:11.136Z] 🔵 Using date: "2026-04-06"
[2026-04-06T12:09:11.165Z] 🔵 Clinic: "ehsan clinic"
[2026-04-06T12:09:11.186Z] ❌ Error in getAvailableSlots: {"response":{"message":"No matching services found for clinic 1f0c099e-663f-462a-bd8d-b90ad71cbb01","error":"Not Found","statusCode":404},"status":404,"options":{},"message":"No matching services found for clinic 1f0c099e-663f-462a-bd8d-b90ad71cbb01","name":"NotFoundException"}
[2026-04-06T12:09:13.193Z] 🔵 Availability Request: {"clinicId":"1f0c099e-663f-462a-bd8d-b90ad71cbb01","serviceIds":["dfe5bfd5-1b83-4a33-804e-ce044e5c66af"],"providerId":null,"date":"2026-04-06"}
[2026-04-06T12:09:13.194Z] 🔵 Using date: "2026-04-06"
[2026-04-06T12:09:13.208Z] 🔵 Clinic: "ehsan clinic"
[2026-04-06T12:09:13.213Z] 🔵 Total duration: 60
[2026-04-06T12:09:13.213Z] 🔵 Using timezone: "America/New_York"
[2026-04-06T12:09:13.214Z] 🔵 Day of week: "monday"
[2026-04-06T12:09:13.215Z] 🔵 Business hours for monday: {"open":"09:00","close":"17:00","isOpen":true}
[2026-04-06T12:09:13.219Z] 🔵 All business hours: {"monday":{"open":"09:00","close":"17:00","isOpen":true},"tuesday":{"open":"09:00","close":"17:00","isOpen":true},"wednesday":{"open":"09:00","close":"17:00","isOpen":true},"thursday":{"open":"09:00","close":"17:00","isOpen":true},"friday":{"open":"09:00","close":"17:00","isOpen":true},"saturday":{"open":"10:00","close":"15:00","isOpen":true},"sunday":{"open":"10:00","close":"15:00","isOpen":false}}
[2026-04-06T12:09:13.220Z] ✅ Clinic is open on monday from 09:00 to 17:00 
[2026-04-06T12:09:13.261Z] 🔵 Checking availability for 3 providers 
[2026-04-06T12:09:13.299Z] ✅ Found 15 slots for clinic: ehsan clinic 
[2026-04-06T12:26:37.838Z] 🔵 Availability Request: {"clinicId":"1f0c099e-663f-462a-bd8d-b90ad71cbb01","serviceIds":["bdd6033a-d623-4770-a2a4-f62177b3c3f3"],"providerId":null,"date":"2026-04-06"}
[2026-04-06T12:26:38.119Z] 🔵 Using date: "2026-04-06"
[2026-04-06T12:26:38.179Z] 🔵 Clinic: "ehsan clinic"
[2026-04-06T12:26:38.192Z] ❌ Error in getAvailableSlots: {"response":{"message":"No matching services found for clinic 1f0c099e-663f-462a-bd8d-b90ad71cbb01","error":"Not Found","statusCode":404},"status":404,"options":{},"message":"No matching services found for clinic 1f0c099e-663f-462a-bd8d-b90ad71cbb01","name":"NotFoundException"}
[2026-04-06T12:29:02.960Z] 🔵 Availability Request: {"clinicId":"1f0c099e-663f-462a-bd8d-b90ad71cbb01","serviceIds":["dfe5bfd5-1b83-4a33-804e-ce044e5c66af"],"providerId":null,"date":"2026-04-06"}
[2026-04-06T12:29:02.964Z] 🔵 Using date: "2026-04-06"
[2026-04-06T12:29:03.088Z] 🔵 Clinic: "ehsan clinic"
[2026-04-06T12:29:03.100Z] 🔵 Total duration: 60
[2026-04-06T12:29:03.101Z] 🔵 Using timezone: "America/New_York"
[2026-04-06T12:29:03.118Z] 🔵 Day of week: "monday"
[2026-04-06T12:29:03.118Z] 🔵 Business hours for monday: {"open":"09:00","close":"17:00","isOpen":true}
[2026-04-06T12:29:03.122Z] 🔵 All business hours: {"monday":{"open":"09:00","close":"17:00","isOpen":true},"tuesday":{"open":"09:00","close":"17:00","isOpen":true},"wednesday":{"open":"09:00","close":"17:00","isOpen":true},"thursday":{"open":"09:00","close":"17:00","isOpen":true},"friday":{"open":"09:00","close":"17:00","isOpen":true},"saturday":{"open":"10:00","close":"15:00","isOpen":true},"sunday":{"open":"10:00","close":"15:00","isOpen":false}}
[2026-04-06T12:29:03.127Z] ✅ Clinic is open on monday from 09:00 to 17:00 
[2026-04-06T12:29:03.170Z] 🔵 Checking availability for 3 providers 
[2026-04-06T12:29:03.224Z] ✅ Found 15 slots for clinic: ehsan clinic 
[2026-04-06T12:29:32.243Z] 🔵 Availability Request: {"clinicId":"1f0c099e-663f-462a-bd8d-b90ad71cbb01","serviceIds":["dfe5bfd5-1b83-4a33-804e-ce044e5c66af"],"providerId":null,"date":"2026-04-06"}
[2026-04-06T12:29:32.244Z] 🔵 Using date: "2026-04-06"
[2026-04-06T12:29:32.258Z] 🔵 Clinic: "ehsan clinic"
[2026-04-06T12:29:32.280Z] 🔵 Total duration: 60
[2026-04-06T12:29:32.296Z] 🔵 Using timezone: "America/New_York"
[2026-04-06T12:29:32.317Z] 🔵 Day of week: "monday"
[2026-04-06T12:29:32.325Z] 🔵 Business hours for monday: {"open":"09:00","close":"17:00","isOpen":true}
[2026-04-06T12:29:32.342Z] 🔵 All business hours: {"monday":{"open":"09:00","close":"17:00","isOpen":true},"tuesday":{"open":"09:00","close":"17:00","isOpen":true},"wednesday":{"open":"09:00","close":"17:00","isOpen":true},"thursday":{"open":"09:00","close":"17:00","isOpen":true},"friday":{"open":"09:00","close":"17:00","isOpen":true},"saturday":{"open":"10:00","close":"15:00","isOpen":true},"sunday":{"open":"10:00","close":"15:00","isOpen":false}}
[2026-04-06T12:29:32.406Z] ✅ Clinic is open on monday from 09:00 to 17:00 
[2026-04-06T12:29:32.450Z] 🔵 Checking availability for 3 providers 
[2026-04-06T12:29:32.509Z] ✅ Found 15 slots for clinic: ehsan clinic 
[2026-04-08T10:12:15.168Z] 🔵 Availability Request: {"clinicId":"c07c073a-ad9e-44fd-b1b7-0b82ac7ed194","serviceIds":["bdd6033a-d623-4770-a2a4-f62177b3c3f3"],"providerId":null,"date":"2026-04-09"}
[2026-04-08T10:12:15.177Z] 🔵 Using date: "2026-04-09"
[2026-04-08T10:12:15.230Z] 🔵 Clinic: "abc clinic"
[2026-04-08T10:12:15.237Z] 🔵 Total duration: 60
[2026-04-08T10:12:15.240Z] 🔵 Using timezone: "America/New_York"
[2026-04-08T10:12:15.257Z] 🔵 Day of week: "thursday"
[2026-04-08T10:12:15.264Z] 🔵 Business hours for thursday: {"open":"09:00","close":"17:00","isOpen":true}
[2026-04-08T10:12:15.266Z] 🔵 All business hours: {"monday":{"open":"09:00","close":"17:00","isOpen":true},"tuesday":{"open":"09:00","close":"17:00","isOpen":true},"wednesday":{"open":"09:00","close":"17:00","isOpen":true},"thursday":{"open":"09:00","close":"17:00","isOpen":true},"friday":{"open":"09:00","close":"17:00","isOpen":true},"saturday":{"open":"10:00","close":"15:00","isOpen":true},"sunday":{"open":"10:00","close":"15:00","isOpen":false}}
[2026-04-08T10:12:15.267Z] ✅ Clinic is open on thursday from 09:00 to 17:00 
[2026-04-08T10:12:15.299Z] 🔵 Checking availability for 3 providers 
[2026-04-08T10:12:15.323Z] ✅ Found 15 slots for clinic: abc clinic 
[2026-04-09T05:06:33.805Z] 🔵 Availability Request: {"clinicId":"c07c073a-ad9e-44fd-b1b7-0b82ac7ed194","serviceIds":["bdd6033a-d623-4770-a2a4-f62177b3c3f3"],"providerId":null,"date":"2026-04-09"}
[2026-04-09T05:06:33.867Z] 🔵 Using date: "2026-04-09"
[2026-04-09T05:06:34.012Z] 🔵 Clinic: "abc clinic"
[2026-04-09T05:06:34.069Z] 🔵 Total duration: 60
[2026-04-09T05:06:34.074Z] 🔵 Using timezone: "America/New_York"
[2026-04-09T05:06:34.097Z] 🔵 Day of week: "thursday"
[2026-04-09T05:06:34.104Z] 🔵 Business hours for thursday: {"open":"09:00","close":"17:00","isOpen":true}
[2026-04-09T05:06:34.107Z] 🔵 All business hours: {"monday":{"open":"09:00","close":"17:00","isOpen":true},"tuesday":{"open":"09:00","close":"17:00","isOpen":true},"wednesday":{"open":"09:00","close":"17:00","isOpen":true},"thursday":{"open":"09:00","close":"17:00","isOpen":true},"friday":{"open":"09:00","close":"17:00","isOpen":true},"saturday":{"open":"10:00","close":"15:00","isOpen":true},"sunday":{"open":"10:00","close":"15:00","isOpen":false}}
[2026-04-09T05:06:34.110Z] ✅ Clinic is open on thursday from 09:00 to 17:00 
[2026-04-09T05:06:34.197Z] 🔵 Checking availability for 3 providers 
[2026-04-09T05:06:34.280Z] ✅ Found 15 slots for clinic: abc clinic 
[2026-04-09T05:06:34.295Z] 🔵 Availability Request: {"clinicId":"c07c073a-ad9e-44fd-b1b7-0b82ac7ed194","serviceIds":["bdd6033a-d623-4770-a2a4-f62177b3c3f3"],"providerId":null,"date":"2026-04-09"}
[2026-04-09T05:06:34.302Z] 🔵 Using date: "2026-04-09"
[2026-04-09T05:06:34.325Z] 🔵 Clinic: "abc clinic"
[2026-04-09T05:06:34.335Z] 🔵 Total duration: 60
[2026-04-09T05:06:34.337Z] 🔵 Using timezone: "America/New_York"
[2026-04-09T05:06:34.338Z] 🔵 Day of week: "thursday"
[2026-04-09T05:06:34.339Z] 🔵 Business hours for thursday: {"open":"09:00","close":"17:00","isOpen":true}
[2026-04-09T05:06:34.342Z] 🔵 All business hours: {"monday":{"open":"09:00","close":"17:00","isOpen":true},"tuesday":{"open":"09:00","close":"17:00","isOpen":true},"wednesday":{"open":"09:00","close":"17:00","isOpen":true},"thursday":{"open":"09:00","close":"17:00","isOpen":true},"friday":{"open":"09:00","close":"17:00","isOpen":true},"saturday":{"open":"10:00","close":"15:00","isOpen":true},"sunday":{"open":"10:00","close":"15:00","isOpen":false}}
[2026-04-09T05:06:34.371Z] ✅ Clinic is open on thursday from 09:00 to 17:00 
[2026-04-09T05:06:34.394Z] 🔵 Checking availability for 3 providers 
[2026-04-09T05:06:34.423Z] ✅ Found 15 slots for clinic: abc clinic 
[2026-04-09T05:06:39.112Z] 🔵 Availability Request: {"clinicId":"c07c073a-ad9e-44fd-b1b7-0b82ac7ed194","serviceIds":["bdd6033a-d623-4770-a2a4-f62177b3c3f3"],"providerId":null,"date":"2026-04-09"}
[2026-04-09T05:06:39.129Z] 🔵 Using date: "2026-04-09"
[2026-04-09T05:06:39.154Z] 🔵 Clinic: "abc clinic"
[2026-04-09T05:06:39.222Z] 🔵 Total duration: 60
[2026-04-09T05:06:39.235Z] 🔵 Using timezone: "America/New_York"
[2026-04-09T05:06:39.252Z] 🔵 Day of week: "thursday"
[2026-04-09T05:06:39.255Z] 🔵 Business hours for thursday: {"open":"09:00","close":"17:00","isOpen":true}
[2026-04-09T05:06:39.269Z] 🔵 All business hours: {"monday":{"open":"09:00","close":"17:00","isOpen":true},"tuesday":{"open":"09:00","close":"17:00","isOpen":true},"wednesday":{"open":"09:00","close":"17:00","isOpen":true},"thursday":{"open":"09:00","close":"17:00","isOpen":true},"friday":{"open":"09:00","close":"17:00","isOpen":true},"saturday":{"open":"10:00","close":"15:00","isOpen":true},"sunday":{"open":"10:00","close":"15:00","isOpen":false}}
[2026-04-09T05:06:39.335Z] ✅ Clinic is open on thursday from 09:00 to 17:00 
[2026-04-09T05:06:39.423Z] 🔵 Checking availability for 3 providers 
[2026-04-09T05:06:39.450Z] ✅ Found 15 slots for clinic: abc clinic 
[2026-04-10T11:51:25.387Z] 🔵 Availability Request: {"clinicId":"c07c073a-ad9e-44fd-b1b7-0b82ac7ed194","serviceIds":["bdd6033a-d623-4770-a2a4-f62177b3c3f3"],"providerId":null,"date":"2026-04-10"}
[2026-04-10T11:51:25.655Z] 🔵 Using date: "2026-04-10"
[2026-04-10T11:51:25.866Z] 🔵 Clinic: "abc clinic"
[2026-04-10T11:51:25.971Z] 🔵 Total duration: 60
[2026-04-10T11:51:25.972Z] 🔵 Using timezone: "America/New_York"
[2026-04-10T11:51:26.112Z] 🔵 Day of week: "friday"
[2026-04-10T11:51:26.115Z] 🔵 Business hours for friday: {"open":"09:00","close":"17:00","isOpen":true}
[2026-04-10T11:51:26.116Z] 🔵 All business hours: {"monday":{"open":"09:00","close":"17:00","isOpen":true},"tuesday":{"open":"09:00","close":"17:00","isOpen":true},"wednesday":{"open":"09:00","close":"17:00","isOpen":true},"thursday":{"open":"09:00","close":"17:00","isOpen":true},"friday":{"open":"09:00","close":"17:00","isOpen":true},"saturday":{"open":"10:00","close":"15:00","isOpen":true},"sunday":{"open":"10:00","close":"15:00","isOpen":false}}
[2026-04-10T11:51:26.117Z] ✅ Clinic is open on friday from 09:00 to 17:00 
[2026-04-10T11:51:26.326Z] 🔵 Checking availability for 3 providers 
[2026-04-10T11:51:26.569Z] ✅ Found 15 slots for clinic: abc clinic 
[2026-04-10T11:51:26.634Z] 🔵 Availability Request: {"clinicId":"c07c073a-ad9e-44fd-b1b7-0b82ac7ed194","serviceIds":["bdd6033a-d623-4770-a2a4-f62177b3c3f3"],"providerId":null,"date":"2026-04-10"}
[2026-04-10T11:51:26.635Z] 🔵 Using date: "2026-04-10"
[2026-04-10T11:51:26.653Z] 🔵 Clinic: "abc clinic"
[2026-04-10T11:51:26.668Z] 🔵 Total duration: 60
[2026-04-10T11:51:26.668Z] 🔵 Using timezone: "America/New_York"
[2026-04-10T11:51:26.669Z] 🔵 Day of week: "friday"
[2026-04-10T11:51:26.671Z] 🔵 Business hours for friday: {"open":"09:00","close":"17:00","isOpen":true}
[2026-04-10T11:51:26.676Z] 🔵 All business hours: {"monday":{"open":"09:00","close":"17:00","isOpen":true},"tuesday":{"open":"09:00","close":"17:00","isOpen":true},"wednesday":{"open":"09:00","close":"17:00","isOpen":true},"thursday":{"open":"09:00","close":"17:00","isOpen":true},"friday":{"open":"09:00","close":"17:00","isOpen":true},"saturday":{"open":"10:00","close":"15:00","isOpen":true},"sunday":{"open":"10:00","close":"15:00","isOpen":false}}
[2026-04-10T11:51:26.678Z] ✅ Clinic is open on friday from 09:00 to 17:00 
[2026-04-10T11:51:26.755Z] 🔵 Checking availability for 3 providers 
[2026-04-10T11:51:26.788Z] ✅ Found 15 slots for clinic: abc clinic 
[2026-04-10T12:48:27.268Z] 🔵 Availability Request: {"clinicId":"1f0c099e-663f-462a-bd8d-b90ad71cbb01","serviceIds":["dfe5bfd5-1b83-4a33-804e-ce044e5c66af"],"providerId":null,"date":"2026-04-10"}
[2026-04-10T12:48:27.536Z] 🔵 Using date: "2026-04-10"
[2026-04-10T12:48:27.547Z] 🔵 Clinic: "ehsan clinic"
[2026-04-10T12:48:27.555Z] 🔵 Total duration: 60
[2026-04-10T12:48:27.556Z] 🔵 Using timezone: "America/New_York"
[2026-04-10T12:48:27.563Z] 🔵 Day of week: "friday"
[2026-04-10T12:48:27.564Z] 🔵 Business hours for friday: {"open":"09:00","close":"17:00","isOpen":true}
[2026-04-10T12:48:27.565Z] 🔵 All business hours: {"monday":{"open":"09:00","close":"17:00","isOpen":true},"tuesday":{"open":"09:00","close":"17:00","isOpen":true},"wednesday":{"open":"09:00","close":"17:00","isOpen":true},"thursday":{"open":"09:00","close":"17:00","isOpen":true},"friday":{"open":"09:00","close":"17:00","isOpen":true},"saturday":{"open":"10:00","close":"15:00","isOpen":true},"sunday":{"open":"10:00","close":"15:00","isOpen":false}}
[2026-04-10T12:48:27.566Z] ✅ Clinic is open on friday from 09:00 to 17:00 
[2026-04-10T12:48:27.585Z] 🔵 Checking availability for 3 providers 
[2026-04-10T12:48:27.645Z] ✅ Found 15 slots for clinic: ehsan clinic 
[2026-04-10T12:49:51.306Z] 🔵 Availability Request: {"clinicId":"1f0c099e-663f-462a-bd8d-b90ad71cbb01","serviceIds":["dfe5bfd5-1b83-4a33-804e-ce044e5c66af"],"providerId":null,"date":"2026-04-10"}
[2026-04-10T12:49:51.307Z] 🔵 Using date: "2026-04-10"
[2026-04-10T12:49:51.316Z] 🔵 Clinic: "ehsan clinic"
[2026-04-10T12:49:51.320Z] 🔵 Total duration: 60
[2026-04-10T12:49:51.322Z] 🔵 Using timezone: "America/New_York"
[2026-04-10T12:49:51.323Z] 🔵 Day of week: "friday"
[2026-04-10T12:49:51.323Z] 🔵 Business hours for friday: {"open":"09:00","close":"17:00","isOpen":true}
[2026-04-10T12:49:51.324Z] 🔵 All business hours: {"monday":{"open":"09:00","close":"17:00","isOpen":true},"tuesday":{"open":"09:00","close":"17:00","isOpen":true},"wednesday":{"open":"09:00","close":"17:00","isOpen":true},"thursday":{"open":"09:00","close":"17:00","isOpen":true},"friday":{"open":"09:00","close":"17:00","isOpen":true},"saturday":{"open":"10:00","close":"15:00","isOpen":true},"sunday":{"open":"10:00","close":"15:00","isOpen":false}}
[2026-04-10T12:49:51.324Z] ✅ Clinic is open on friday from 09:00 to 17:00 
[2026-04-10T12:49:51.363Z] 🔵 Checking availability for 3 providers 
[2026-04-10T12:49:51.392Z] ✅ Found 15 slots for clinic: ehsan clinic 
[2026-04-10T12:49:52.298Z] 🔵 Availability Request: {"clinicId":"1f0c099e-663f-462a-bd8d-b90ad71cbb01","serviceIds":["dfe5bfd5-1b83-4a33-804e-ce044e5c66af"],"providerId":null,"date":"2026-04-10"}
[2026-04-10T12:49:52.300Z] 🔵 Using date: "2026-04-10"
[2026-04-10T12:49:52.398Z] 🔵 Clinic: "ehsan clinic"
[2026-04-10T12:49:52.418Z] 🔵 Total duration: 60
[2026-04-10T12:49:52.418Z] 🔵 Using timezone: "America/New_York"
[2026-04-10T12:49:52.420Z] 🔵 Day of week: "friday"
[2026-04-10T12:49:52.426Z] 🔵 Business hours for friday: {"open":"09:00","close":"17:00","isOpen":true}
[2026-04-10T12:49:52.427Z] 🔵 All business hours: {"monday":{"open":"09:00","close":"17:00","isOpen":true},"tuesday":{"open":"09:00","close":"17:00","isOpen":true},"wednesday":{"open":"09:00","close":"17:00","isOpen":true},"thursday":{"open":"09:00","close":"17:00","isOpen":true},"friday":{"open":"09:00","close":"17:00","isOpen":true},"saturday":{"open":"10:00","close":"15:00","isOpen":true},"sunday":{"open":"10:00","close":"15:00","isOpen":false}}
[2026-04-10T12:49:52.430Z] ✅ Clinic is open on friday from 09:00 to 17:00 
[2026-04-10T12:49:52.468Z] 🔵 Checking availability for 3 providers 
[2026-04-10T12:49:52.492Z] ✅ Found 15 slots for clinic: ehsan clinic 
[2026-04-10T12:56:43.435Z] 🔵 Availability Request: {"clinicId":"1f0c099e-663f-462a-bd8d-b90ad71cbb01","serviceIds":["dfe5bfd5-1b83-4a33-804e-ce044e5c66af"],"providerId":null,"date":"2026-04-10"}
[2026-04-10T12:56:43.435Z] 🔵 Using date: "2026-04-10"
[2026-04-10T12:56:43.449Z] 🔵 Clinic: "ehsan clinic"
[2026-04-10T12:56:43.469Z] 🔵 Total duration: 60
[2026-04-10T12:56:43.471Z] 🔵 Using timezone: "America/New_York"
[2026-04-10T12:56:43.474Z] 🔵 Day of week: "friday"
[2026-04-10T12:56:43.474Z] 🔵 Business hours for friday: {"open":"09:00","close":"17:00","isOpen":true}
[2026-04-10T12:56:43.474Z] 🔵 All business hours: {"monday":{"open":"09:00","close":"17:00","isOpen":true},"tuesday":{"open":"09:00","close":"17:00","isOpen":true},"wednesday":{"open":"09:00","close":"17:00","isOpen":true},"thursday":{"open":"09:00","close":"17:00","isOpen":true},"friday":{"open":"09:00","close":"17:00","isOpen":true},"saturday":{"open":"10:00","close":"15:00","isOpen":true},"sunday":{"open":"10:00","close":"15:00","isOpen":false}}
[2026-04-10T12:56:43.476Z] ✅ Clinic is open on friday from 09:00 to 17:00 
[2026-04-10T12:56:43.493Z] 🔵 Checking availability for 3 providers 
[2026-04-10T12:56:43.510Z] ✅ Found 15 slots for clinic: ehsan clinic 
[2026-04-11T13:53:23.538Z] 🔵 Availability Request: {"clinicId":"1f0c099e-663f-462a-bd8d-b90ad71cbb01","serviceIds":["7cc7ae88-9a64-43f2-9ff3-8a2253a52242"],"providerId":null,"date":"2026-04-11"}
[2026-04-11T13:53:23.571Z] 🔵 Using date: "2026-04-11"
[2026-04-11T13:53:23.600Z] 🔵 Clinic: "ehsan clinic"
[2026-04-11T13:53:23.609Z] 🔵 Total duration: 60
[2026-04-11T13:53:23.612Z] 🔵 Using timezone: "America/New_York"
[2026-04-11T13:53:23.625Z] 🔵 Day of week: "saturday"
[2026-04-11T13:53:23.631Z] 🔵 Business hours for saturday: {"open":"10:00","close":"15:00","isOpen":true}
[2026-04-11T13:53:23.636Z] 🔵 All business hours: {"monday":{"open":"09:00","close":"17:00","isOpen":true},"tuesday":{"open":"09:00","close":"17:00","isOpen":true},"wednesday":{"open":"09:00","close":"17:00","isOpen":true},"thursday":{"open":"09:00","close":"17:00","isOpen":true},"friday":{"open":"09:00","close":"17:00","isOpen":true},"saturday":{"open":"10:00","close":"15:00","isOpen":true},"sunday":{"open":"10:00","close":"15:00","isOpen":false}}
[2026-04-11T13:53:23.637Z] ✅ Clinic is open on saturday from 10:00 to 15:00 
[2026-04-11T13:53:23.691Z] 🔵 Checking availability for 3 providers 
[2026-04-11T13:53:23.822Z] ✅ Found 9 slots for clinic: ehsan clinic 
[2026-04-11T13:59:58.091Z] 🔵 Availability Request: {"clinicId":"1f0c099e-663f-462a-bd8d-b90ad71cbb01","serviceIds":["dfe5bfd5-1b83-4a33-804e-ce044e5c66af"],"providerId":null,"date":"2026-04-10"}
[2026-04-11T13:59:58.119Z] 🔵 Using date: "2026-04-10"
[2026-04-11T13:59:58.147Z] 🔵 Clinic: "ehsan clinic"
[2026-04-11T13:59:58.161Z] 🔵 Total duration: 60
[2026-04-11T13:59:58.162Z] 🔵 Using timezone: "America/New_York"
[2026-04-11T13:59:58.164Z] 🔵 Day of week: "friday"
[2026-04-11T13:59:58.165Z] 🔵 Business hours for friday: {"open":"09:00","close":"17:00","isOpen":true}
[2026-04-11T13:59:58.166Z] 🔵 All business hours: {"monday":{"open":"09:00","close":"17:00","isOpen":true},"tuesday":{"open":"09:00","close":"17:00","isOpen":true},"wednesday":{"open":"09:00","close":"17:00","isOpen":true},"thursday":{"open":"09:00","close":"17:00","isOpen":true},"friday":{"open":"09:00","close":"17:00","isOpen":true},"saturday":{"open":"10:00","close":"15:00","isOpen":true},"sunday":{"open":"10:00","close":"15:00","isOpen":false}}
[2026-04-11T13:59:58.167Z] ✅ Clinic is open on friday from 09:00 to 17:00 
[2026-04-11T13:59:58.228Z] 🔵 Checking availability for 3 providers 
[2026-04-11T13:59:58.258Z] ✅ Found 0 slots for clinic: ehsan clinic 
[2026-04-11T13:59:58.279Z] 🔵 Availability Request: {"clinicId":"1f0c099e-663f-462a-bd8d-b90ad71cbb01","serviceIds":["dfe5bfd5-1b83-4a33-804e-ce044e5c66af"],"providerId":null,"date":"2026-04-10"}
[2026-04-11T13:59:58.282Z] 🔵 Using date: "2026-04-10"
[2026-04-11T13:59:58.293Z] 🔵 Clinic: "ehsan clinic"
[2026-04-11T13:59:58.298Z] 🔵 Total duration: 60
[2026-04-11T13:59:58.299Z] 🔵 Using timezone: "America/New_York"
[2026-04-11T13:59:58.300Z] 🔵 Day of week: "friday"
[2026-04-11T13:59:58.301Z] 🔵 Business hours for friday: {"open":"09:00","close":"17:00","isOpen":true}
[2026-04-11T13:59:58.303Z] 🔵 All business hours: {"monday":{"open":"09:00","close":"17:00","isOpen":true},"tuesday":{"open":"09:00","close":"17:00","isOpen":true},"wednesday":{"open":"09:00","close":"17:00","isOpen":true},"thursday":{"open":"09:00","close":"17:00","isOpen":true},"friday":{"open":"09:00","close":"17:00","isOpen":true},"saturday":{"open":"10:00","close":"15:00","isOpen":true},"sunday":{"open":"10:00","close":"15:00","isOpen":false}}
[2026-04-11T13:59:58.304Z] ✅ Clinic is open on friday from 09:00 to 17:00 
[2026-04-11T13:59:58.327Z] 🔵 Checking availability for 3 providers 
[2026-04-11T13:59:58.350Z] ✅ Found 0 slots for clinic: ehsan clinic 
[2026-04-13T08:27:36.695Z] 🔵 Availability Request: {"clinicId":"1f0c099e-663f-462a-bd8d-b90ad71cbb01","serviceIds":["7f3c5ca1-1704-4f54-b909-f1532dd200b0"],"providerId":null,"date":"2026-04-13"}
[2026-04-13T08:27:36.977Z] 🔵 Using date: "2026-04-13"
[2026-04-13T08:27:36.987Z] 🔵 Clinic: "ehsan clinic"
[2026-04-13T08:27:36.992Z] 🔵 Total duration: 60
[2026-04-13T08:27:36.993Z] 🔵 Using timezone: "America/New_York"
[2026-04-13T08:27:37.055Z] 🔵 Day of week: "monday"
[2026-04-13T08:27:37.055Z] 🔵 Business hours for monday: {"open":"09:00","close":"17:00","isOpen":true}
[2026-04-13T08:27:37.056Z] 🔵 All business hours: {"monday":{"open":"09:00","close":"17:00","isOpen":true},"tuesday":{"open":"09:00","close":"17:00","isOpen":true},"wednesday":{"open":"09:00","close":"17:00","isOpen":true},"thursday":{"open":"09:00","close":"17:00","isOpen":true},"friday":{"open":"09:00","close":"17:00","isOpen":true},"saturday":{"open":"10:00","close":"15:00","isOpen":true},"sunday":{"open":"10:00","close":"15:00","isOpen":false}}
[2026-04-13T08:27:37.057Z] ✅ Clinic is open on monday from 09:00 to 17:00 
[2026-04-13T08:27:37.088Z] 🔵 Checking availability for 3 providers 
[2026-04-13T08:27:37.142Z] ✅ Found 15 slots for clinic: ehsan clinic 
[2026-04-13T10:15:57.526Z] 🔵 Availability Request: {"clinicId":"c07c073a-ad9e-44fd-b1b7-0b82ac7ed194","serviceIds":["bdd6033a-d623-4770-a2a4-f62177b3c3f3"],"providerId":null,"date":"2026-04-13"}
[2026-04-13T10:15:57.803Z] 🔵 Using date: "2026-04-13"
[2026-04-13T10:15:57.823Z] 🔵 Clinic: "abc clinic"
[2026-04-13T10:15:57.830Z] 🔵 Total duration: 60
[2026-04-13T10:15:57.832Z] 🔵 Using timezone: "America/New_York"
[2026-04-13T10:15:57.849Z] 🔵 Day of week: "monday"
[2026-04-13T10:15:57.858Z] 🔵 Business hours for monday: {"open":"09:00","close":"17:00","isOpen":true}
[2026-04-13T10:15:57.866Z] 🔵 All business hours: {"monday":{"open":"09:00","close":"17:00","isOpen":true},"tuesday":{"open":"09:00","close":"17:00","isOpen":true},"wednesday":{"open":"09:00","close":"17:00","isOpen":true},"thursday":{"open":"09:00","close":"17:00","isOpen":true},"friday":{"open":"09:00","close":"17:00","isOpen":true},"saturday":{"open":"10:00","close":"15:00","isOpen":true},"sunday":{"open":"10:00","close":"15:00","isOpen":false}}
[2026-04-13T10:15:57.868Z] ✅ Clinic is open on monday from 09:00 to 17:00 
[2026-04-13T10:15:57.908Z] 🔵 Checking availability for 3 providers 
[2026-04-13T10:15:58.064Z] ✅ Found 15 slots for clinic: abc clinic 
[2026-04-13T11:35:44.143Z] 🔵 Availability Request: {"clinicId":"1f0c099e-663f-462a-bd8d-b90ad71cbb01","serviceIds":["7f3c5ca1-1704-4f54-b909-f1532dd200b0"],"providerId":null,"date":"2026-04-13"}
[2026-04-13T11:35:44.424Z] 🔵 Using date: "2026-04-13"
[2026-04-13T11:35:44.434Z] 🔵 Clinic: "ehsan clinic"
[2026-04-13T11:35:44.442Z] 🔵 Total duration: 60
[2026-04-13T11:35:44.443Z] 🔵 Using timezone: "America/New_York"
[2026-04-13T11:35:44.450Z] 🔵 Day of week: "monday"
[2026-04-13T11:35:44.450Z] 🔵 Business hours for monday: {"open":"09:00","close":"17:00","isOpen":true}
[2026-04-13T11:35:44.451Z] 🔵 All business hours: {"monday":{"open":"09:00","close":"17:00","isOpen":true},"tuesday":{"open":"09:00","close":"17:00","isOpen":true},"wednesday":{"open":"09:00","close":"17:00","isOpen":true},"thursday":{"open":"09:00","close":"17:00","isOpen":true},"friday":{"open":"09:00","close":"17:00","isOpen":true},"saturday":{"open":"10:00","close":"15:00","isOpen":true},"sunday":{"open":"10:00","close":"15:00","isOpen":false}}
[2026-04-13T11:35:44.451Z] ✅ Clinic is open on monday from 09:00 to 17:00 
[2026-04-13T11:35:44.465Z] 🔵 Checking availability for 3 providers 
[2026-04-13T11:35:44.516Z] ✅ Found 15 slots for clinic: ehsan clinic 
[2026-04-13T11:58:37.447Z] 🔵 Availability Request: {"clinicId":"1f0c099e-663f-462a-bd8d-b90ad71cbb01","serviceIds":["7cc7ae88-9a64-43f2-9ff3-8a2253a52242"],"providerId":null,"date":"2026-04-13"}
[2026-04-13T11:58:37.724Z] 🔵 Using date: "2026-04-13"
[2026-04-13T11:58:37.785Z] 🔵 Clinic: "ehsan clinic"
[2026-04-13T11:58:37.791Z] 🔵 Total duration: 60
[2026-04-13T11:58:37.793Z] 🔵 Using timezone: "America/New_York"
[2026-04-13T11:58:37.794Z] 🔵 Day of week: "monday"
[2026-04-13T11:58:37.804Z] 🔵 Business hours for monday: {"open":"09:00","close":"17:00","isOpen":true}
[2026-04-13T11:58:37.805Z] 🔵 All business hours: {"monday":{"open":"09:00","close":"17:00","isOpen":true},"tuesday":{"open":"09:00","close":"17:00","isOpen":true},"wednesday":{"open":"09:00","close":"17:00","isOpen":true},"thursday":{"open":"09:00","close":"17:00","isOpen":true},"friday":{"open":"09:00","close":"17:00","isOpen":true},"saturday":{"open":"10:00","close":"15:00","isOpen":true},"sunday":{"open":"10:00","close":"15:00","isOpen":false}}
[2026-04-13T11:58:37.806Z] ✅ Clinic is open on monday from 09:00 to 17:00 
[2026-04-13T11:58:37.836Z] 🔵 Checking availability for 3 providers 
[2026-04-13T11:58:37.861Z] ✅ Found 15 slots for clinic: ehsan clinic 
[2026-04-14T03:48:55.775Z] 🔵 Availability Request: {"clinicId":"4ca4e344-a7c6-473c-b3be-21b90c1ae067","serviceIds":["24484414-7772-4f7f-8d9c-26d45503d5fc"],"providerId":null,"date":"2026-04-14"}
[2026-04-14T03:48:55.802Z] 🔵 Using date: "2026-04-14"
[2026-04-14T03:48:55.831Z] 🔵 Clinic: "muneeb"
[2026-04-14T03:48:55.838Z] 🔵 Total duration: 60
[2026-04-14T03:48:55.839Z] 🔵 Using timezone: "America/New_York"
[2026-04-14T03:48:55.849Z] 🔵 Day of week: "tuesday"
[2026-04-14T03:48:55.850Z] 🔵 Business hours for tuesday: {"open":"09:00","close":"18:00","isOpen":true}
[2026-04-14T03:48:55.851Z] 🔵 All business hours: {"monday":{"open":"09:00","close":"18:00","isOpen":true},"tuesday":{"open":"09:00","close":"18:00","isOpen":true},"wednesday":{"open":"09:00","close":"18:00","isOpen":true},"thursday":{"open":"09:00","close":"18:00","isOpen":true},"friday":{"open":"09:00","close":"18:00","isOpen":true},"saturday":{"open":"09:00","close":"18:00","isOpen":false},"sunday":{"open":"09:00","close":"18:00","isOpen":false}}
[2026-04-14T03:48:55.853Z] ✅ Clinic is open on tuesday from 09:00 to 18:00 
[2026-04-14T03:48:55.901Z] 🔵 Checking availability for 2 providers 
[2026-04-14T03:48:55.956Z] ✅ Found 17 slots for clinic: muneeb 
[2026-04-14T03:53:02.606Z] 🔵 Availability Request: {"clinicId":"4ca4e344-a7c6-473c-b3be-21b90c1ae067","serviceIds":["24484414-7772-4f7f-8d9c-26d45503d5fc"],"providerId":null,"date":"2026-04-14"}
[2026-04-14T03:53:02.607Z] 🔵 Using date: "2026-04-14"
[2026-04-14T03:53:02.791Z] 🔵 Clinic: "muneeb"
[2026-04-14T03:53:02.800Z] 🔵 Total duration: 60
[2026-04-14T03:53:02.803Z] 🔵 Using timezone: "America/New_York"
[2026-04-14T03:53:02.809Z] 🔵 Day of week: "tuesday"
[2026-04-14T03:53:02.810Z] 🔵 Business hours for tuesday: {"open":"09:00","close":"18:00","isOpen":true}
[2026-04-14T03:53:02.810Z] 🔵 All business hours: {"monday":{"open":"09:00","close":"18:00","isOpen":true},"tuesday":{"open":"09:00","close":"18:00","isOpen":true},"wednesday":{"open":"09:00","close":"18:00","isOpen":true},"thursday":{"open":"09:00","close":"18:00","isOpen":true},"friday":{"open":"09:00","close":"18:00","isOpen":true},"saturday":{"open":"09:00","close":"18:00","isOpen":false},"sunday":{"open":"09:00","close":"18:00","isOpen":false}}
[2026-04-14T03:53:02.811Z] ✅ Clinic is open on tuesday from 09:00 to 18:00 
[2026-04-14T03:53:02.868Z] 🔵 Checking availability for 2 providers 
[2026-04-14T03:53:02.947Z] ✅ Found 17 slots for clinic: muneeb 
[2026-04-14T03:53:02.982Z] 🔵 Availability Request: {"clinicId":"4ca4e344-a7c6-473c-b3be-21b90c1ae067","serviceIds":["24484414-7772-4f7f-8d9c-26d45503d5fc"],"providerId":null,"date":"2026-04-14"}
[2026-04-14T03:53:02.982Z] 🔵 Using date: "2026-04-14"
[2026-04-14T03:53:03.024Z] 🔵 Clinic: "muneeb"
[2026-04-14T03:53:03.044Z] 🔵 Total duration: 60
[2026-04-14T03:53:03.044Z] 🔵 Using timezone: "America/New_York"
[2026-04-14T03:53:03.086Z] 🔵 Day of week: "tuesday"
[2026-04-14T03:53:03.088Z] 🔵 Business hours for tuesday: {"open":"09:00","close":"18:00","isOpen":true}
[2026-04-14T03:53:03.090Z] 🔵 All business hours: {"monday":{"open":"09:00","close":"18:00","isOpen":true},"tuesday":{"open":"09:00","close":"18:00","isOpen":true},"wednesday":{"open":"09:00","close":"18:00","isOpen":true},"thursday":{"open":"09:00","close":"18:00","isOpen":true},"friday":{"open":"09:00","close":"18:00","isOpen":true},"saturday":{"open":"09:00","close":"18:00","isOpen":false},"sunday":{"open":"09:00","close":"18:00","isOpen":false}}
[2026-04-14T03:53:03.092Z] ✅ Clinic is open on tuesday from 09:00 to 18:00 
[2026-04-14T03:53:03.112Z] 🔵 Checking availability for 2 providers 
[2026-04-14T03:53:03.150Z] ✅ Found 17 slots for clinic: muneeb 
[2026-04-14T03:53:04.639Z] 🔵 Availability Request: {"clinicId":"4ca4e344-a7c6-473c-b3be-21b90c1ae067","serviceIds":["24484414-7772-4f7f-8d9c-26d45503d5fc"],"providerId":null,"date":"2026-04-16"}
[2026-04-14T03:53:04.640Z] 🔵 Using date: "2026-04-16"
[2026-04-14T03:53:04.650Z] 🔵 Clinic: "muneeb"
[2026-04-14T03:53:04.656Z] 🔵 Total duration: 60
[2026-04-14T03:53:04.656Z] 🔵 Using timezone: "America/New_York"
[2026-04-14T03:53:04.657Z] 🔵 Day of week: "thursday"
[2026-04-14T03:53:04.658Z] 🔵 Business hours for thursday: {"open":"09:00","close":"18:00","isOpen":true}
[2026-04-14T03:53:04.658Z] 🔵 All business hours: {"monday":{"open":"09:00","close":"18:00","isOpen":true},"tuesday":{"open":"09:00","close":"18:00","isOpen":true},"wednesday":{"open":"09:00","close":"18:00","isOpen":true},"thursday":{"open":"09:00","close":"18:00","isOpen":true},"friday":{"open":"09:00","close":"18:00","isOpen":true},"saturday":{"open":"09:00","close":"18:00","isOpen":false},"sunday":{"open":"09:00","close":"18:00","isOpen":false}}
[2026-04-14T03:53:04.659Z] ✅ Clinic is open on thursday from 09:00 to 18:00 
[2026-04-14T03:53:04.674Z] 🔵 Checking availability for 2 providers 
[2026-04-14T03:53:04.699Z] ✅ Found 17 slots for clinic: muneeb 
[2026-04-14T03:54:40.365Z] 🔵 Availability Request: {"clinicId":"4ca4e344-a7c6-473c-b3be-21b90c1ae067","serviceIds":["24484414-7772-4f7f-8d9c-26d45503d5fc"],"providerId":null,"date":"2026-04-14"}
[2026-04-14T03:54:40.406Z] 🔵 Using date: "2026-04-14"
[2026-04-14T03:54:40.492Z] 🔵 Clinic: "muneeb"
[2026-04-14T03:54:40.516Z] 🔵 Total duration: 60
[2026-04-14T03:54:40.533Z] 🔵 Using timezone: "America/New_York"
[2026-04-14T03:54:40.603Z] 🔵 Day of week: "tuesday"
[2026-04-14T03:54:40.608Z] 🔵 Business hours for tuesday: {"open":"09:00","close":"18:00","isOpen":true}
[2026-04-14T03:54:40.609Z] 🔵 All business hours: {"monday":{"open":"09:00","close":"18:00","isOpen":true},"tuesday":{"open":"09:00","close":"18:00","isOpen":true},"wednesday":{"open":"09:00","close":"18:00","isOpen":true},"thursday":{"open":"09:00","close":"18:00","isOpen":true},"friday":{"open":"09:00","close":"18:00","isOpen":true},"saturday":{"open":"09:00","close":"18:00","isOpen":false},"sunday":{"open":"09:00","close":"18:00","isOpen":false}}
[2026-04-14T03:54:40.650Z] ✅ Clinic is open on tuesday from 09:00 to 18:00 
[2026-04-14T03:54:40.731Z] 🔵 Checking availability for 2 providers 
[2026-04-14T03:54:40.866Z] ✅ Found 17 slots for clinic: muneeb 
[2026-04-14T03:54:41.902Z] 🔵 Availability Request: {"clinicId":"4ca4e344-a7c6-473c-b3be-21b90c1ae067","serviceIds":["24484414-7772-4f7f-8d9c-26d45503d5fc"],"providerId":null,"date":"2026-04-18"}
[2026-04-14T03:54:41.909Z] 🔵 Using date: "2026-04-18"
[2026-04-14T03:54:41.935Z] 🔵 Clinic: "muneeb"
[2026-04-14T03:54:41.942Z] 🔵 Total duration: 60
[2026-04-14T03:54:41.943Z] 🔵 Using timezone: "America/New_York"
[2026-04-14T03:54:41.946Z] 🔵 Day of week: "saturday"
[2026-04-14T03:54:41.947Z] 🔵 Business hours for saturday: {"open":"09:00","close":"18:00","isOpen":false}
[2026-04-14T03:54:41.950Z] 🔵 All business hours: {"monday":{"open":"09:00","close":"18:00","isOpen":true},"tuesday":{"open":"09:00","close":"18:00","isOpen":true},"wednesday":{"open":"09:00","close":"18:00","isOpen":true},"thursday":{"open":"09:00","close":"18:00","isOpen":true},"friday":{"open":"09:00","close":"18:00","isOpen":true},"saturday":{"open":"09:00","close":"18:00","isOpen":false},"sunday":{"open":"09:00","close":"18:00","isOpen":false}}
[2026-04-14T03:54:44.440Z] 🔵 Availability Request: {"clinicId":"4ca4e344-a7c6-473c-b3be-21b90c1ae067","serviceIds":["24484414-7772-4f7f-8d9c-26d45503d5fc"],"providerId":null,"date":"2026-04-17"}
[2026-04-14T03:54:44.452Z] 🔵 Using date: "2026-04-17"
[2026-04-14T03:54:44.474Z] 🔵 Clinic: "muneeb"
[2026-04-14T03:54:44.480Z] 🔵 Total duration: 60
[2026-04-14T03:54:44.481Z] 🔵 Using timezone: "America/New_York"
[2026-04-14T03:54:44.484Z] 🔵 Day of week: "friday"
[2026-04-14T03:54:44.485Z] 🔵 Business hours for friday: {"open":"09:00","close":"18:00","isOpen":true}
[2026-04-14T03:54:44.485Z] 🔵 All business hours: {"monday":{"open":"09:00","close":"18:00","isOpen":true},"tuesday":{"open":"09:00","close":"18:00","isOpen":true},"wednesday":{"open":"09:00","close":"18:00","isOpen":true},"thursday":{"open":"09:00","close":"18:00","isOpen":true},"friday":{"open":"09:00","close":"18:00","isOpen":true},"saturday":{"open":"09:00","close":"18:00","isOpen":false},"sunday":{"open":"09:00","close":"18:00","isOpen":false}}
[2026-04-14T03:54:44.488Z] ✅ Clinic is open on friday from 09:00 to 18:00 
[2026-04-14T03:54:44.510Z] 🔵 Checking availability for 2 providers 
[2026-04-14T03:54:44.543Z] ✅ Found 17 slots for clinic: muneeb 
[2026-04-14T05:51:31.840Z] 🔵 Availability Request: {"clinicId":"4ca4e344-a7c6-473c-b3be-21b90c1ae067","serviceIds":["24484414-7772-4f7f-8d9c-26d45503d5fc"],"providerId":null,"date":"2026-04-14"}
[2026-04-14T05:51:32.116Z] 🔵 Using date: "2026-04-14"
[2026-04-14T05:51:32.127Z] 🔵 Clinic: "muneeb"
[2026-04-14T05:51:32.135Z] 🔵 Total duration: 60
[2026-04-14T05:51:32.136Z] 🔵 Using timezone: "America/New_York"
[2026-04-14T05:51:32.144Z] 🔵 Day of week: "tuesday"
[2026-04-14T05:51:32.145Z] 🔵 Business hours for tuesday: {"open":"09:00","close":"18:00","isOpen":true}
[2026-04-14T05:51:32.146Z] 🔵 All business hours: {"monday":{"open":"09:00","close":"18:00","isOpen":true},"tuesday":{"open":"09:00","close":"18:00","isOpen":true},"wednesday":{"open":"09:00","close":"18:00","isOpen":true},"thursday":{"open":"09:00","close":"18:00","isOpen":true},"friday":{"open":"09:00","close":"18:00","isOpen":true},"saturday":{"open":"09:00","close":"18:00","isOpen":false},"sunday":{"open":"09:00","close":"18:00","isOpen":false}}
[2026-04-14T05:51:32.150Z] ✅ Clinic is open on tuesday from 09:00 to 18:00 
[2026-04-14T05:51:32.177Z] 🔵 Checking availability for 2 providers 
[2026-04-14T05:51:32.238Z] ✅ Found 17 slots for clinic: muneeb 
[2026-04-14T05:55:52.434Z] 🔵 Availability Request: {"clinicId":"4ca4e344-a7c6-473c-b3be-21b90c1ae067","serviceIds":["24484414-7772-4f7f-8d9c-26d45503d5fc"],"providerId":null,"date":"2026-04-14"}
[2026-04-14T05:55:52.458Z] 🔵 Using date: "2026-04-14"
[2026-04-14T05:55:52.469Z] 🔵 Clinic: "muneeb"
[2026-04-14T05:55:52.474Z] 🔵 Total duration: 60
[2026-04-14T05:55:52.475Z] 🔵 Using timezone: "America/New_York"
[2026-04-14T05:55:52.481Z] 🔵 Day of week: "tuesday"
[2026-04-14T05:55:52.482Z] 🔵 Business hours for tuesday: {"open":"09:00","close":"18:00","isOpen":true}
[2026-04-14T05:55:52.482Z] 🔵 All business hours: {"monday":{"open":"09:00","close":"18:00","isOpen":true},"tuesday":{"open":"09:00","close":"18:00","isOpen":true},"wednesday":{"open":"09:00","close":"18:00","isOpen":true},"thursday":{"open":"09:00","close":"18:00","isOpen":true},"friday":{"open":"09:00","close":"18:00","isOpen":true},"saturday":{"open":"09:00","close":"18:00","isOpen":false},"sunday":{"open":"09:00","close":"18:00","isOpen":false}}
[2026-04-14T05:55:52.500Z] ✅ Clinic is open on tuesday from 09:00 to 18:00 
[2026-04-14T05:55:52.521Z] 🔵 Checking availability for 2 providers 
[2026-04-14T05:55:52.548Z] ✅ Found 17 slots for clinic: muneeb 
[2026-04-14T05:58:55.785Z] 🔵 Availability Request: {"clinicId":"4ca4e344-a7c6-473c-b3be-21b90c1ae067","serviceIds":["24484414-7772-4f7f-8d9c-26d45503d5fc"],"providerId":null,"date":"2026-04-14"}
[2026-04-14T05:58:55.812Z] 🔵 Using date: "2026-04-14"
[2026-04-14T05:58:55.840Z] 🔵 Clinic: "muneeb"
[2026-04-14T05:58:55.852Z] 🔵 Total duration: 60
[2026-04-14T05:58:55.853Z] 🔵 Using timezone: "America/New_York"
[2026-04-14T05:58:55.866Z] 🔵 Day of week: "tuesday"
[2026-04-14T05:58:55.867Z] 🔵 Business hours for tuesday: {"open":"09:00","close":"18:00","isOpen":true}
[2026-04-14T05:58:55.871Z] 🔵 All business hours: {"monday":{"open":"09:00","close":"18:00","isOpen":true},"tuesday":{"open":"09:00","close":"18:00","isOpen":true},"wednesday":{"open":"09:00","close":"18:00","isOpen":true},"thursday":{"open":"09:00","close":"18:00","isOpen":true},"friday":{"open":"09:00","close":"18:00","isOpen":true},"saturday":{"open":"09:00","close":"18:00","isOpen":false},"sunday":{"open":"09:00","close":"18:00","isOpen":false}}
[2026-04-14T05:58:55.877Z] ✅ Clinic is open on tuesday from 09:00 to 18:00 
[2026-04-14T05:58:55.924Z] 🔵 Checking availability for 2 providers 
[2026-04-14T05:58:56.002Z] ✅ Found 17 slots for clinic: muneeb 
[2026-04-14T06:33:30.438Z] 🔵 Availability Request: {"clinicId":"4ca4e344-a7c6-473c-b3be-21b90c1ae067","serviceIds":["24484414-7772-4f7f-8d9c-26d45503d5fc"],"providerId":null,"date":"2026-04-14"}
[2026-04-14T06:33:30.726Z] 🔵 Using date: "2026-04-14"
[2026-04-14T06:33:30.737Z] 🔵 Clinic: "muneeb"
[2026-04-14T06:33:30.742Z] 🔵 Total duration: 60
[2026-04-14T06:33:30.742Z] 🔵 Using timezone: "America/New_York"
[2026-04-14T06:33:30.793Z] 🔵 Day of week: "tuesday"
[2026-04-14T06:33:30.794Z] 🔵 Business hours for tuesday: {"open":"09:00","close":"18:00","isOpen":true}
[2026-04-14T06:33:30.794Z] 🔵 All business hours: {"monday":{"open":"09:00","close":"18:00","isOpen":true},"tuesday":{"open":"09:00","close":"18:00","isOpen":true},"wednesday":{"open":"09:00","close":"18:00","isOpen":true},"thursday":{"open":"09:00","close":"18:00","isOpen":true},"friday":{"open":"09:00","close":"18:00","isOpen":true},"saturday":{"open":"09:00","close":"18:00","isOpen":false},"sunday":{"open":"09:00","close":"18:00","isOpen":false}}
[2026-04-14T06:33:30.798Z] ✅ Clinic is open on tuesday from 09:00 to 18:00 
[2026-04-14T06:33:30.823Z] 🔵 Checking availability for 2 providers 
[2026-04-14T06:33:30.901Z] ✅ Found 17 slots for clinic: muneeb 
[2026-04-14T09:00:24.305Z] 🔵 Availability Request: {"clinicId":"4ca4e344-a7c6-473c-b3be-21b90c1ae067","serviceIds":["24484414-7772-4f7f-8d9c-26d45503d5fc"],"providerId":null,"date":"2026-04-14"}
[2026-04-14T09:00:24.577Z] 🔵 Using date: "2026-04-14"
[2026-04-14T09:00:24.595Z] 🔵 Clinic: "muneeb"
[2026-04-14T09:00:24.605Z] 🔵 Total duration: 60
[2026-04-14T09:00:24.606Z] 🔵 Using timezone: "America/New_York"
[2026-04-14T09:00:24.614Z] 🔵 Day of week: "tuesday"
[2026-04-14T09:00:24.615Z] 🔵 Business hours for tuesday: {"open":"09:00","close":"18:00","isOpen":true}
[2026-04-14T09:00:24.617Z] 🔵 All business hours: {"monday":{"open":"09:00","close":"18:00","isOpen":true},"tuesday":{"open":"09:00","close":"18:00","isOpen":true},"wednesday":{"open":"09:00","close":"18:00","isOpen":true},"thursday":{"open":"09:00","close":"18:00","isOpen":true},"friday":{"open":"09:00","close":"18:00","isOpen":true},"saturday":{"open":"09:00","close":"18:00","isOpen":false},"sunday":{"open":"09:00","close":"18:00","isOpen":false}}
[2026-04-14T09:00:24.619Z] ✅ Clinic is open on tuesday from 09:00 to 18:00 
[2026-04-14T09:00:24.647Z] 🔵 Checking availability for 3 providers 
[2026-04-14T09:00:24.695Z] ✅ Found 17 slots for clinic: muneeb 
[2026-04-14T09:00:24.709Z] 🔵 Availability Request: {"clinicId":"4ca4e344-a7c6-473c-b3be-21b90c1ae067","serviceIds":["24484414-7772-4f7f-8d9c-26d45503d5fc"],"providerId":null,"date":"2026-04-14"}
[2026-04-14T09:00:24.730Z] 🔵 Using date: "2026-04-14"
[2026-04-14T09:00:24.756Z] 🔵 Clinic: "muneeb"
[2026-04-14T09:00:24.764Z] 🔵 Total duration: 60
[2026-04-14T09:00:24.764Z] 🔵 Using timezone: "America/New_York"
[2026-04-14T09:00:24.766Z] 🔵 Day of week: "tuesday"
[2026-04-14T09:00:24.766Z] 🔵 Business hours for tuesday: {"open":"09:00","close":"18:00","isOpen":true}
[2026-04-14T09:00:24.767Z] 🔵 All business hours: {"monday":{"open":"09:00","close":"18:00","isOpen":true},"tuesday":{"open":"09:00","close":"18:00","isOpen":true},"wednesday":{"open":"09:00","close":"18:00","isOpen":true},"thursday":{"open":"09:00","close":"18:00","isOpen":true},"friday":{"open":"09:00","close":"18:00","isOpen":true},"saturday":{"open":"09:00","close":"18:00","isOpen":false},"sunday":{"open":"09:00","close":"18:00","isOpen":false}}
[2026-04-14T09:00:24.769Z] ✅ Clinic is open on tuesday from 09:00 to 18:00 
[2026-04-14T09:00:24.786Z] 🔵 Checking availability for 3 providers 
[2026-04-14T09:00:24.812Z] ✅ Found 17 slots for clinic: muneeb 
[2026-04-14T15:42:39.793Z] 🔵 Availability Request: {"clinicId":"4ca4e344-a7c6-473c-b3be-21b90c1ae067","serviceIds":["24484414-7772-4f7f-8d9c-26d45503d5fc"],"providerId":null,"date":"2026-04-14"}
[2026-04-14T15:42:39.879Z] 🔵 Using date: "2026-04-14"
[2026-04-14T15:42:39.983Z] 🔵 Clinic: "muneeb"
[2026-04-14T15:42:40.016Z] 🔵 Total duration: 60
[2026-04-14T15:42:40.032Z] 🔵 Using timezone: "America/New_York"
[2026-04-14T15:42:40.123Z] 🔵 Day of week: "tuesday"
[2026-04-14T15:42:40.124Z] 🔵 Business hours for tuesday: {"open":"09:00","close":"18:00","isOpen":true}
[2026-04-14T15:42:40.126Z] 🔵 All business hours: {"monday":{"open":"09:00","close":"18:00","isOpen":true},"tuesday":{"open":"09:00","close":"18:00","isOpen":true},"wednesday":{"open":"09:00","close":"18:00","isOpen":true},"thursday":{"open":"09:00","close":"18:00","isOpen":true},"friday":{"open":"09:00","close":"18:00","isOpen":true},"saturday":{"open":"09:00","close":"18:00","isOpen":false},"sunday":{"open":"09:00","close":"18:00","isOpen":false}}
[2026-04-14T15:42:40.130Z] ✅ Clinic is open on tuesday from 09:00 to 18:00 
[2026-04-14T15:42:40.206Z] ❌ Error in getAvailableSlots: {"query":"SELECT \"User\".\"id\" AS \"User_id\", \"User\".\"email\" AS \"User_email\", \"User\".\"passwordHash\" AS \"User_passwordHash\", \"User\".\"role\" AS \"User_role\", \"User\".\"firstName\" AS \"User_firstName\", \"User\".\"lastName\" AS \"User_lastName\", \"User\".\"phone\" AS \"User_phone\", \"User\".\"profile\" AS \"User_profile\", \"User\".\"profilePictureUrl\" AS \"User_profilePictureUrl\", \"User\".\"lastLoginAt\" AS \"User_lastLoginAt\", \"User\".\"isActive\" AS \"User_isActive\", \"User\".\"monthlyTarget\" AS \"User_monthlyTarget\", \"User\".\"referralCode\" AS \"User_referralCode\", \"User\".\"referredById\" AS \"User_referredById\", \"User\".\"refreshToken\" AS \"User_refreshToken\", \"User\".\"createdAt\" AS \"User_createdAt\", \"User\".\"updatedAt\" AS \"User_updatedAt\", \"User\".\"assignedClinicId\" AS \"User_assignedClinicId\" FROM \"users\" \"User\" WHERE ((((\"User\".\"assignedClinicId\" = $1) AND (\"User\".\"role\" = $2))) OR (((\"User\".\"assignedClinicId\" = $3) AND (\"User\".\"role\" = $4))) OR (((\"User\".\"assignedClinicId\" = $5) AND (\"User\".\"role\" = $6))) OR (((\"User\".\"assignedClinicId\" = $7) AND (\"User\".\"role\" = $8))))","parameters":["4ca4e344-a7c6-473c-b3be-21b90c1ae067","doctor","4ca4e344-a7c6-473c-b3be-21b90c1ae067","clinic_owner","4ca4e344-a7c6-473c-b3be-21b90c1ae067","secretariat","4ca4e344-a7c6-473c-b3be-21b90c1ae067","secretaria"],"driverError":{"length":145,"name":"error","severity":"ERROR","code":"22P02","where":"unnamed portal parameter $8 = '...'","file":"enum.c","line":"128","routine":"enum_in"},"length":145,"severity":"ERROR","code":"22P02","where":"unnamed portal parameter $8 = '...'","file":"enum.c","line":"128","routine":"enum_in"}
[2026-04-14T15:42:41.039Z] 🔵 Availability Request: {"clinicId":"4ca4e344-a7c6-473c-b3be-21b90c1ae067","serviceIds":["24484414-7772-4f7f-8d9c-26d45503d5fc"],"providerId":null,"date":"2026-04-14"}
[2026-04-14T15:42:41.046Z] 🔵 Using date: "2026-04-14"
[2026-04-14T15:42:41.173Z] 🔵 Clinic: "muneeb"
[2026-04-14T15:42:41.186Z] 🔵 Total duration: 60
[2026-04-14T15:42:41.188Z] 🔵 Using timezone: "America/New_York"
[2026-04-14T15:42:41.189Z] 🔵 Day of week: "tuesday"
[2026-04-14T15:42:41.190Z] 🔵 Business hours for tuesday: {"open":"09:00","close":"18:00","isOpen":true}
[2026-04-14T15:42:41.190Z] 🔵 All business hours: {"monday":{"open":"09:00","close":"18:00","isOpen":true},"tuesday":{"open":"09:00","close":"18:00","isOpen":true},"wednesday":{"open":"09:00","close":"18:00","isOpen":true},"thursday":{"open":"09:00","close":"18:00","isOpen":true},"friday":{"open":"09:00","close":"18:00","isOpen":true},"saturday":{"open":"09:00","close":"18:00","isOpen":false},"sunday":{"open":"09:00","close":"18:00","isOpen":false}}
[2026-04-14T15:42:41.192Z] ✅ Clinic is open on tuesday from 09:00 to 18:00 
[2026-04-14T15:42:41.205Z] ❌ Error in getAvailableSlots: {"query":"SELECT \"User\".\"id\" AS \"User_id\", \"User\".\"email\" AS \"User_email\", \"User\".\"passwordHash\" AS \"User_passwordHash\", \"User\".\"role\" AS \"User_role\", \"User\".\"firstName\" AS \"User_firstName\", \"User\".\"lastName\" AS \"User_lastName\", \"User\".\"phone\" AS \"User_phone\", \"User\".\"profile\" AS \"User_profile\", \"User\".\"profilePictureUrl\" AS \"User_profilePictureUrl\", \"User\".\"lastLoginAt\" AS \"User_lastLoginAt\", \"User\".\"isActive\" AS \"User_isActive\", \"User\".\"monthlyTarget\" AS \"User_monthlyTarget\", \"User\".\"referralCode\" AS \"User_referralCode\", \"User\".\"referredById\" AS \"User_referredById\", \"User\".\"refreshToken\" AS \"User_refreshToken\", \"User\".\"createdAt\" AS \"User_createdAt\", \"User\".\"updatedAt\" AS \"User_updatedAt\", \"User\".\"assignedClinicId\" AS \"User_assignedClinicId\" FROM \"users\" \"User\" WHERE ((((\"User\".\"assignedClinicId\" = $1) AND (\"User\".\"role\" = $2))) OR (((\"User\".\"assignedClinicId\" = $3) AND (\"User\".\"role\" = $4))) OR (((\"User\".\"assignedClinicId\" = $5) AND (\"User\".\"role\" = $6))) OR (((\"User\".\"assignedClinicId\" = $7) AND (\"User\".\"role\" = $8))))","parameters":["4ca4e344-a7c6-473c-b3be-21b90c1ae067","doctor","4ca4e344-a7c6-473c-b3be-21b90c1ae067","clinic_owner","4ca4e344-a7c6-473c-b3be-21b90c1ae067","secretariat","4ca4e344-a7c6-473c-b3be-21b90c1ae067","secretaria"],"driverError":{"length":145,"name":"error","severity":"ERROR","code":"22P02","where":"unnamed portal parameter $8 = '...'","file":"enum.c","line":"128","routine":"enum_in"},"length":145,"severity":"ERROR","code":"22P02","where":"unnamed portal parameter $8 = '...'","file":"enum.c","line":"128","routine":"enum_in"}
[2026-04-14T15:42:46.142Z] 🔵 Availability Request: {"clinicId":"4ca4e344-a7c6-473c-b3be-21b90c1ae067","serviceIds":["24484414-7772-4f7f-8d9c-26d45503d5fc"],"providerId":null,"date":"2026-04-15"}
[2026-04-14T15:42:46.143Z] 🔵 Using date: "2026-04-15"
[2026-04-14T15:42:46.184Z] 🔵 Clinic: "muneeb"
[2026-04-14T15:42:46.203Z] 🔵 Total duration: 60
[2026-04-14T15:42:46.205Z] 🔵 Using timezone: "America/New_York"
[2026-04-14T15:42:46.230Z] 🔵 Day of week: "wednesday"
[2026-04-14T15:42:46.231Z] 🔵 Business hours for wednesday: {"open":"09:00","close":"18:00","isOpen":true}
[2026-04-14T15:42:46.245Z] 🔵 All business hours: {"monday":{"open":"09:00","close":"18:00","isOpen":true},"tuesday":{"open":"09:00","close":"18:00","isOpen":true},"wednesday":{"open":"09:00","close":"18:00","isOpen":true},"thursday":{"open":"09:00","close":"18:00","isOpen":true},"friday":{"open":"09:00","close":"18:00","isOpen":true},"saturday":{"open":"09:00","close":"18:00","isOpen":false},"sunday":{"open":"09:00","close":"18:00","isOpen":false}}
[2026-04-14T15:42:46.246Z] ✅ Clinic is open on wednesday from 09:00 to 18:00 
[2026-04-14T15:42:46.282Z] ❌ Error in getAvailableSlots: {"query":"SELECT \"User\".\"id\" AS \"User_id\", \"User\".\"email\" AS \"User_email\", \"User\".\"passwordHash\" AS \"User_passwordHash\", \"User\".\"role\" AS \"User_role\", \"User\".\"firstName\" AS \"User_firstName\", \"User\".\"lastName\" AS \"User_lastName\", \"User\".\"phone\" AS \"User_phone\", \"User\".\"profile\" AS \"User_profile\", \"User\".\"profilePictureUrl\" AS \"User_profilePictureUrl\", \"User\".\"lastLoginAt\" AS \"User_lastLoginAt\", \"User\".\"isActive\" AS \"User_isActive\", \"User\".\"monthlyTarget\" AS \"User_monthlyTarget\", \"User\".\"referralCode\" AS \"User_referralCode\", \"User\".\"referredById\" AS \"User_referredById\", \"User\".\"refreshToken\" AS \"User_refreshToken\", \"User\".\"createdAt\" AS \"User_createdAt\", \"User\".\"updatedAt\" AS \"User_updatedAt\", \"User\".\"assignedClinicId\" AS \"User_assignedClinicId\" FROM \"users\" \"User\" WHERE ((((\"User\".\"assignedClinicId\" = $1) AND (\"User\".\"role\" = $2))) OR (((\"User\".\"assignedClinicId\" = $3) AND (\"User\".\"role\" = $4))) OR (((\"User\".\"assignedClinicId\" = $5) AND (\"User\".\"role\" = $6))) OR (((\"User\".\"assignedClinicId\" = $7) AND (\"User\".\"role\" = $8))))","parameters":["4ca4e344-a7c6-473c-b3be-21b90c1ae067","doctor","4ca4e344-a7c6-473c-b3be-21b90c1ae067","clinic_owner","4ca4e344-a7c6-473c-b3be-21b90c1ae067","secretariat","4ca4e344-a7c6-473c-b3be-21b90c1ae067","secretaria"],"driverError":{"length":145,"name":"error","severity":"ERROR","code":"22P02","where":"unnamed portal parameter $8 = '...'","file":"enum.c","line":"128","routine":"enum_in"},"length":145,"severity":"ERROR","code":"22P02","where":"unnamed portal parameter $8 = '...'","file":"enum.c","line":"128","routine":"enum_in"}
[2026-04-14T15:42:57.964Z] 🔵 Availability Request: {"clinicId":"1f0c099e-663f-462a-bd8d-b90ad71cbb01","serviceIds":["7f3c5ca1-1704-4f54-b909-f1532dd200b0"],"providerId":null,"date":"2026-04-14"}
[2026-04-14T15:42:57.965Z] 🔵 Using date: "2026-04-14"
[2026-04-14T15:42:58.040Z] 🔵 Clinic: "ehsan clinic"
[2026-04-14T15:42:58.071Z] 🔵 Total duration: 60
[2026-04-14T15:42:58.072Z] 🔵 Using timezone: "America/New_York"
[2026-04-14T15:42:58.074Z] 🔵 Day of week: "tuesday"
[2026-04-14T15:42:58.084Z] 🔵 Business hours for tuesday: {"open":"09:00","close":"17:00","isOpen":true}
[2026-04-14T15:42:58.101Z] 🔵 All business hours: {"monday":{"open":"09:00","close":"17:00","isOpen":true},"tuesday":{"open":"09:00","close":"17:00","isOpen":true},"wednesday":{"open":"09:00","close":"17:00","isOpen":true},"thursday":{"open":"09:00","close":"17:00","isOpen":true},"friday":{"open":"09:00","close":"17:00","isOpen":true},"saturday":{"open":"10:00","close":"15:00","isOpen":true},"sunday":{"open":"10:00","close":"15:00","isOpen":false}}
[2026-04-14T15:42:58.169Z] ✅ Clinic is open on tuesday from 09:00 to 17:00 
[2026-04-14T15:42:58.202Z] ❌ Error in getAvailableSlots: {"query":"SELECT \"User\".\"id\" AS \"User_id\", \"User\".\"email\" AS \"User_email\", \"User\".\"passwordHash\" AS \"User_passwordHash\", \"User\".\"role\" AS \"User_role\", \"User\".\"firstName\" AS \"User_firstName\", \"User\".\"lastName\" AS \"User_lastName\", \"User\".\"phone\" AS \"User_phone\", \"User\".\"profile\" AS \"User_profile\", \"User\".\"profilePictureUrl\" AS \"User_profilePictureUrl\", \"User\".\"lastLoginAt\" AS \"User_lastLoginAt\", \"User\".\"isActive\" AS \"User_isActive\", \"User\".\"monthlyTarget\" AS \"User_monthlyTarget\", \"User\".\"referralCode\" AS \"User_referralCode\", \"User\".\"referredById\" AS \"User_referredById\", \"User\".\"refreshToken\" AS \"User_refreshToken\", \"User\".\"createdAt\" AS \"User_createdAt\", \"User\".\"updatedAt\" AS \"User_updatedAt\", \"User\".\"assignedClinicId\" AS \"User_assignedClinicId\" FROM \"users\" \"User\" WHERE ((((\"User\".\"assignedClinicId\" = $1) AND (\"User\".\"role\" = $2))) OR (((\"User\".\"assignedClinicId\" = $3) AND (\"User\".\"role\" = $4))) OR (((\"User\".\"assignedClinicId\" = $5) AND (\"User\".\"role\" = $6))) OR (((\"User\".\"assignedClinicId\" = $7) AND (\"User\".\"role\" = $8))))","parameters":["1f0c099e-663f-462a-bd8d-b90ad71cbb01","doctor","1f0c099e-663f-462a-bd8d-b90ad71cbb01","clinic_owner","1f0c099e-663f-462a-bd8d-b90ad71cbb01","secretariat","1f0c099e-663f-462a-bd8d-b90ad71cbb01","secretaria"],"driverError":{"length":145,"name":"error","severity":"ERROR","code":"22P02","where":"unnamed portal parameter $8 = '...'","file":"enum.c","line":"128","routine":"enum_in"},"length":145,"severity":"ERROR","code":"22P02","where":"unnamed portal parameter $8 = '...'","file":"enum.c","line":"128","routine":"enum_in"}
[2026-04-14T15:43:05.493Z] 🔵 Availability Request: {"clinicId":"1f0c099e-663f-462a-bd8d-b90ad71cbb01","serviceIds":["7f3c5ca1-1704-4f54-b909-f1532dd200b0"],"providerId":null,"date":"2026-04-14"}
[2026-04-14T15:43:05.498Z] 🔵 Using date: "2026-04-14"
[2026-04-14T15:43:05.514Z] 🔵 Clinic: "ehsan clinic"
[2026-04-14T15:43:05.527Z] 🔵 Total duration: 60
[2026-04-14T15:43:05.528Z] 🔵 Using timezone: "America/New_York"
[2026-04-14T15:43:05.530Z] 🔵 Day of week: "tuesday"
[2026-04-14T15:43:05.533Z] 🔵 Business hours for tuesday: {"open":"09:00","close":"17:00","isOpen":true}
[2026-04-14T15:43:05.542Z] 🔵 All business hours: {"monday":{"open":"09:00","close":"17:00","isOpen":true},"tuesday":{"open":"09:00","close":"17:00","isOpen":true},"wednesday":{"open":"09:00","close":"17:00","isOpen":true},"thursday":{"open":"09:00","close":"17:00","isOpen":true},"friday":{"open":"09:00","close":"17:00","isOpen":true},"saturday":{"open":"10:00","close":"15:00","isOpen":true},"sunday":{"open":"10:00","close":"15:00","isOpen":false}}
[2026-04-14T15:43:05.549Z] ✅ Clinic is open on tuesday from 09:00 to 17:00 
[2026-04-14T15:43:05.571Z] ❌ Error in getAvailableSlots: {"query":"SELECT \"User\".\"id\" AS \"User_id\", \"User\".\"email\" AS \"User_email\", \"User\".\"passwordHash\" AS \"User_passwordHash\", \"User\".\"role\" AS \"User_role\", \"User\".\"firstName\" AS \"User_firstName\", \"User\".\"lastName\" AS \"User_lastName\", \"User\".\"phone\" AS \"User_phone\", \"User\".\"profile\" AS \"User_profile\", \"User\".\"profilePictureUrl\" AS \"User_profilePictureUrl\", \"User\".\"lastLoginAt\" AS \"User_lastLoginAt\", \"User\".\"isActive\" AS \"User_isActive\", \"User\".\"monthlyTarget\" AS \"User_monthlyTarget\", \"User\".\"referralCode\" AS \"User_referralCode\", \"User\".\"referredById\" AS \"User_referredById\", \"User\".\"refreshToken\" AS \"User_refreshToken\", \"User\".\"createdAt\" AS \"User_createdAt\", \"User\".\"updatedAt\" AS \"User_updatedAt\", \"User\".\"assignedClinicId\" AS \"User_assignedClinicId\" FROM \"users\" \"User\" WHERE ((((\"User\".\"assignedClinicId\" = $1) AND (\"User\".\"role\" = $2))) OR (((\"User\".\"assignedClinicId\" = $3) AND (\"User\".\"role\" = $4))) OR (((\"User\".\"assignedClinicId\" = $5) AND (\"User\".\"role\" = $6))) OR (((\"User\".\"assignedClinicId\" = $7) AND (\"User\".\"role\" = $8))))","parameters":["1f0c099e-663f-462a-bd8d-b90ad71cbb01","doctor","1f0c099e-663f-462a-bd8d-b90ad71cbb01","clinic_owner","1f0c099e-663f-462a-bd8d-b90ad71cbb01","secretariat","1f0c099e-663f-462a-bd8d-b90ad71cbb01","secretaria"],"driverError":{"length":145,"name":"error","severity":"ERROR","code":"22P02","where":"unnamed portal parameter $8 = '...'","file":"enum.c","line":"128","routine":"enum_in"},"length":145,"severity":"ERROR","code":"22P02","where":"unnamed portal parameter $8 = '...'","file":"enum.c","line":"128","routine":"enum_in"}
[2026-04-14T15:43:14.179Z] 🔵 Availability Request: {"clinicId":"1f0c099e-663f-462a-bd8d-b90ad71cbb01","serviceIds":["7f3c5ca1-1704-4f54-b909-f1532dd200b0"],"providerId":null,"date":"2026-04-14"}
[2026-04-14T15:43:14.180Z] 🔵 Using date: "2026-04-14"
[2026-04-14T15:43:14.243Z] 🔵 Clinic: "ehsan clinic"
[2026-04-14T15:43:14.249Z] 🔵 Total duration: 60
[2026-04-14T15:43:14.249Z] 🔵 Using timezone: "America/New_York"
[2026-04-14T15:43:14.252Z] 🔵 Day of week: "tuesday"
[2026-04-14T15:43:14.253Z] 🔵 Business hours for tuesday: {"open":"09:00","close":"17:00","isOpen":true}
[2026-04-14T15:43:14.254Z] 🔵 All business hours: {"monday":{"open":"09:00","close":"17:00","isOpen":true},"tuesday":{"open":"09:00","close":"17:00","isOpen":true},"wednesday":{"open":"09:00","close":"17:00","isOpen":true},"thursday":{"open":"09:00","close":"17:00","isOpen":true},"friday":{"open":"09:00","close":"17:00","isOpen":true},"saturday":{"open":"10:00","close":"15:00","isOpen":true},"sunday":{"open":"10:00","close":"15:00","isOpen":false}}
[2026-04-14T15:43:14.258Z] ✅ Clinic is open on tuesday from 09:00 to 17:00 
[2026-04-14T15:43:14.275Z] ❌ Error in getAvailableSlots: {"query":"SELECT \"User\".\"id\" AS \"User_id\", \"User\".\"email\" AS \"User_email\", \"User\".\"passwordHash\" AS \"User_passwordHash\", \"User\".\"role\" AS \"User_role\", \"User\".\"firstName\" AS \"User_firstName\", \"User\".\"lastName\" AS \"User_lastName\", \"User\".\"phone\" AS \"User_phone\", \"User\".\"profile\" AS \"User_profile\", \"User\".\"profilePictureUrl\" AS \"User_profilePictureUrl\", \"User\".\"lastLoginAt\" AS \"User_lastLoginAt\", \"User\".\"isActive\" AS \"User_isActive\", \"User\".\"monthlyTarget\" AS \"User_monthlyTarget\", \"User\".\"referralCode\" AS \"User_referralCode\", \"User\".\"referredById\" AS \"User_referredById\", \"User\".\"refreshToken\" AS \"User_refreshToken\", \"User\".\"createdAt\" AS \"User_createdAt\", \"User\".\"updatedAt\" AS \"User_updatedAt\", \"User\".\"assignedClinicId\" AS \"User_assignedClinicId\" FROM \"users\" \"User\" WHERE ((((\"User\".\"assignedClinicId\" = $1) AND (\"User\".\"role\" = $2))) OR (((\"User\".\"assignedClinicId\" = $3) AND (\"User\".\"role\" = $4))) OR (((\"User\".\"assignedClinicId\" = $5) AND (\"User\".\"role\" = $6))) OR (((\"User\".\"assignedClinicId\" = $7) AND (\"User\".\"role\" = $8))))","parameters":["1f0c099e-663f-462a-bd8d-b90ad71cbb01","doctor","1f0c099e-663f-462a-bd8d-b90ad71cbb01","clinic_owner","1f0c099e-663f-462a-bd8d-b90ad71cbb01","secretariat","1f0c099e-663f-462a-bd8d-b90ad71cbb01","secretaria"],"driverError":{"length":145,"name":"error","severity":"ERROR","code":"22P02","where":"unnamed portal parameter $8 = '...'","file":"enum.c","line":"128","routine":"enum_in"},"length":145,"severity":"ERROR","code":"22P02","where":"unnamed portal parameter $8 = '...'","file":"enum.c","line":"128","routine":"enum_in"}
[2026-04-14T15:43:28.119Z] 🔵 Availability Request: {"clinicId":"1f0c099e-663f-462a-bd8d-b90ad71cbb01","serviceIds":["7f3c5ca1-1704-4f54-b909-f1532dd200b0"],"providerId":null,"date":"2026-04-14"}
[2026-04-14T15:43:28.120Z] 🔵 Using date: "2026-04-14"
[2026-04-14T15:43:28.145Z] 🔵 Clinic: "ehsan clinic"
[2026-04-14T15:43:28.151Z] 🔵 Total duration: 60
[2026-04-14T15:43:28.152Z] 🔵 Using timezone: "America/New_York"
[2026-04-14T15:43:28.153Z] 🔵 Day of week: "tuesday"
[2026-04-14T15:43:28.158Z] 🔵 Business hours for tuesday: {"open":"09:00","close":"17:00","isOpen":true}
[2026-04-14T15:43:28.161Z] 🔵 All business hours: {"monday":{"open":"09:00","close":"17:00","isOpen":true},"tuesday":{"open":"09:00","close":"17:00","isOpen":true},"wednesday":{"open":"09:00","close":"17:00","isOpen":true},"thursday":{"open":"09:00","close":"17:00","isOpen":true},"friday":{"open":"09:00","close":"17:00","isOpen":true},"saturday":{"open":"10:00","close":"15:00","isOpen":true},"sunday":{"open":"10:00","close":"15:00","isOpen":false}}
[2026-04-14T15:43:28.162Z] ✅ Clinic is open on tuesday from 09:00 to 17:00 
[2026-04-14T15:43:28.175Z] ❌ Error in getAvailableSlots: {"query":"SELECT \"User\".\"id\" AS \"User_id\", \"User\".\"email\" AS \"User_email\", \"User\".\"passwordHash\" AS \"User_passwordHash\", \"User\".\"role\" AS \"User_role\", \"User\".\"firstName\" AS \"User_firstName\", \"User\".\"lastName\" AS \"User_lastName\", \"User\".\"phone\" AS \"User_phone\", \"User\".\"profile\" AS \"User_profile\", \"User\".\"profilePictureUrl\" AS \"User_profilePictureUrl\", \"User\".\"lastLoginAt\" AS \"User_lastLoginAt\", \"User\".\"isActive\" AS \"User_isActive\", \"User\".\"monthlyTarget\" AS \"User_monthlyTarget\", \"User\".\"referralCode\" AS \"User_referralCode\", \"User\".\"referredById\" AS \"User_referredById\", \"User\".\"refreshToken\" AS \"User_refreshToken\", \"User\".\"createdAt\" AS \"User_createdAt\", \"User\".\"updatedAt\" AS \"User_updatedAt\", \"User\".\"assignedClinicId\" AS \"User_assignedClinicId\" FROM \"users\" \"User\" WHERE ((((\"User\".\"assignedClinicId\" = $1) AND (\"User\".\"role\" = $2))) OR (((\"User\".\"assignedClinicId\" = $3) AND (\"User\".\"role\" = $4))) OR (((\"User\".\"assignedClinicId\" = $5) AND (\"User\".\"role\" = $6))) OR (((\"User\".\"assignedClinicId\" = $7) AND (\"User\".\"role\" = $8))))","parameters":["1f0c099e-663f-462a-bd8d-b90ad71cbb01","doctor","1f0c099e-663f-462a-bd8d-b90ad71cbb01","clinic_owner","1f0c099e-663f-462a-bd8d-b90ad71cbb01","secretariat","1f0c099e-663f-462a-bd8d-b90ad71cbb01","secretaria"],"driverError":{"length":145,"name":"error","severity":"ERROR","code":"22P02","where":"unnamed portal parameter $8 = '...'","file":"enum.c","line":"128","routine":"enum_in"},"length":145,"severity":"ERROR","code":"22P02","where":"unnamed portal parameter $8 = '...'","file":"enum.c","line":"128","routine":"enum_in"}
[2026-04-14T15:47:01.632Z] 🔵 Availability Request: {"clinicId":"4ca4e344-a7c6-473c-b3be-21b90c1ae067","serviceIds":["24484414-7772-4f7f-8d9c-26d45503d5fc"],"providerId":null,"date":"2026-04-14"}
[2026-04-14T15:47:01.633Z] 🔵 Using date: "2026-04-14"
[2026-04-14T15:47:01.644Z] 🔵 Clinic: "muneeb"
[2026-04-14T15:47:01.661Z] 🔵 Total duration: 60
[2026-04-14T15:47:01.664Z] 🔵 Using timezone: "America/New_York"
[2026-04-14T15:47:01.675Z] 🔵 Day of week: "tuesday"
[2026-04-14T15:47:01.679Z] 🔵 Business hours for tuesday: {"open":"09:00","close":"18:00","isOpen":true}
[2026-04-14T15:47:01.680Z] 🔵 All business hours: {"monday":{"open":"09:00","close":"18:00","isOpen":true},"tuesday":{"open":"09:00","close":"18:00","isOpen":true},"wednesday":{"open":"09:00","close":"18:00","isOpen":true},"thursday":{"open":"09:00","close":"18:00","isOpen":true},"friday":{"open":"09:00","close":"18:00","isOpen":true},"saturday":{"open":"09:00","close":"18:00","isOpen":false},"sunday":{"open":"09:00","close":"18:00","isOpen":false}}
[2026-04-14T15:47:01.681Z] ✅ Clinic is open on tuesday from 09:00 to 18:00 
[2026-04-14T15:47:01.718Z] ❌ Error in getAvailableSlots: {"query":"SELECT \"User\".\"id\" AS \"User_id\", \"User\".\"email\" AS \"User_email\", \"User\".\"passwordHash\" AS \"User_passwordHash\", \"User\".\"role\" AS \"User_role\", \"User\".\"firstName\" AS \"User_firstName\", \"User\".\"lastName\" AS \"User_lastName\", \"User\".\"phone\" AS \"User_phone\", \"User\".\"profile\" AS \"User_profile\", \"User\".\"profilePictureUrl\" AS \"User_profilePictureUrl\", \"User\".\"lastLoginAt\" AS \"User_lastLoginAt\", \"User\".\"isActive\" AS \"User_isActive\", \"User\".\"monthlyTarget\" AS \"User_monthlyTarget\", \"User\".\"referralCode\" AS \"User_referralCode\", \"User\".\"referredById\" AS \"User_referredById\", \"User\".\"refreshToken\" AS \"User_refreshToken\", \"User\".\"createdAt\" AS \"User_createdAt\", \"User\".\"updatedAt\" AS \"User_updatedAt\", \"User\".\"assignedClinicId\" AS \"User_assignedClinicId\" FROM \"users\" \"User\" WHERE ((((\"User\".\"assignedClinicId\" = $1) AND (\"User\".\"role\" = $2))) OR (((\"User\".\"assignedClinicId\" = $3) AND (\"User\".\"role\" = $4))) OR (((\"User\".\"assignedClinicId\" = $5) AND (\"User\".\"role\" = $6))) OR (((\"User\".\"assignedClinicId\" = $7) AND (\"User\".\"role\" = $8))))","parameters":["4ca4e344-a7c6-473c-b3be-21b90c1ae067","doctor","4ca4e344-a7c6-473c-b3be-21b90c1ae067","clinic_owner","4ca4e344-a7c6-473c-b3be-21b90c1ae067","secretariat","4ca4e344-a7c6-473c-b3be-21b90c1ae067","secretaria"],"driverError":{"length":145,"name":"error","severity":"ERROR","code":"22P02","where":"unnamed portal parameter $8 = '...'","file":"enum.c","line":"128","routine":"enum_in"},"length":145,"severity":"ERROR","code":"22P02","where":"unnamed portal parameter $8 = '...'","file":"enum.c","line":"128","routine":"enum_in"}
[2026-04-14T15:48:07.552Z] 🔵 Availability Request: {"clinicId":"4ca4e344-a7c6-473c-b3be-21b90c1ae067","serviceIds":["24484414-7772-4f7f-8d9c-26d45503d5fc"],"providerId":null,"date":"2026-04-14"}
[2026-04-14T15:48:07.553Z] 🔵 Using date: "2026-04-14"
[2026-04-14T15:48:07.585Z] 🔵 Clinic: "muneeb"
[2026-04-14T15:48:07.605Z] 🔵 Total duration: 60
[2026-04-14T15:48:07.607Z] 🔵 Using timezone: "America/New_York"
[2026-04-14T15:48:07.616Z] 🔵 Day of week: "tuesday"
[2026-04-14T15:48:07.617Z] 🔵 Business hours for tuesday: {"open":"09:00","close":"18:00","isOpen":true}
[2026-04-14T15:48:07.618Z] 🔵 All business hours: {"monday":{"open":"09:00","close":"18:00","isOpen":true},"tuesday":{"open":"09:00","close":"18:00","isOpen":true},"wednesday":{"open":"09:00","close":"18:00","isOpen":true},"thursday":{"open":"09:00","close":"18:00","isOpen":true},"friday":{"open":"09:00","close":"18:00","isOpen":true},"saturday":{"open":"09:00","close":"18:00","isOpen":false},"sunday":{"open":"09:00","close":"18:00","isOpen":false}}
[2026-04-14T15:48:07.618Z] ✅ Clinic is open on tuesday from 09:00 to 18:00 
[2026-04-14T15:48:07.631Z] ❌ Error in getAvailableSlots: {"query":"SELECT \"User\".\"id\" AS \"User_id\", \"User\".\"email\" AS \"User_email\", \"User\".\"passwordHash\" AS \"User_passwordHash\", \"User\".\"role\" AS \"User_role\", \"User\".\"firstName\" AS \"User_firstName\", \"User\".\"lastName\" AS \"User_lastName\", \"User\".\"phone\" AS \"User_phone\", \"User\".\"profile\" AS \"User_profile\", \"User\".\"profilePictureUrl\" AS \"User_profilePictureUrl\", \"User\".\"lastLoginAt\" AS \"User_lastLoginAt\", \"User\".\"isActive\" AS \"User_isActive\", \"User\".\"monthlyTarget\" AS \"User_monthlyTarget\", \"User\".\"referralCode\" AS \"User_referralCode\", \"User\".\"referredById\" AS \"User_referredById\", \"User\".\"refreshToken\" AS \"User_refreshToken\", \"User\".\"createdAt\" AS \"User_createdAt\", \"User\".\"updatedAt\" AS \"User_updatedAt\", \"User\".\"assignedClinicId\" AS \"User_assignedClinicId\" FROM \"users\" \"User\" WHERE ((((\"User\".\"assignedClinicId\" = $1) AND (\"User\".\"role\" = $2))) OR (((\"User\".\"assignedClinicId\" = $3) AND (\"User\".\"role\" = $4))) OR (((\"User\".\"assignedClinicId\" = $5) AND (\"User\".\"role\" = $6))) OR (((\"User\".\"assignedClinicId\" = $7) AND (\"User\".\"role\" = $8))))","parameters":["4ca4e344-a7c6-473c-b3be-21b90c1ae067","doctor","4ca4e344-a7c6-473c-b3be-21b90c1ae067","clinic_owner","4ca4e344-a7c6-473c-b3be-21b90c1ae067","secretariat","4ca4e344-a7c6-473c-b3be-21b90c1ae067","secretaria"],"driverError":{"length":145,"name":"error","severity":"ERROR","code":"22P02","where":"unnamed portal parameter $8 = '...'","file":"enum.c","line":"128","routine":"enum_in"},"length":145,"severity":"ERROR","code":"22P02","where":"unnamed portal parameter $8 = '...'","file":"enum.c","line":"128","routine":"enum_in"}
[2026-04-14T16:05:17.937Z] 🔵 Availability Request: {"clinicId":"4ca4e344-a7c6-473c-b3be-21b90c1ae067","serviceIds":["24484414-7772-4f7f-8d9c-26d45503d5fc"],"providerId":null,"date":"2026-04-14"}
[2026-04-14T16:05:17.946Z] 🔵 Using date: "2026-04-14"
[2026-04-14T16:05:18.002Z] 🔵 Clinic: "muneeb"
[2026-04-14T16:05:18.012Z] 🔵 Total duration: 60
[2026-04-14T16:05:18.013Z] 🔵 Using timezone: "America/New_York"
[2026-04-14T16:05:18.015Z] 🔵 Day of week: "tuesday"
[2026-04-14T16:05:18.016Z] 🔵 Business hours for tuesday: {"open":"09:00","close":"23:00","isOpen":true}
[2026-04-14T16:05:18.016Z] 🔵 All business hours: {"monday":{"open":"09:00","close":"23:00","isOpen":true},"tuesday":{"open":"09:00","close":"23:00","isOpen":true},"wednesday":{"open":"09:00","close":"23:00","isOpen":true},"thursday":{"open":"09:00","close":"23:00","isOpen":true},"friday":{"open":"09:00","close":"23:00","isOpen":true},"saturday":{"open":"09:00","close":"18:00","isOpen":false},"sunday":{"open":"09:00","close":"18:00","isOpen":false}}
[2026-04-14T16:05:18.018Z] ✅ Clinic is open on tuesday from 09:00 to 23:00 
[2026-04-14T16:05:18.029Z] ❌ Error in getAvailableSlots: {"query":"SELECT \"User\".\"id\" AS \"User_id\", \"User\".\"email\" AS \"User_email\", \"User\".\"passwordHash\" AS \"User_passwordHash\", \"User\".\"role\" AS \"User_role\", \"User\".\"firstName\" AS \"User_firstName\", \"User\".\"lastName\" AS \"User_lastName\", \"User\".\"phone\" AS \"User_phone\", \"User\".\"profile\" AS \"User_profile\", \"User\".\"profilePictureUrl\" AS \"User_profilePictureUrl\", \"User\".\"lastLoginAt\" AS \"User_lastLoginAt\", \"User\".\"isActive\" AS \"User_isActive\", \"User\".\"monthlyTarget\" AS \"User_monthlyTarget\", \"User\".\"referralCode\" AS \"User_referralCode\", \"User\".\"referredById\" AS \"User_referredById\", \"User\".\"refreshToken\" AS \"User_refreshToken\", \"User\".\"createdAt\" AS \"User_createdAt\", \"User\".\"updatedAt\" AS \"User_updatedAt\", \"User\".\"assignedClinicId\" AS \"User_assignedClinicId\" FROM \"users\" \"User\" WHERE ((((\"User\".\"assignedClinicId\" = $1) AND (\"User\".\"role\" = $2))) OR (((\"User\".\"assignedClinicId\" = $3) AND (\"User\".\"role\" = $4))) OR (((\"User\".\"assignedClinicId\" = $5) AND (\"User\".\"role\" = $6))) OR (((\"User\".\"assignedClinicId\" = $7) AND (\"User\".\"role\" = $8))))","parameters":["4ca4e344-a7c6-473c-b3be-21b90c1ae067","doctor","4ca4e344-a7c6-473c-b3be-21b90c1ae067","clinic_owner","4ca4e344-a7c6-473c-b3be-21b90c1ae067","secretariat","4ca4e344-a7c6-473c-b3be-21b90c1ae067","secretaria"],"driverError":{"length":145,"name":"error","severity":"ERROR","code":"22P02","where":"unnamed portal parameter $8 = '...'","file":"enum.c","line":"128","routine":"enum_in"},"length":145,"severity":"ERROR","code":"22P02","where":"unnamed portal parameter $8 = '...'","file":"enum.c","line":"128","routine":"enum_in"}
[2026-04-14T16:05:18.054Z] 🔵 Availability Request: {"clinicId":"4ca4e344-a7c6-473c-b3be-21b90c1ae067","serviceIds":["24484414-7772-4f7f-8d9c-26d45503d5fc"],"providerId":null,"date":"2026-04-14"}
[2026-04-14T16:05:18.055Z] 🔵 Using date: "2026-04-14"
[2026-04-14T16:05:18.064Z] 🔵 Clinic: "muneeb"
[2026-04-14T16:05:18.068Z] 🔵 Total duration: 60
[2026-04-14T16:05:18.068Z] 🔵 Using timezone: "America/New_York"
[2026-04-14T16:05:18.069Z] 🔵 Day of week: "tuesday"
[2026-04-14T16:05:18.070Z] 🔵 Business hours for tuesday: {"open":"09:00","close":"23:00","isOpen":true}
[2026-04-14T16:05:18.070Z] 🔵 All business hours: {"monday":{"open":"09:00","close":"23:00","isOpen":true},"tuesday":{"open":"09:00","close":"23:00","isOpen":true},"wednesday":{"open":"09:00","close":"23:00","isOpen":true},"thursday":{"open":"09:00","close":"23:00","isOpen":true},"friday":{"open":"09:00","close":"23:00","isOpen":true},"saturday":{"open":"09:00","close":"18:00","isOpen":false},"sunday":{"open":"09:00","close":"18:00","isOpen":false}}
[2026-04-14T16:05:18.071Z] ✅ Clinic is open on tuesday from 09:00 to 23:00 
[2026-04-14T16:05:18.078Z] ❌ Error in getAvailableSlots: {"query":"SELECT \"User\".\"id\" AS \"User_id\", \"User\".\"email\" AS \"User_email\", \"User\".\"passwordHash\" AS \"User_passwordHash\", \"User\".\"role\" AS \"User_role\", \"User\".\"firstName\" AS \"User_firstName\", \"User\".\"lastName\" AS \"User_lastName\", \"User\".\"phone\" AS \"User_phone\", \"User\".\"profile\" AS \"User_profile\", \"User\".\"profilePictureUrl\" AS \"User_profilePictureUrl\", \"User\".\"lastLoginAt\" AS \"User_lastLoginAt\", \"User\".\"isActive\" AS \"User_isActive\", \"User\".\"monthlyTarget\" AS \"User_monthlyTarget\", \"User\".\"referralCode\" AS \"User_referralCode\", \"User\".\"referredById\" AS \"User_referredById\", \"User\".\"refreshToken\" AS \"User_refreshToken\", \"User\".\"createdAt\" AS \"User_createdAt\", \"User\".\"updatedAt\" AS \"User_updatedAt\", \"User\".\"assignedClinicId\" AS \"User_assignedClinicId\" FROM \"users\" \"User\" WHERE ((((\"User\".\"assignedClinicId\" = $1) AND (\"User\".\"role\" = $2))) OR (((\"User\".\"assignedClinicId\" = $3) AND (\"User\".\"role\" = $4))) OR (((\"User\".\"assignedClinicId\" = $5) AND (\"User\".\"role\" = $6))) OR (((\"User\".\"assignedClinicId\" = $7) AND (\"User\".\"role\" = $8))))","parameters":["4ca4e344-a7c6-473c-b3be-21b90c1ae067","doctor","4ca4e344-a7c6-473c-b3be-21b90c1ae067","clinic_owner","4ca4e344-a7c6-473c-b3be-21b90c1ae067","secretariat","4ca4e344-a7c6-473c-b3be-21b90c1ae067","secretaria"],"driverError":{"length":145,"name":"error","severity":"ERROR","code":"22P02","where":"unnamed portal parameter $8 = '...'","file":"enum.c","line":"128","routine":"enum_in"},"length":145,"severity":"ERROR","code":"22P02","where":"unnamed portal parameter $8 = '...'","file":"enum.c","line":"128","routine":"enum_in"}
[2026-04-14T16:05:28.284Z] 🔵 Availability Request: {"clinicId":"4ca4e344-a7c6-473c-b3be-21b90c1ae067","serviceIds":["24484414-7772-4f7f-8d9c-26d45503d5fc"],"providerId":null,"date":"2026-04-14"}
[2026-04-14T16:05:28.286Z] 🔵 Using date: "2026-04-14"
[2026-04-14T16:05:28.294Z] 🔵 Clinic: "muneeb"
[2026-04-14T16:05:28.303Z] 🔵 Total duration: 60
[2026-04-14T16:05:28.304Z] 🔵 Using timezone: "America/New_York"
[2026-04-14T16:05:28.316Z] 🔵 Day of week: "tuesday"
[2026-04-14T16:05:28.317Z] 🔵 Business hours for tuesday: {"open":"09:00","close":"23:00","isOpen":true}
[2026-04-14T16:05:28.318Z] 🔵 All business hours: {"monday":{"open":"09:00","close":"23:00","isOpen":true},"tuesday":{"open":"09:00","close":"23:00","isOpen":true},"wednesday":{"open":"09:00","close":"23:00","isOpen":true},"thursday":{"open":"09:00","close":"23:00","isOpen":true},"friday":{"open":"09:00","close":"23:00","isOpen":true},"saturday":{"open":"09:00","close":"18:00","isOpen":false},"sunday":{"open":"09:00","close":"18:00","isOpen":false}}
[2026-04-14T16:05:28.318Z] ✅ Clinic is open on tuesday from 09:00 to 23:00 
[2026-04-14T16:05:28.332Z] ❌ Error in getAvailableSlots: {"query":"SELECT \"User\".\"id\" AS \"User_id\", \"User\".\"email\" AS \"User_email\", \"User\".\"passwordHash\" AS \"User_passwordHash\", \"User\".\"role\" AS \"User_role\", \"User\".\"firstName\" AS \"User_firstName\", \"User\".\"lastName\" AS \"User_lastName\", \"User\".\"phone\" AS \"User_phone\", \"User\".\"profile\" AS \"User_profile\", \"User\".\"profilePictureUrl\" AS \"User_profilePictureUrl\", \"User\".\"lastLoginAt\" AS \"User_lastLoginAt\", \"User\".\"isActive\" AS \"User_isActive\", \"User\".\"monthlyTarget\" AS \"User_monthlyTarget\", \"User\".\"referralCode\" AS \"User_referralCode\", \"User\".\"referredById\" AS \"User_referredById\", \"User\".\"refreshToken\" AS \"User_refreshToken\", \"User\".\"createdAt\" AS \"User_createdAt\", \"User\".\"updatedAt\" AS \"User_updatedAt\", \"User\".\"assignedClinicId\" AS \"User_assignedClinicId\" FROM \"users\" \"User\" WHERE ((((\"User\".\"assignedClinicId\" = $1) AND (\"User\".\"role\" = $2))) OR (((\"User\".\"assignedClinicId\" = $3) AND (\"User\".\"role\" = $4))) OR (((\"User\".\"assignedClinicId\" = $5) AND (\"User\".\"role\" = $6))) OR (((\"User\".\"assignedClinicId\" = $7) AND (\"User\".\"role\" = $8))))","parameters":["4ca4e344-a7c6-473c-b3be-21b90c1ae067","doctor","4ca4e344-a7c6-473c-b3be-21b90c1ae067","clinic_owner","4ca4e344-a7c6-473c-b3be-21b90c1ae067","secretariat","4ca4e344-a7c6-473c-b3be-21b90c1ae067","secretaria"],"driverError":{"length":145,"name":"error","severity":"ERROR","code":"22P02","where":"unnamed portal parameter $8 = '...'","file":"enum.c","line":"128","routine":"enum_in"},"length":145,"severity":"ERROR","code":"22P02","where":"unnamed portal parameter $8 = '...'","file":"enum.c","line":"128","routine":"enum_in"}
[2026-04-14T16:07:11.226Z] 🔵 Availability Request: {"clinicId":"4ca4e344-a7c6-473c-b3be-21b90c1ae067","serviceIds":["24484414-7772-4f7f-8d9c-26d45503d5fc"],"providerId":null,"date":"2026-04-14"}
[2026-04-14T16:07:11.251Z] 🔵 Using date: "2026-04-14"
[2026-04-14T16:07:11.258Z] 🔵 Clinic: "muneeb"
[2026-04-14T16:07:11.263Z] 🔵 Total duration: 60
[2026-04-14T16:07:11.263Z] 🔵 Using timezone: "America/New_York"
[2026-04-14T16:07:11.264Z] 🔵 Day of week: "tuesday"
[2026-04-14T16:07:11.264Z] 🔵 Business hours for tuesday: {"open":"09:00","close":"23:00","isOpen":true}
[2026-04-14T16:07:11.265Z] 🔵 All business hours: {"monday":{"open":"09:00","close":"23:00","isOpen":true},"tuesday":{"open":"09:00","close":"23:00","isOpen":true},"wednesday":{"open":"09:00","close":"23:00","isOpen":true},"thursday":{"open":"09:00","close":"23:00","isOpen":true},"friday":{"open":"09:00","close":"23:00","isOpen":true},"saturday":{"open":"09:00","close":"18:00","isOpen":false},"sunday":{"open":"09:00","close":"18:00","isOpen":false}}
[2026-04-14T16:07:11.266Z] ✅ Clinic is open on tuesday from 09:00 to 23:00 
[2026-04-14T16:07:11.275Z] ❌ Error in getAvailableSlots: {"query":"SELECT \"User\".\"id\" AS \"User_id\", \"User\".\"email\" AS \"User_email\", \"User\".\"passwordHash\" AS \"User_passwordHash\", \"User\".\"role\" AS \"User_role\", \"User\".\"firstName\" AS \"User_firstName\", \"User\".\"lastName\" AS \"User_lastName\", \"User\".\"phone\" AS \"User_phone\", \"User\".\"profile\" AS \"User_profile\", \"User\".\"profilePictureUrl\" AS \"User_profilePictureUrl\", \"User\".\"lastLoginAt\" AS \"User_lastLoginAt\", \"User\".\"isActive\" AS \"User_isActive\", \"User\".\"monthlyTarget\" AS \"User_monthlyTarget\", \"User\".\"referralCode\" AS \"User_referralCode\", \"User\".\"referredById\" AS \"User_referredById\", \"User\".\"refreshToken\" AS \"User_refreshToken\", \"User\".\"createdAt\" AS \"User_createdAt\", \"User\".\"updatedAt\" AS \"User_updatedAt\", \"User\".\"assignedClinicId\" AS \"User_assignedClinicId\" FROM \"users\" \"User\" WHERE ((((\"User\".\"assignedClinicId\" = $1) AND (\"User\".\"role\" = $2))) OR (((\"User\".\"assignedClinicId\" = $3) AND (\"User\".\"role\" = $4))) OR (((\"User\".\"assignedClinicId\" = $5) AND (\"User\".\"role\" = $6))) OR (((\"User\".\"assignedClinicId\" = $7) AND (\"User\".\"role\" = $8))))","parameters":["4ca4e344-a7c6-473c-b3be-21b90c1ae067","doctor","4ca4e344-a7c6-473c-b3be-21b90c1ae067","clinic_owner","4ca4e344-a7c6-473c-b3be-21b90c1ae067","secretariat","4ca4e344-a7c6-473c-b3be-21b90c1ae067","secretaria"],"driverError":{"length":145,"name":"error","severity":"ERROR","code":"22P02","where":"unnamed portal parameter $8 = '...'","file":"enum.c","line":"128","routine":"enum_in"},"length":145,"severity":"ERROR","code":"22P02","where":"unnamed portal parameter $8 = '...'","file":"enum.c","line":"128","routine":"enum_in"}
[2026-04-14T16:07:20.012Z] 🔵 Availability Request: {"clinicId":"4ca4e344-a7c6-473c-b3be-21b90c1ae067","serviceIds":["24484414-7772-4f7f-8d9c-26d45503d5fc"],"providerId":null,"date":"2026-04-14"}
[2026-04-14T16:07:20.013Z] 🔵 Using date: "2026-04-14"
[2026-04-14T16:07:20.023Z] 🔵 Clinic: "muneeb"
[2026-04-14T16:07:20.027Z] 🔵 Total duration: 60
[2026-04-14T16:07:20.027Z] 🔵 Using timezone: "America/New_York"
[2026-04-14T16:07:20.028Z] 🔵 Day of week: "tuesday"
[2026-04-14T16:07:20.028Z] 🔵 Business hours for tuesday: {"open":"09:00","close":"23:00","isOpen":true}
[2026-04-14T16:07:20.029Z] 🔵 All business hours: {"monday":{"open":"09:00","close":"23:00","isOpen":true},"tuesday":{"open":"09:00","close":"23:00","isOpen":true},"wednesday":{"open":"09:00","close":"23:00","isOpen":true},"thursday":{"open":"09:00","close":"23:00","isOpen":true},"friday":{"open":"09:00","close":"23:00","isOpen":true},"saturday":{"open":"09:00","close":"18:00","isOpen":false},"sunday":{"open":"09:00","close":"18:00","isOpen":false}}
[2026-04-14T16:07:20.029Z] ✅ Clinic is open on tuesday from 09:00 to 23:00 
[2026-04-14T16:07:20.036Z] ❌ Error in getAvailableSlots: {"query":"SELECT \"User\".\"id\" AS \"User_id\", \"User\".\"email\" AS \"User_email\", \"User\".\"passwordHash\" AS \"User_passwordHash\", \"User\".\"role\" AS \"User_role\", \"User\".\"firstName\" AS \"User_firstName\", \"User\".\"lastName\" AS \"User_lastName\", \"User\".\"phone\" AS \"User_phone\", \"User\".\"profile\" AS \"User_profile\", \"User\".\"profilePictureUrl\" AS \"User_profilePictureUrl\", \"User\".\"lastLoginAt\" AS \"User_lastLoginAt\", \"User\".\"isActive\" AS \"User_isActive\", \"User\".\"monthlyTarget\" AS \"User_monthlyTarget\", \"User\".\"referralCode\" AS \"User_referralCode\", \"User\".\"referredById\" AS \"User_referredById\", \"User\".\"refreshToken\" AS \"User_refreshToken\", \"User\".\"createdAt\" AS \"User_createdAt\", \"User\".\"updatedAt\" AS \"User_updatedAt\", \"User\".\"assignedClinicId\" AS \"User_assignedClinicId\" FROM \"users\" \"User\" WHERE ((((\"User\".\"assignedClinicId\" = $1) AND (\"User\".\"role\" = $2))) OR (((\"User\".\"assignedClinicId\" = $3) AND (\"User\".\"role\" = $4))) OR (((\"User\".\"assignedClinicId\" = $5) AND (\"User\".\"role\" = $6))) OR (((\"User\".\"assignedClinicId\" = $7) AND (\"User\".\"role\" = $8))))","parameters":["4ca4e344-a7c6-473c-b3be-21b90c1ae067","doctor","4ca4e344-a7c6-473c-b3be-21b90c1ae067","clinic_owner","4ca4e344-a7c6-473c-b3be-21b90c1ae067","secretariat","4ca4e344-a7c6-473c-b3be-21b90c1ae067","secretaria"],"driverError":{"length":145,"name":"error","severity":"ERROR","code":"22P02","where":"unnamed portal parameter $8 = '...'","file":"enum.c","line":"128","routine":"enum_in"},"length":145,"severity":"ERROR","code":"22P02","where":"unnamed portal parameter $8 = '...'","file":"enum.c","line":"128","routine":"enum_in"}
[2026-04-14T16:07:44.107Z] 🔵 Availability Request: {"clinicId":"4ca4e344-a7c6-473c-b3be-21b90c1ae067","serviceIds":["24484414-7772-4f7f-8d9c-26d45503d5fc"],"providerId":null,"date":"2026-04-15"}
[2026-04-14T16:07:44.108Z] 🔵 Using date: "2026-04-15"
[2026-04-14T16:07:44.210Z] 🔵 Clinic: "muneeb"
[2026-04-14T16:07:44.222Z] 🔵 Total duration: 60
[2026-04-14T16:07:44.223Z] 🔵 Using timezone: "America/New_York"
[2026-04-14T16:07:44.223Z] 🔵 Day of week: "wednesday"
[2026-04-14T16:07:44.224Z] 🔵 Business hours for wednesday: {"open":"09:00","close":"23:00","isOpen":true}
[2026-04-14T16:07:44.224Z] 🔵 All business hours: {"monday":{"open":"09:00","close":"23:00","isOpen":true},"tuesday":{"open":"09:00","close":"23:00","isOpen":true},"wednesday":{"open":"09:00","close":"23:00","isOpen":true},"thursday":{"open":"09:00","close":"23:00","isOpen":true},"friday":{"open":"09:00","close":"23:00","isOpen":true},"saturday":{"open":"09:00","close":"18:00","isOpen":false},"sunday":{"open":"09:00","close":"18:00","isOpen":false}}
[2026-04-14T16:07:44.225Z] ✅ Clinic is open on wednesday from 09:00 to 23:00 
[2026-04-14T16:07:44.241Z] ❌ Error in getAvailableSlots: {"query":"SELECT \"User\".\"id\" AS \"User_id\", \"User\".\"email\" AS \"User_email\", \"User\".\"passwordHash\" AS \"User_passwordHash\", \"User\".\"role\" AS \"User_role\", \"User\".\"firstName\" AS \"User_firstName\", \"User\".\"lastName\" AS \"User_lastName\", \"User\".\"phone\" AS \"User_phone\", \"User\".\"profile\" AS \"User_profile\", \"User\".\"profilePictureUrl\" AS \"User_profilePictureUrl\", \"User\".\"lastLoginAt\" AS \"User_lastLoginAt\", \"User\".\"isActive\" AS \"User_isActive\", \"User\".\"monthlyTarget\" AS \"User_monthlyTarget\", \"User\".\"referralCode\" AS \"User_referralCode\", \"User\".\"referredById\" AS \"User_referredById\", \"User\".\"refreshToken\" AS \"User_refreshToken\", \"User\".\"createdAt\" AS \"User_createdAt\", \"User\".\"updatedAt\" AS \"User_updatedAt\", \"User\".\"assignedClinicId\" AS \"User_assignedClinicId\" FROM \"users\" \"User\" WHERE ((((\"User\".\"assignedClinicId\" = $1) AND (\"User\".\"role\" = $2))) OR (((\"User\".\"assignedClinicId\" = $3) AND (\"User\".\"role\" = $4))) OR (((\"User\".\"assignedClinicId\" = $5) AND (\"User\".\"role\" = $6))) OR (((\"User\".\"assignedClinicId\" = $7) AND (\"User\".\"role\" = $8))))","parameters":["4ca4e344-a7c6-473c-b3be-21b90c1ae067","doctor","4ca4e344-a7c6-473c-b3be-21b90c1ae067","clinic_owner","4ca4e344-a7c6-473c-b3be-21b90c1ae067","secretariat","4ca4e344-a7c6-473c-b3be-21b90c1ae067","secretaria"],"driverError":{"length":145,"name":"error","severity":"ERROR","code":"22P02","where":"unnamed portal parameter $8 = '...'","file":"enum.c","line":"128","routine":"enum_in"},"length":145,"severity":"ERROR","code":"22P02","where":"unnamed portal parameter $8 = '...'","file":"enum.c","line":"128","routine":"enum_in"}
[2026-04-14T16:12:42.371Z] 🔵 Availability Request: {"clinicId":"4ca4e344-a7c6-473c-b3be-21b90c1ae067","serviceIds":["24484414-7772-4f7f-8d9c-26d45503d5fc"],"providerId":null,"date":"2026-04-14"}
[2026-04-14T16:12:42.392Z] 🔵 Using date: "2026-04-14"
[2026-04-14T16:12:42.464Z] 🔵 Clinic: "muneeb"
[2026-04-14T16:12:42.474Z] 🔵 Total duration: 60
[2026-04-14T16:12:42.476Z] 🔵 Using timezone: "America/New_York"
[2026-04-14T16:12:42.482Z] 🔵 Day of week: "tuesday"
[2026-04-14T16:12:42.482Z] 🔵 Business hours for tuesday: {"open":"09:00","close":"23:00","isOpen":true}
[2026-04-14T16:12:42.483Z] 🔵 All business hours: {"monday":{"open":"09:00","close":"23:00","isOpen":true},"tuesday":{"open":"09:00","close":"23:00","isOpen":true},"wednesday":{"open":"09:00","close":"23:00","isOpen":true},"thursday":{"open":"09:00","close":"23:00","isOpen":true},"friday":{"open":"09:00","close":"23:00","isOpen":true},"saturday":{"open":"09:00","close":"18:00","isOpen":false},"sunday":{"open":"09:00","close":"18:00","isOpen":false}}
[2026-04-14T16:12:42.484Z] ✅ Clinic is open on tuesday from 09:00 to 23:00 
[2026-04-14T16:12:42.500Z] ❌ Error in getAvailableSlots: {"query":"SELECT \"User\".\"id\" AS \"User_id\", \"User\".\"email\" AS \"User_email\", \"User\".\"passwordHash\" AS \"User_passwordHash\", \"User\".\"role\" AS \"User_role\", \"User\".\"firstName\" AS \"User_firstName\", \"User\".\"lastName\" AS \"User_lastName\", \"User\".\"phone\" AS \"User_phone\", \"User\".\"profile\" AS \"User_profile\", \"User\".\"profilePictureUrl\" AS \"User_profilePictureUrl\", \"User\".\"lastLoginAt\" AS \"User_lastLoginAt\", \"User\".\"isActive\" AS \"User_isActive\", \"User\".\"monthlyTarget\" AS \"User_monthlyTarget\", \"User\".\"referralCode\" AS \"User_referralCode\", \"User\".\"referredById\" AS \"User_referredById\", \"User\".\"refreshToken\" AS \"User_refreshToken\", \"User\".\"createdAt\" AS \"User_createdAt\", \"User\".\"updatedAt\" AS \"User_updatedAt\", \"User\".\"assignedClinicId\" AS \"User_assignedClinicId\" FROM \"users\" \"User\" WHERE ((((\"User\".\"assignedClinicId\" = $1) AND (\"User\".\"role\" = $2))) OR (((\"User\".\"assignedClinicId\" = $3) AND (\"User\".\"role\" = $4))) OR (((\"User\".\"assignedClinicId\" = $5) AND (\"User\".\"role\" = $6))) OR (((\"User\".\"assignedClinicId\" = $7) AND (\"User\".\"role\" = $8))))","parameters":["4ca4e344-a7c6-473c-b3be-21b90c1ae067","doctor","4ca4e344-a7c6-473c-b3be-21b90c1ae067","clinic_owner","4ca4e344-a7c6-473c-b3be-21b90c1ae067","secretariat","4ca4e344-a7c6-473c-b3be-21b90c1ae067","secretaria"],"driverError":{"length":145,"name":"error","severity":"ERROR","code":"22P02","where":"unnamed portal parameter $8 = '...'","file":"enum.c","line":"128","routine":"enum_in"},"length":145,"severity":"ERROR","code":"22P02","where":"unnamed portal parameter $8 = '...'","file":"enum.c","line":"128","routine":"enum_in"}
[2026-04-14T16:12:43.197Z] 🔵 Availability Request: {"clinicId":"4ca4e344-a7c6-473c-b3be-21b90c1ae067","serviceIds":["24484414-7772-4f7f-8d9c-26d45503d5fc"],"providerId":null,"date":"2026-04-14"}
[2026-04-14T16:12:43.198Z] 🔵 Using date: "2026-04-14"
[2026-04-14T16:12:43.207Z] 🔵 Clinic: "muneeb"
[2026-04-14T16:12:43.211Z] 🔵 Total duration: 60
[2026-04-14T16:12:43.212Z] 🔵 Using timezone: "America/New_York"
[2026-04-14T16:12:43.213Z] 🔵 Day of week: "tuesday"
[2026-04-14T16:12:43.213Z] 🔵 Business hours for tuesday: {"open":"09:00","close":"23:00","isOpen":true}
[2026-04-14T16:12:43.214Z] 🔵 All business hours: {"monday":{"open":"09:00","close":"23:00","isOpen":true},"tuesday":{"open":"09:00","close":"23:00","isOpen":true},"wednesday":{"open":"09:00","close":"23:00","isOpen":true},"thursday":{"open":"09:00","close":"23:00","isOpen":true},"friday":{"open":"09:00","close":"23:00","isOpen":true},"saturday":{"open":"09:00","close":"18:00","isOpen":false},"sunday":{"open":"09:00","close":"18:00","isOpen":false}}
[2026-04-14T16:12:43.215Z] ✅ Clinic is open on tuesday from 09:00 to 23:00 
[2026-04-14T16:12:43.218Z] ❌ Error in getAvailableSlots: {"query":"SELECT \"User\".\"id\" AS \"User_id\", \"User\".\"email\" AS \"User_email\", \"User\".\"passwordHash\" AS \"User_passwordHash\", \"User\".\"role\" AS \"User_role\", \"User\".\"firstName\" AS \"User_firstName\", \"User\".\"lastName\" AS \"User_lastName\", \"User\".\"phone\" AS \"User_phone\", \"User\".\"profile\" AS \"User_profile\", \"User\".\"profilePictureUrl\" AS \"User_profilePictureUrl\", \"User\".\"lastLoginAt\" AS \"User_lastLoginAt\", \"User\".\"isActive\" AS \"User_isActive\", \"User\".\"monthlyTarget\" AS \"User_monthlyTarget\", \"User\".\"referralCode\" AS \"User_referralCode\", \"User\".\"referredById\" AS \"User_referredById\", \"User\".\"refreshToken\" AS \"User_refreshToken\", \"User\".\"createdAt\" AS \"User_createdAt\", \"User\".\"updatedAt\" AS \"User_updatedAt\", \"User\".\"assignedClinicId\" AS \"User_assignedClinicId\" FROM \"users\" \"User\" WHERE ((((\"User\".\"assignedClinicId\" = $1) AND (\"User\".\"role\" = $2))) OR (((\"User\".\"assignedClinicId\" = $3) AND (\"User\".\"role\" = $4))) OR (((\"User\".\"assignedClinicId\" = $5) AND (\"User\".\"role\" = $6))) OR (((\"User\".\"assignedClinicId\" = $7) AND (\"User\".\"role\" = $8))))","parameters":["4ca4e344-a7c6-473c-b3be-21b90c1ae067","doctor","4ca4e344-a7c6-473c-b3be-21b90c1ae067","clinic_owner","4ca4e344-a7c6-473c-b3be-21b90c1ae067","secretariat","4ca4e344-a7c6-473c-b3be-21b90c1ae067","secretaria"],"driverError":{"length":145,"name":"error","severity":"ERROR","code":"22P02","where":"unnamed portal parameter $8 = '...'","file":"enum.c","line":"128","routine":"enum_in"},"length":145,"severity":"ERROR","code":"22P02","where":"unnamed portal parameter $8 = '...'","file":"enum.c","line":"128","routine":"enum_in"}
[2026-04-14T16:14:02.326Z] 🔵 Availability Request: {"clinicId":"1f0c099e-663f-462a-bd8d-b90ad71cbb01","serviceIds":["7f3c5ca1-1704-4f54-b909-f1532dd200b0"],"providerId":null,"date":"2026-04-14"}
[2026-04-14T16:14:02.330Z] 🔵 Using date: "2026-04-14"
[2026-04-14T16:14:02.344Z] 🔵 Clinic: "ehsan clinic"
[2026-04-14T16:14:02.352Z] 🔵 Total duration: 60
[2026-04-14T16:14:02.353Z] 🔵 Using timezone: "America/New_York"
[2026-04-14T16:14:02.354Z] 🔵 Day of week: "tuesday"
[2026-04-14T16:14:02.355Z] 🔵 Business hours for tuesday: {"open":"09:00","close":"17:00","isOpen":true}
[2026-04-14T16:14:02.355Z] 🔵 All business hours: {"monday":{"open":"09:00","close":"17:00","isOpen":true},"tuesday":{"open":"09:00","close":"17:00","isOpen":true},"wednesday":{"open":"09:00","close":"17:00","isOpen":true},"thursday":{"open":"09:00","close":"17:00","isOpen":true},"friday":{"open":"09:00","close":"17:00","isOpen":true},"saturday":{"open":"10:00","close":"15:00","isOpen":true},"sunday":{"open":"10:00","close":"15:00","isOpen":false}}
[2026-04-14T16:14:02.356Z] ✅ Clinic is open on tuesday from 09:00 to 17:00 
[2026-04-14T16:14:02.365Z] ❌ Error in getAvailableSlots: {"query":"SELECT \"User\".\"id\" AS \"User_id\", \"User\".\"email\" AS \"User_email\", \"User\".\"passwordHash\" AS \"User_passwordHash\", \"User\".\"role\" AS \"User_role\", \"User\".\"firstName\" AS \"User_firstName\", \"User\".\"lastName\" AS \"User_lastName\", \"User\".\"phone\" AS \"User_phone\", \"User\".\"profile\" AS \"User_profile\", \"User\".\"profilePictureUrl\" AS \"User_profilePictureUrl\", \"User\".\"lastLoginAt\" AS \"User_lastLoginAt\", \"User\".\"isActive\" AS \"User_isActive\", \"User\".\"monthlyTarget\" AS \"User_monthlyTarget\", \"User\".\"referralCode\" AS \"User_referralCode\", \"User\".\"referredById\" AS \"User_referredById\", \"User\".\"refreshToken\" AS \"User_refreshToken\", \"User\".\"createdAt\" AS \"User_createdAt\", \"User\".\"updatedAt\" AS \"User_updatedAt\", \"User\".\"assignedClinicId\" AS \"User_assignedClinicId\" FROM \"users\" \"User\" WHERE ((((\"User\".\"assignedClinicId\" = $1) AND (\"User\".\"role\" = $2))) OR (((\"User\".\"assignedClinicId\" = $3) AND (\"User\".\"role\" = $4))) OR (((\"User\".\"assignedClinicId\" = $5) AND (\"User\".\"role\" = $6))) OR (((\"User\".\"assignedClinicId\" = $7) AND (\"User\".\"role\" = $8))))","parameters":["1f0c099e-663f-462a-bd8d-b90ad71cbb01","doctor","1f0c099e-663f-462a-bd8d-b90ad71cbb01","clinic_owner","1f0c099e-663f-462a-bd8d-b90ad71cbb01","secretariat","1f0c099e-663f-462a-bd8d-b90ad71cbb01","secretaria"],"driverError":{"length":145,"name":"error","severity":"ERROR","code":"22P02","where":"unnamed portal parameter $8 = '...'","file":"enum.c","line":"128","routine":"enum_in"},"length":145,"severity":"ERROR","code":"22P02","where":"unnamed portal parameter $8 = '...'","file":"enum.c","line":"128","routine":"enum_in"}
[2026-04-14T16:17:32.019Z] 🔵 Availability Request: {"clinicId":"1f0c099e-663f-462a-bd8d-b90ad71cbb01","serviceIds":["7f3c5ca1-1704-4f54-b909-f1532dd200b0"],"providerId":null,"date":"2026-04-14"}
[2026-04-14T16:17:32.022Z] 🔵 Using date: "2026-04-14"
[2026-04-14T16:17:32.045Z] 🔵 Clinic: "ehsan clinic"
[2026-04-14T16:17:32.058Z] 🔵 Total duration: 60
[2026-04-14T16:17:32.059Z] 🔵 Using timezone: "America/New_York"
[2026-04-14T16:17:32.065Z] 🔵 Day of week: "tuesday"
[2026-04-14T16:17:32.066Z] 🔵 Business hours for tuesday: {"open":"09:00","close":"17:00","isOpen":true}
[2026-04-14T16:17:32.068Z] 🔵 All business hours: {"monday":{"open":"09:00","close":"17:00","isOpen":true},"tuesday":{"open":"09:00","close":"17:00","isOpen":true},"wednesday":{"open":"09:00","close":"17:00","isOpen":true},"thursday":{"open":"09:00","close":"17:00","isOpen":true},"friday":{"open":"09:00","close":"17:00","isOpen":true},"saturday":{"open":"10:00","close":"15:00","isOpen":true},"sunday":{"open":"10:00","close":"15:00","isOpen":false}}
[2026-04-14T16:17:32.070Z] ✅ Clinic is open on tuesday from 09:00 to 17:00 
[2026-04-14T16:17:32.847Z] ❌ Error in getAvailableSlots: {"message":"invalid input value for enum users_role_enum: \"secretaria\"","stack":"QueryFailedError: invalid input value for enum users_role_enum: \"secretaria\"\n    at PostgresQueryRunner.query (E:\\ebizz\\medical-aesthetics-backend\\src\\driver\\postgres\\PostgresQueryRunner.ts:325:19)\n    at processTicksAndRejections (node:internal/process/task_queues:105:5)\n    at SelectQueryBuilder.loadRawResults (E:\\ebizz\\medical-aesthetics-backend\\src\\query-builder\\SelectQueryBuilder.ts:3868:25)\n    at SelectQueryBuilder.executeEntitiesAndRawResults (E:\\ebizz\\medical-aesthetics-backend\\src\\query-builder\\SelectQueryBuilder.ts:3614:26)\n    at SelectQueryBuilder.getRawAndEntities (E:\\ebizz\\medical-aesthetics-backend\\src\\query-builder\\SelectQueryBuilder.ts:1671:29)\n    at SelectQueryBuilder.getMany (E:\\ebizz\\medical-aesthetics-backend\\src\\query-builder\\SelectQueryBuilder.ts:1761:25)\n    at ClinicsService.getClinicProviders (E:\\ebizz\\medical-aesthetics-backend\\src\\modules\\clinics\\clinics.service.ts:545:27)\n    at AvailabilityService.getAvailableSlots (E:\\ebizz\\medical-aesthetics-backend\\src\\modules\\bookings\\availability.service.ts:135:11)\n    at BookingsController.getAvailability (E:\\ebizz\\medical-aesthetics-backend\\src\\modules\\bookings\\bookings.controller.ts:41:22)\n    at E:\\ebizz\\medical-aesthetics-backend\\node_modules\\@nestjs\\core\\router\\router-execution-context.js:46:28","details":{"query":"SELECT \"User\".\"id\" AS \"User_id\", \"User\".\"email\" AS \"User_email\", \"User\".\"passwordHash\" AS \"User_passwordHash\", \"User\".\"role\" AS \"User_role\", \"User\".\"firstName\" AS \"User_firstName\", \"User\".\"lastName\" AS \"User_lastName\", \"User\".\"phone\" AS \"User_phone\", \"User\".\"profile\" AS \"User_profile\", \"User\".\"profilePictureUrl\" AS \"User_profilePictureUrl\", \"User\".\"lastLoginAt\" AS \"User_lastLoginAt\", \"User\".\"isActive\" AS \"User_isActive\", \"User\".\"monthlyTarget\" AS \"User_monthlyTarget\", \"User\".\"referralCode\" AS \"User_referralCode\", \"User\".\"referredById\" AS \"User_referredById\", \"User\".\"refreshToken\" AS \"User_refreshToken\", \"User\".\"createdAt\" AS \"User_createdAt\", \"User\".\"updatedAt\" AS \"User_updatedAt\", \"User\".\"assignedClinicId\" AS \"User_assignedClinicId\" FROM \"users\" \"User\" WHERE ((((\"User\".\"assignedClinicId\" = $1) AND (\"User\".\"role\" = $2))) OR (((\"User\".\"assignedClinicId\" = $3) AND (\"User\".\"role\" = $4))) OR (((\"User\".\"assignedClinicId\" = $5) AND (\"User\".\"role\" = $6))) OR (((\"User\".\"assignedClinicId\" = $7) AND (\"User\".\"role\" = $8))))","parameters":["1f0c099e-663f-462a-bd8d-b90ad71cbb01","doctor","1f0c099e-663f-462a-bd8d-b90ad71cbb01","clinic_owner","1f0c099e-663f-462a-bd8d-b90ad71cbb01","secretariat","1f0c099e-663f-462a-bd8d-b90ad71cbb01","secretaria"],"driverError":{"length":145,"name":"error","severity":"ERROR","code":"22P02","where":"unnamed portal parameter $8 = '...'","file":"enum.c","line":"128","routine":"enum_in"},"length":145,"severity":"ERROR","code":"22P02","where":"unnamed portal parameter $8 = '...'","file":"enum.c","line":"128","routine":"enum_in"}}
[2026-04-14T16:18:21.726Z] 🔵 Availability Request: {"clinicId":"4ca4e344-a7c6-473c-b3be-21b90c1ae067","serviceIds":["24484414-7772-4f7f-8d9c-26d45503d5fc"],"providerId":null,"date":"2026-04-14"}
[2026-04-14T16:18:21.729Z] 🔵 Using date: "2026-04-14"
[2026-04-14T16:18:21.750Z] 🔵 Clinic: "muneeb"
[2026-04-14T16:18:21.758Z] 🔵 Total duration: 60
[2026-04-14T16:18:21.758Z] 🔵 Using timezone: "America/New_York"
[2026-04-14T16:18:21.760Z] 🔵 Day of week: "tuesday"
[2026-04-14T16:18:21.761Z] 🔵 Business hours for tuesday: {"open":"09:00","close":"23:00","isOpen":true}
[2026-04-14T16:18:21.761Z] 🔵 All business hours: {"monday":{"open":"09:00","close":"23:00","isOpen":true},"tuesday":{"open":"09:00","close":"23:00","isOpen":true},"wednesday":{"open":"09:00","close":"23:00","isOpen":true},"thursday":{"open":"09:00","close":"23:00","isOpen":true},"friday":{"open":"09:00","close":"23:00","isOpen":true},"saturday":{"open":"09:00","close":"18:00","isOpen":false},"sunday":{"open":"09:00","close":"18:00","isOpen":false}}
[2026-04-14T16:18:21.762Z] ✅ Clinic is open on tuesday from 09:00 to 23:00 
[2026-04-14T16:18:21.773Z] ❌ Error in getAvailableSlots: {"message":"invalid input value for enum users_role_enum: \"secretaria\"","stack":"QueryFailedError: invalid input value for enum users_role_enum: \"secretaria\"\n    at PostgresQueryRunner.query (E:\\ebizz\\medical-aesthetics-backend\\src\\driver\\postgres\\PostgresQueryRunner.ts:325:19)\n    at processTicksAndRejections (node:internal/process/task_queues:105:5)\n    at SelectQueryBuilder.loadRawResults (E:\\ebizz\\medical-aesthetics-backend\\src\\query-builder\\SelectQueryBuilder.ts:3868:25)\n    at SelectQueryBuilder.executeEntitiesAndRawResults (E:\\ebizz\\medical-aesthetics-backend\\src\\query-builder\\SelectQueryBuilder.ts:3614:26)\n    at SelectQueryBuilder.getRawAndEntities (E:\\ebizz\\medical-aesthetics-backend\\src\\query-builder\\SelectQueryBuilder.ts:1671:29)\n    at SelectQueryBuilder.getMany (E:\\ebizz\\medical-aesthetics-backend\\src\\query-builder\\SelectQueryBuilder.ts:1761:25)\n    at ClinicsService.getClinicProviders (E:\\ebizz\\medical-aesthetics-backend\\src\\modules\\clinics\\clinics.service.ts:545:27)\n    at AvailabilityService.getAvailableSlots (E:\\ebizz\\medical-aesthetics-backend\\src\\modules\\bookings\\availability.service.ts:135:11)\n    at BookingsController.getAvailability (E:\\ebizz\\medical-aesthetics-backend\\src\\modules\\bookings\\bookings.controller.ts:41:22)\n    at E:\\ebizz\\medical-aesthetics-backend\\node_modules\\@nestjs\\core\\router\\router-execution-context.js:46:28","details":{"query":"SELECT \"User\".\"id\" AS \"User_id\", \"User\".\"email\" AS \"User_email\", \"User\".\"passwordHash\" AS \"User_passwordHash\", \"User\".\"role\" AS \"User_role\", \"User\".\"firstName\" AS \"User_firstName\", \"User\".\"lastName\" AS \"User_lastName\", \"User\".\"phone\" AS \"User_phone\", \"User\".\"profile\" AS \"User_profile\", \"User\".\"profilePictureUrl\" AS \"User_profilePictureUrl\", \"User\".\"lastLoginAt\" AS \"User_lastLoginAt\", \"User\".\"isActive\" AS \"User_isActive\", \"User\".\"monthlyTarget\" AS \"User_monthlyTarget\", \"User\".\"referralCode\" AS \"User_referralCode\", \"User\".\"referredById\" AS \"User_referredById\", \"User\".\"refreshToken\" AS \"User_refreshToken\", \"User\".\"createdAt\" AS \"User_createdAt\", \"User\".\"updatedAt\" AS \"User_updatedAt\", \"User\".\"assignedClinicId\" AS \"User_assignedClinicId\" FROM \"users\" \"User\" WHERE ((((\"User\".\"assignedClinicId\" = $1) AND (\"User\".\"role\" = $2))) OR (((\"User\".\"assignedClinicId\" = $3) AND (\"User\".\"role\" = $4))) OR (((\"User\".\"assignedClinicId\" = $5) AND (\"User\".\"role\" = $6))) OR (((\"User\".\"assignedClinicId\" = $7) AND (\"User\".\"role\" = $8))))","parameters":["4ca4e344-a7c6-473c-b3be-21b90c1ae067","doctor","4ca4e344-a7c6-473c-b3be-21b90c1ae067","clinic_owner","4ca4e344-a7c6-473c-b3be-21b90c1ae067","secretariat","4ca4e344-a7c6-473c-b3be-21b90c1ae067","secretaria"],"driverError":{"length":145,"name":"error","severity":"ERROR","code":"22P02","where":"unnamed portal parameter $8 = '...'","file":"enum.c","line":"128","routine":"enum_in"},"length":145,"severity":"ERROR","code":"22P02","where":"unnamed portal parameter $8 = '...'","file":"enum.c","line":"128","routine":"enum_in"}}
[2026-04-14T16:18:21.803Z] 🔵 Availability Request: {"clinicId":"4ca4e344-a7c6-473c-b3be-21b90c1ae067","serviceIds":["24484414-7772-4f7f-8d9c-26d45503d5fc"],"providerId":null,"date":"2026-04-14"}
[2026-04-14T16:18:21.809Z] 🔵 Using date: "2026-04-14"
[2026-04-14T16:18:21.860Z] 🔵 Clinic: "muneeb"
[2026-04-14T16:18:21.867Z] 🔵 Total duration: 60
[2026-04-14T16:18:21.868Z] 🔵 Using timezone: "America/New_York"
[2026-04-14T16:18:21.873Z] 🔵 Day of week: "tuesday"
[2026-04-14T16:18:21.874Z] 🔵 Business hours for tuesday: {"open":"09:00","close":"23:00","isOpen":true}
[2026-04-14T16:18:21.875Z] 🔵 All business hours: {"monday":{"open":"09:00","close":"23:00","isOpen":true},"tuesday":{"open":"09:00","close":"23:00","isOpen":true},"wednesday":{"open":"09:00","close":"23:00","isOpen":true},"thursday":{"open":"09:00","close":"23:00","isOpen":true},"friday":{"open":"09:00","close":"23:00","isOpen":true},"saturday":{"open":"09:00","close":"18:00","isOpen":false},"sunday":{"open":"09:00","close":"18:00","isOpen":false}}
[2026-04-14T16:18:21.876Z] ✅ Clinic is open on tuesday from 09:00 to 23:00 
[2026-04-14T16:18:21.896Z] ❌ Error in getAvailableSlots: {"message":"invalid input value for enum users_role_enum: \"secretaria\"","stack":"QueryFailedError: invalid input value for enum users_role_enum: \"secretaria\"\n    at PostgresQueryRunner.query (E:\\ebizz\\medical-aesthetics-backend\\src\\driver\\postgres\\PostgresQueryRunner.ts:325:19)\n    at processTicksAndRejections (node:internal/process/task_queues:105:5)\n    at SelectQueryBuilder.loadRawResults (E:\\ebizz\\medical-aesthetics-backend\\src\\query-builder\\SelectQueryBuilder.ts:3868:25)\n    at SelectQueryBuilder.executeEntitiesAndRawResults (E:\\ebizz\\medical-aesthetics-backend\\src\\query-builder\\SelectQueryBuilder.ts:3614:26)\n    at SelectQueryBuilder.getRawAndEntities (E:\\ebizz\\medical-aesthetics-backend\\src\\query-builder\\SelectQueryBuilder.ts:1671:29)\n    at SelectQueryBuilder.getMany (E:\\ebizz\\medical-aesthetics-backend\\src\\query-builder\\SelectQueryBuilder.ts:1761:25)\n    at ClinicsService.getClinicProviders (E:\\ebizz\\medical-aesthetics-backend\\src\\modules\\clinics\\clinics.service.ts:545:27)\n    at AvailabilityService.getAvailableSlots (E:\\ebizz\\medical-aesthetics-backend\\src\\modules\\bookings\\availability.service.ts:135:11)\n    at BookingsController.getAvailability (E:\\ebizz\\medical-aesthetics-backend\\src\\modules\\bookings\\bookings.controller.ts:41:22)\n    at E:\\ebizz\\medical-aesthetics-backend\\node_modules\\@nestjs\\core\\router\\router-execution-context.js:46:28","details":{"query":"SELECT \"User\".\"id\" AS \"User_id\", \"User\".\"email\" AS \"User_email\", \"User\".\"passwordHash\" AS \"User_passwordHash\", \"User\".\"role\" AS \"User_role\", \"User\".\"firstName\" AS \"User_firstName\", \"User\".\"lastName\" AS \"User_lastName\", \"User\".\"phone\" AS \"User_phone\", \"User\".\"profile\" AS \"User_profile\", \"User\".\"profilePictureUrl\" AS \"User_profilePictureUrl\", \"User\".\"lastLoginAt\" AS \"User_lastLoginAt\", \"User\".\"isActive\" AS \"User_isActive\", \"User\".\"monthlyTarget\" AS \"User_monthlyTarget\", \"User\".\"referralCode\" AS \"User_referralCode\", \"User\".\"referredById\" AS \"User_referredById\", \"User\".\"refreshToken\" AS \"User_refreshToken\", \"User\".\"createdAt\" AS \"User_createdAt\", \"User\".\"updatedAt\" AS \"User_updatedAt\", \"User\".\"assignedClinicId\" AS \"User_assignedClinicId\" FROM \"users\" \"User\" WHERE ((((\"User\".\"assignedClinicId\" = $1) AND (\"User\".\"role\" = $2))) OR (((\"User\".\"assignedClinicId\" = $3) AND (\"User\".\"role\" = $4))) OR (((\"User\".\"assignedClinicId\" = $5) AND (\"User\".\"role\" = $6))) OR (((\"User\".\"assignedClinicId\" = $7) AND (\"User\".\"role\" = $8))))","parameters":["4ca4e344-a7c6-473c-b3be-21b90c1ae067","doctor","4ca4e344-a7c6-473c-b3be-21b90c1ae067","clinic_owner","4ca4e344-a7c6-473c-b3be-21b90c1ae067","secretariat","4ca4e344-a7c6-473c-b3be-21b90c1ae067","secretaria"],"driverError":{"length":145,"name":"error","severity":"ERROR","code":"22P02","where":"unnamed portal parameter $8 = '...'","file":"enum.c","line":"128","routine":"enum_in"},"length":145,"severity":"ERROR","code":"22P02","where":"unnamed portal parameter $8 = '...'","file":"enum.c","line":"128","routine":"enum_in"}}
[2026-04-14T16:18:40.026Z] 🔵 Availability Request: {"clinicId":"4ca4e344-a7c6-473c-b3be-21b90c1ae067","serviceIds":["24484414-7772-4f7f-8d9c-26d45503d5fc"],"providerId":null,"date":"2026-04-14"}
[2026-04-14T16:18:40.027Z] 🔵 Using date: "2026-04-14"
[2026-04-14T16:18:40.073Z] 🔵 Clinic: "muneeb"
[2026-04-14T16:18:40.078Z] 🔵 Total duration: 60
[2026-04-14T16:18:40.079Z] 🔵 Using timezone: "America/New_York"
[2026-04-14T16:18:40.080Z] 🔵 Day of week: "tuesday"
[2026-04-14T16:18:40.080Z] 🔵 Business hours for tuesday: {"open":"09:00","close":"23:00","isOpen":true}
[2026-04-14T16:18:40.081Z] 🔵 All business hours: {"monday":{"open":"09:00","close":"23:00","isOpen":true},"tuesday":{"open":"09:00","close":"23:00","isOpen":true},"wednesday":{"open":"09:00","close":"23:00","isOpen":true},"thursday":{"open":"09:00","close":"23:00","isOpen":true},"friday":{"open":"09:00","close":"23:00","isOpen":true},"saturday":{"open":"09:00","close":"18:00","isOpen":false},"sunday":{"open":"09:00","close":"18:00","isOpen":false}}
[2026-04-14T16:18:40.113Z] ✅ Clinic is open on tuesday from 09:00 to 23:00 
[2026-04-14T16:18:40.157Z] ❌ Error in getAvailableSlots: {"message":"invalid input value for enum users_role_enum: \"secretaria\"","stack":"QueryFailedError: invalid input value for enum users_role_enum: \"secretaria\"\n    at PostgresQueryRunner.query (E:\\ebizz\\medical-aesthetics-backend\\src\\driver\\postgres\\PostgresQueryRunner.ts:325:19)\n    at processTicksAndRejections (node:internal/process/task_queues:105:5)\n    at SelectQueryBuilder.loadRawResults (E:\\ebizz\\medical-aesthetics-backend\\src\\query-builder\\SelectQueryBuilder.ts:3868:25)\n    at SelectQueryBuilder.executeEntitiesAndRawResults (E:\\ebizz\\medical-aesthetics-backend\\src\\query-builder\\SelectQueryBuilder.ts:3614:26)\n    at SelectQueryBuilder.getRawAndEntities (E:\\ebizz\\medical-aesthetics-backend\\src\\query-builder\\SelectQueryBuilder.ts:1671:29)\n    at SelectQueryBuilder.getMany (E:\\ebizz\\medical-aesthetics-backend\\src\\query-builder\\SelectQueryBuilder.ts:1761:25)\n    at ClinicsService.getClinicProviders (E:\\ebizz\\medical-aesthetics-backend\\src\\modules\\clinics\\clinics.service.ts:545:27)\n    at AvailabilityService.getAvailableSlots (E:\\ebizz\\medical-aesthetics-backend\\src\\modules\\bookings\\availability.service.ts:135:11)\n    at BookingsController.getAvailability (E:\\ebizz\\medical-aesthetics-backend\\src\\modules\\bookings\\bookings.controller.ts:41:22)\n    at E:\\ebizz\\medical-aesthetics-backend\\node_modules\\@nestjs\\core\\router\\router-execution-context.js:46:28","details":{"query":"SELECT \"User\".\"id\" AS \"User_id\", \"User\".\"email\" AS \"User_email\", \"User\".\"passwordHash\" AS \"User_passwordHash\", \"User\".\"role\" AS \"User_role\", \"User\".\"firstName\" AS \"User_firstName\", \"User\".\"lastName\" AS \"User_lastName\", \"User\".\"phone\" AS \"User_phone\", \"User\".\"profile\" AS \"User_profile\", \"User\".\"profilePictureUrl\" AS \"User_profilePictureUrl\", \"User\".\"lastLoginAt\" AS \"User_lastLoginAt\", \"User\".\"isActive\" AS \"User_isActive\", \"User\".\"monthlyTarget\" AS \"User_monthlyTarget\", \"User\".\"referralCode\" AS \"User_referralCode\", \"User\".\"referredById\" AS \"User_referredById\", \"User\".\"refreshToken\" AS \"User_refreshToken\", \"User\".\"createdAt\" AS \"User_createdAt\", \"User\".\"updatedAt\" AS \"User_updatedAt\", \"User\".\"assignedClinicId\" AS \"User_assignedClinicId\" FROM \"users\" \"User\" WHERE ((((\"User\".\"assignedClinicId\" = $1) AND (\"User\".\"role\" = $2))) OR (((\"User\".\"assignedClinicId\" = $3) AND (\"User\".\"role\" = $4))) OR (((\"User\".\"assignedClinicId\" = $5) AND (\"User\".\"role\" = $6))) OR (((\"User\".\"assignedClinicId\" = $7) AND (\"User\".\"role\" = $8))))","parameters":["4ca4e344-a7c6-473c-b3be-21b90c1ae067","doctor","4ca4e344-a7c6-473c-b3be-21b90c1ae067","clinic_owner","4ca4e344-a7c6-473c-b3be-21b90c1ae067","secretariat","4ca4e344-a7c6-473c-b3be-21b90c1ae067","secretaria"],"driverError":{"length":145,"name":"error","severity":"ERROR","code":"22P02","where":"unnamed portal parameter $8 = '...'","file":"enum.c","line":"128","routine":"enum_in"},"length":145,"severity":"ERROR","code":"22P02","where":"unnamed portal parameter $8 = '...'","file":"enum.c","line":"128","routine":"enum_in"}}
[2026-04-14T16:19:15.155Z] 🔵 Availability Request: {"clinicId":"4ca4e344-a7c6-473c-b3be-21b90c1ae067","serviceIds":["24484414-7772-4f7f-8d9c-26d45503d5fc"],"providerId":null,"date":"2026-04-14"}
[2026-04-14T16:19:15.193Z] 🔵 Using date: "2026-04-14"
[2026-04-14T16:19:15.227Z] 🔵 Clinic: "muneeb"
[2026-04-14T16:19:15.240Z] 🔵 Total duration: 60
[2026-04-14T16:19:15.241Z] 🔵 Using timezone: "America/New_York"
[2026-04-14T16:19:15.249Z] 🔵 Day of week: "tuesday"
[2026-04-14T16:19:15.250Z] 🔵 Business hours for tuesday: {"open":"09:00","close":"23:00","isOpen":true}
[2026-04-14T16:19:15.251Z] 🔵 All business hours: {"monday":{"open":"09:00","close":"23:00","isOpen":true},"tuesday":{"open":"09:00","close":"23:00","isOpen":true},"wednesday":{"open":"09:00","close":"23:00","isOpen":true},"thursday":{"open":"09:00","close":"23:00","isOpen":true},"friday":{"open":"09:00","close":"23:00","isOpen":true},"saturday":{"open":"09:00","close":"18:00","isOpen":false},"sunday":{"open":"09:00","close":"18:00","isOpen":false}}
[2026-04-14T16:19:15.259Z] ✅ Clinic is open on tuesday from 09:00 to 23:00 
[2026-04-14T16:19:15.298Z] 🔵 Checking availability for 4 providers 
[2026-04-14T16:19:15.363Z] ✅ Found 20 slots for clinic: muneeb 
[2026-04-14T16:23:08.472Z] 🔵 Availability Request: {"clinicId":"4ca4e344-a7c6-473c-b3be-21b90c1ae067","serviceIds":["24484414-7772-4f7f-8d9c-26d45503d5fc"],"providerId":null,"date":"2026-04-14"}
[2026-04-14T16:23:08.473Z] 🔵 Using date: "2026-04-14"
[2026-04-14T16:23:08.510Z] 🔵 Clinic: "muneeb"
[2026-04-14T16:23:08.517Z] 🔵 Total duration: 60
[2026-04-14T16:23:08.518Z] 🔵 Using timezone: "America/New_York"
[2026-04-14T16:23:08.520Z] 🔵 Day of week: "tuesday"
[2026-04-14T16:23:08.521Z] 🔵 Business hours for tuesday: {"open":"09:00","close":"23:00","isOpen":true}
[2026-04-14T16:23:08.522Z] 🔵 All business hours: {"monday":{"open":"09:00","close":"23:00","isOpen":true},"tuesday":{"open":"09:00","close":"23:00","isOpen":true},"wednesday":{"open":"09:00","close":"23:00","isOpen":true},"thursday":{"open":"09:00","close":"23:00","isOpen":true},"friday":{"open":"09:00","close":"23:00","isOpen":true},"saturday":{"open":"09:00","close":"18:00","isOpen":false},"sunday":{"open":"09:00","close":"18:00","isOpen":false}}
[2026-04-14T16:23:08.523Z] ✅ Clinic is open on tuesday from 09:00 to 23:00 
[2026-04-14T16:23:08.554Z] 🔵 Checking availability for 4 providers 
[2026-04-14T16:23:08.587Z] ✅ Found 20 slots for clinic: muneeb 
[2026-04-14T16:23:41.316Z] 🔵 Availability Request: {"clinicId":"4ca4e344-a7c6-473c-b3be-21b90c1ae067","serviceIds":["24484414-7772-4f7f-8d9c-26d45503d5fc"],"providerId":null,"date":"2026-04-14"}
[2026-04-14T16:23:41.316Z] 🔵 Using date: "2026-04-14"
[2026-04-14T16:23:41.326Z] 🔵 Clinic: "muneeb"
[2026-04-14T16:23:41.359Z] 🔵 Total duration: 60
[2026-04-14T16:23:41.368Z] 🔵 Using timezone: "America/New_York"
[2026-04-14T16:23:41.376Z] 🔵 Day of week: "tuesday"
[2026-04-14T16:23:41.377Z] 🔵 Business hours for tuesday: {"open":"09:00","close":"23:00","isOpen":true}
[2026-04-14T16:23:41.383Z] 🔵 All business hours: {"monday":{"open":"09:00","close":"23:00","isOpen":true},"tuesday":{"open":"09:00","close":"23:00","isOpen":true},"wednesday":{"open":"09:00","close":"23:00","isOpen":true},"thursday":{"open":"09:00","close":"23:00","isOpen":true},"friday":{"open":"09:00","close":"23:00","isOpen":true},"saturday":{"open":"09:00","close":"18:00","isOpen":false},"sunday":{"open":"09:00","close":"18:00","isOpen":false}}
[2026-04-14T16:23:41.384Z] ✅ Clinic is open on tuesday from 09:00 to 23:00 
[2026-04-14T16:23:41.413Z] 🔵 Checking availability for 4 providers 
[2026-04-14T16:23:41.466Z] ✅ Found 20 slots for clinic: muneeb 
[2026-04-14T16:24:31.881Z] 🔵 Availability Request: {"clinicId":"4ca4e344-a7c6-473c-b3be-21b90c1ae067","serviceIds":["24484414-7772-4f7f-8d9c-26d45503d5fc"],"providerId":null,"date":"2026-04-14"}
[2026-04-14T16:24:31.882Z] 🔵 Using date: "2026-04-14"
[2026-04-14T16:24:31.902Z] 🔵 Clinic: "muneeb"
[2026-04-14T16:24:31.913Z] 🔵 Total duration: 60
[2026-04-14T16:24:31.914Z] 🔵 Using timezone: "America/New_York"
[2026-04-14T16:24:31.915Z] 🔵 Day of week: "tuesday"
[2026-04-14T16:24:31.916Z] 🔵 Business hours for tuesday: {"open":"09:00","close":"23:00","isOpen":true}
[2026-04-14T16:24:31.919Z] 🔵 All business hours: {"monday":{"open":"09:00","close":"23:00","isOpen":true},"tuesday":{"open":"09:00","close":"23:00","isOpen":true},"wednesday":{"open":"09:00","close":"23:00","isOpen":true},"thursday":{"open":"09:00","close":"23:00","isOpen":true},"friday":{"open":"09:00","close":"23:00","isOpen":true},"saturday":{"open":"09:00","close":"18:00","isOpen":false},"sunday":{"open":"09:00","close":"18:00","isOpen":false}}
[2026-04-14T16:24:31.923Z] ✅ Clinic is open on tuesday from 09:00 to 23:00 
[2026-04-14T16:24:31.945Z] 🔵 Checking availability for 4 providers 
[2026-04-14T16:24:32.019Z] ✅ Found 20 slots for clinic: muneeb 
[2026-04-14T16:30:44.377Z] 🔵 Availability Request: {"clinicId":"1f0c099e-663f-462a-bd8d-b90ad71cbb01","serviceIds":["7cc7ae88-9a64-43f2-9ff3-8a2253a52242"],"providerId":null,"date":"2026-04-14"}
[2026-04-14T16:30:44.407Z] 🔵 Using date: "2026-04-14"
[2026-04-14T16:30:44.456Z] 🔵 Clinic: "ehsan clinic"
[2026-04-14T16:30:44.465Z] 🔵 Total duration: 60
[2026-04-14T16:30:44.466Z] 🔵 Using timezone: "America/New_York"
[2026-04-14T16:30:44.472Z] 🔵 Day of week: "tuesday"
[2026-04-14T16:30:44.474Z] 🔵 Business hours for tuesday: {"open":"09:00","close":"17:00","isOpen":true}
[2026-04-14T16:30:44.474Z] 🔵 All business hours: {"monday":{"open":"09:00","close":"17:00","isOpen":true},"tuesday":{"open":"09:00","close":"17:00","isOpen":true},"wednesday":{"open":"09:00","close":"17:00","isOpen":true},"thursday":{"open":"09:00","close":"17:00","isOpen":true},"friday":{"open":"09:00","close":"17:00","isOpen":true},"saturday":{"open":"10:00","close":"15:00","isOpen":true},"sunday":{"open":"10:00","close":"15:00","isOpen":false}}
[2026-04-14T16:30:44.476Z] ✅ Clinic is open on tuesday from 09:00 to 17:00 
[2026-04-14T16:30:44.501Z] 🔵 Checking availability for 4 providers 
[2026-04-14T16:30:44.580Z] ✅ Found 7 slots for clinic: ehsan clinic 
[2026-04-14T16:31:12.779Z] 🔵 Availability Request: {"clinicId":"4ca4e344-a7c6-473c-b3be-21b90c1ae067","serviceIds":["24484414-7772-4f7f-8d9c-26d45503d5fc"],"providerId":null,"date":"2026-04-14"}
[2026-04-14T16:31:12.781Z] 🔵 Using date: "2026-04-14"
[2026-04-14T16:31:12.829Z] 🔵 Clinic: "muneeb"
[2026-04-14T16:31:12.835Z] 🔵 Total duration: 60
[2026-04-14T16:31:12.839Z] 🔵 Using timezone: "America/New_York"
[2026-04-14T16:31:12.842Z] 🔵 Day of week: "tuesday"
[2026-04-14T16:31:12.843Z] 🔵 Business hours for tuesday: {"open":"09:00","close":"23:00","isOpen":true}
[2026-04-14T16:31:12.844Z] 🔵 All business hours: {"monday":{"open":"09:00","close":"23:00","isOpen":true},"tuesday":{"open":"09:00","close":"23:00","isOpen":true},"wednesday":{"open":"09:00","close":"23:00","isOpen":true},"thursday":{"open":"09:00","close":"23:00","isOpen":true},"friday":{"open":"09:00","close":"23:00","isOpen":true},"saturday":{"open":"09:00","close":"18:00","isOpen":false},"sunday":{"open":"09:00","close":"18:00","isOpen":false}}
[2026-04-14T16:31:12.846Z] ✅ Clinic is open on tuesday from 09:00 to 23:00 
[2026-04-14T16:31:12.868Z] 🔵 Checking availability for 4 providers 
[2026-04-14T16:31:12.908Z] ✅ Found 19 slots for clinic: muneeb 
[2026-04-14T16:33:14.017Z] 🔵 Availability Request: {"clinicId":"4ca4e344-a7c6-473c-b3be-21b90c1ae067","serviceIds":["24484414-7772-4f7f-8d9c-26d45503d5fc"],"providerId":null,"date":"2026-04-14"}
[2026-04-14T16:33:14.018Z] 🔵 Using date: "2026-04-14"
[2026-04-14T16:33:14.038Z] 🔵 Clinic: "muneeb"
[2026-04-14T16:33:14.053Z] 🔵 Total duration: 60
[2026-04-14T16:33:14.057Z] 🔵 Using timezone: "America/New_York"
[2026-04-14T16:33:14.058Z] 🔵 Day of week: "tuesday"
[2026-04-14T16:33:14.060Z] 🔵 Business hours for tuesday: {"open":"09:00","close":"23:00","isOpen":true}
[2026-04-14T16:33:14.061Z] 🔵 All business hours: {"monday":{"open":"09:00","close":"23:00","isOpen":true},"tuesday":{"open":"09:00","close":"23:00","isOpen":true},"wednesday":{"open":"09:00","close":"23:00","isOpen":true},"thursday":{"open":"09:00","close":"23:00","isOpen":true},"friday":{"open":"09:00","close":"23:00","isOpen":true},"saturday":{"open":"09:00","close":"18:00","isOpen":false},"sunday":{"open":"09:00","close":"18:00","isOpen":false}}
[2026-04-14T16:33:14.061Z] ✅ Clinic is open on tuesday from 09:00 to 23:00 
[2026-04-14T16:33:14.095Z] 🔵 Checking availability for 4 providers 
[2026-04-14T16:33:14.138Z] ✅ Found 19 slots for clinic: muneeb 
[2026-04-14T16:35:29.995Z] 🔵 Availability Request: {"clinicId":"4ca4e344-a7c6-473c-b3be-21b90c1ae067","serviceIds":["24484414-7772-4f7f-8d9c-26d45503d5fc"],"providerId":null,"date":"2026-04-14"}
[2026-04-14T16:35:30.000Z] 🔵 Using date: "2026-04-14"
[2026-04-14T16:35:30.014Z] 🔵 Clinic: "muneeb"
[2026-04-14T16:35:30.019Z] 🔵 Total duration: 60
[2026-04-14T16:35:30.021Z] 🔵 Using timezone: "America/New_York"
[2026-04-14T16:35:30.021Z] 🔵 Day of week: "tuesday"
[2026-04-14T16:35:30.022Z] 🔵 Business hours for tuesday: {"open":"09:00","close":"23:00","isOpen":true}
[2026-04-14T16:35:30.027Z] 🔵 All business hours: {"monday":{"open":"09:00","close":"23:00","isOpen":true},"tuesday":{"open":"09:00","close":"23:00","isOpen":true},"wednesday":{"open":"09:00","close":"23:00","isOpen":true},"thursday":{"open":"09:00","close":"23:00","isOpen":true},"friday":{"open":"09:00","close":"23:00","isOpen":true},"saturday":{"open":"09:00","close":"18:00","isOpen":false},"sunday":{"open":"09:00","close":"18:00","isOpen":false}}
[2026-04-14T16:35:30.028Z] ✅ Clinic is open on tuesday from 09:00 to 23:00 
[2026-04-14T16:35:30.052Z] 🔵 Checking availability for 4 providers 
[2026-04-14T16:35:30.115Z] ✅ Found 19 slots for clinic: muneeb 
[2026-04-14T16:35:58.652Z] 🔵 Availability Request: {"clinicId":"4ca4e344-a7c6-473c-b3be-21b90c1ae067","serviceIds":["24484414-7772-4f7f-8d9c-26d45503d5fc"],"providerId":null,"date":"2026-04-14"}
[2026-04-14T16:35:58.653Z] 🔵 Using date: "2026-04-14"
[2026-04-14T16:35:58.667Z] 🔵 Clinic: "muneeb"
[2026-04-14T16:35:58.671Z] 🔵 Total duration: 60
[2026-04-14T16:35:58.672Z] 🔵 Using timezone: "America/New_York"
[2026-04-14T16:35:58.675Z] 🔵 Day of week: "tuesday"
[2026-04-14T16:35:58.676Z] 🔵 Business hours for tuesday: {"open":"09:00","close":"23:00","isOpen":true}
[2026-04-14T16:35:58.677Z] 🔵 All business hours: {"monday":{"open":"09:00","close":"23:00","isOpen":true},"tuesday":{"open":"09:00","close":"23:00","isOpen":true},"wednesday":{"open":"09:00","close":"23:00","isOpen":true},"thursday":{"open":"09:00","close":"23:00","isOpen":true},"friday":{"open":"09:00","close":"23:00","isOpen":true},"saturday":{"open":"09:00","close":"18:00","isOpen":false},"sunday":{"open":"09:00","close":"18:00","isOpen":false}}
[2026-04-14T16:35:58.681Z] ✅ Clinic is open on tuesday from 09:00 to 23:00 
[2026-04-14T16:35:58.700Z] 🔵 Checking availability for 4 providers 
[2026-04-14T16:35:58.724Z] ✅ Found 19 slots for clinic: muneeb 
[2026-04-14T16:39:03.860Z] 🔵 Availability Request: {"clinicId":"4ca4e344-a7c6-473c-b3be-21b90c1ae067","serviceIds":["24484414-7772-4f7f-8d9c-26d45503d5fc"],"providerId":null,"date":"2026-04-14"}
[2026-04-14T16:39:03.863Z] 🔵 Using date: "2026-04-14"
[2026-04-14T16:39:03.885Z] 🔵 Clinic: "muneeb"
[2026-04-14T16:39:03.892Z] 🔵 Total duration: 60
[2026-04-14T16:39:03.894Z] 🔵 Using timezone: "America/New_York"
[2026-04-14T16:39:03.904Z] 🔵 Day of week: "tuesday"
[2026-04-14T16:39:03.905Z] 🔵 Business hours for tuesday: {"open":"09:00","close":"23:00","isOpen":true}
[2026-04-14T16:39:03.906Z] 🔵 All business hours: {"monday":{"open":"09:00","close":"23:00","isOpen":true},"tuesday":{"open":"09:00","close":"23:00","isOpen":true},"wednesday":{"open":"09:00","close":"23:00","isOpen":true},"thursday":{"open":"09:00","close":"23:00","isOpen":true},"friday":{"open":"09:00","close":"23:00","isOpen":true},"saturday":{"open":"09:00","close":"18:00","isOpen":false},"sunday":{"open":"09:00","close":"18:00","isOpen":false}}
[2026-04-14T16:39:03.907Z] ✅ Clinic is open on tuesday from 09:00 to 23:00 
[2026-04-14T16:39:03.938Z] 🔵 Checking availability for 4 providers 
[2026-04-14T16:39:04.021Z] ❌ Error in getAvailableSlots: {"message":"In is not defined","stack":"ReferenceError: In is not defined\n    at AvailabilityService.getAvailableSlots (E:\\ebizz\\medical-aesthetics-backend\\src\\modules\\bookings\\availability.service.ts:153:19)\n    at processTicksAndRejections (node:internal/process/task_queues:105:5)\n    at BookingsController.getAvailability (E:\\ebizz\\medical-aesthetics-backend\\src\\modules\\bookings\\bookings.controller.ts:41:22)\n    at E:\\ebizz\\medical-aesthetics-backend\\node_modules\\@nestjs\\core\\router\\router-execution-context.js:46:28\n    at E:\\ebizz\\medical-aesthetics-backend\\node_modules\\@nestjs\\core\\router\\router-proxy.js:9:17","details":{}}
[2026-04-14T16:40:04.857Z] 🔵 Availability Request: {"clinicId":"4ca4e344-a7c6-473c-b3be-21b90c1ae067","serviceIds":["24484414-7772-4f7f-8d9c-26d45503d5fc"],"providerId":null,"date":"2026-04-14"}
[2026-04-14T16:40:04.858Z] 🔵 Using date: "2026-04-14"
[2026-04-14T16:40:04.871Z] 🔵 Clinic: "muneeb"
[2026-04-14T16:40:04.875Z] 🔵 Total duration: 60
[2026-04-14T16:40:04.876Z] 🔵 Using timezone: "America/New_York"
[2026-04-14T16:40:04.877Z] 🔵 Day of week: "tuesday"
[2026-04-14T16:40:04.877Z] 🔵 Business hours for tuesday: {"open":"09:00","close":"23:00","isOpen":true}
[2026-04-14T16:40:04.880Z] 🔵 All business hours: {"monday":{"open":"09:00","close":"23:00","isOpen":true},"tuesday":{"open":"09:00","close":"23:00","isOpen":true},"wednesday":{"open":"09:00","close":"23:00","isOpen":true},"thursday":{"open":"09:00","close":"23:00","isOpen":true},"friday":{"open":"09:00","close":"23:00","isOpen":true},"saturday":{"open":"09:00","close":"18:00","isOpen":false},"sunday":{"open":"09:00","close":"18:00","isOpen":false}}
[2026-04-14T16:40:04.881Z] ✅ Clinic is open on tuesday from 09:00 to 23:00 
[2026-04-14T16:40:04.906Z] 🔵 Checking availability for 4 providers 
[2026-04-14T16:40:04.907Z] ❌ Error in getAvailableSlots: {"message":"In is not defined","stack":"ReferenceError: In is not defined\n    at AvailabilityService.getAvailableSlots (E:\\ebizz\\medical-aesthetics-backend\\src\\modules\\bookings\\availability.service.ts:153:19)\n    at processTicksAndRejections (node:internal/process/task_queues:105:5)\n    at BookingsController.getAvailability (E:\\ebizz\\medical-aesthetics-backend\\src\\modules\\bookings\\bookings.controller.ts:41:22)\n    at E:\\ebizz\\medical-aesthetics-backend\\node_modules\\@nestjs\\core\\router\\router-execution-context.js:46:28\n    at E:\\ebizz\\medical-aesthetics-backend\\node_modules\\@nestjs\\core\\router\\router-proxy.js:9:17","details":{}}
[2026-04-14T16:40:56.930Z] 🔵 Availability Request: {"clinicId":"4ca4e344-a7c6-473c-b3be-21b90c1ae067","serviceIds":["24484414-7772-4f7f-8d9c-26d45503d5fc"],"providerId":null,"date":"2026-04-14"}
[2026-04-14T16:40:56.941Z] 🔵 Using date: "2026-04-14"
[2026-04-14T16:40:56.953Z] 🔵 Clinic: "muneeb"
[2026-04-14T16:40:56.958Z] 🔵 Total duration: 60
[2026-04-14T16:40:56.959Z] 🔵 Using timezone: "America/New_York"
[2026-04-14T16:40:56.965Z] 🔵 Day of week: "tuesday"
[2026-04-14T16:40:56.965Z] 🔵 Business hours for tuesday: {"open":"09:00","close":"23:00","isOpen":true}
[2026-04-14T16:40:56.966Z] 🔵 All business hours: {"monday":{"open":"09:00","close":"23:00","isOpen":true},"tuesday":{"open":"09:00","close":"23:00","isOpen":true},"wednesday":{"open":"09:00","close":"23:00","isOpen":true},"thursday":{"open":"09:00","close":"23:00","isOpen":true},"friday":{"open":"09:00","close":"23:00","isOpen":true},"saturday":{"open":"09:00","close":"18:00","isOpen":false},"sunday":{"open":"09:00","close":"18:00","isOpen":false}}
[2026-04-14T16:40:56.968Z] ✅ Clinic is open on tuesday from 09:00 to 23:00 
[2026-04-14T16:40:56.993Z] 🔵 Checking availability for 4 providers 
[2026-04-14T16:40:57.022Z] ✅ Found 19 slots for clinic: muneeb 
[2026-04-14T16:41:22.133Z] 🔵 Availability Request: {"clinicId":"4ca4e344-a7c6-473c-b3be-21b90c1ae067","serviceIds":["24484414-7772-4f7f-8d9c-26d45503d5fc"],"providerId":null,"date":"2026-04-14"}
[2026-04-14T16:41:22.134Z] 🔵 Using date: "2026-04-14"
[2026-04-14T16:41:22.160Z] 🔵 Clinic: "muneeb"
[2026-04-14T16:41:22.169Z] 🔵 Total duration: 60
[2026-04-14T16:41:22.170Z] 🔵 Using timezone: "America/New_York"
[2026-04-14T16:41:22.171Z] 🔵 Day of week: "tuesday"
[2026-04-14T16:41:22.172Z] 🔵 Business hours for tuesday: {"open":"09:00","close":"23:00","isOpen":true}
[2026-04-14T16:41:22.172Z] 🔵 All business hours: {"monday":{"open":"09:00","close":"23:00","isOpen":true},"tuesday":{"open":"09:00","close":"23:00","isOpen":true},"wednesday":{"open":"09:00","close":"23:00","isOpen":true},"thursday":{"open":"09:00","close":"23:00","isOpen":true},"friday":{"open":"09:00","close":"23:00","isOpen":true},"saturday":{"open":"09:00","close":"18:00","isOpen":false},"sunday":{"open":"09:00","close":"18:00","isOpen":false}}
[2026-04-14T16:41:22.173Z] ✅ Clinic is open on tuesday from 09:00 to 23:00 
[2026-04-14T16:41:22.204Z] 🔵 Checking availability for 4 providers 
[2026-04-14T16:41:22.251Z] ✅ Found 19 slots for clinic: muneeb 
[2026-04-14T16:41:57.627Z] 🔵 Availability Request: {"clinicId":"4ca4e344-a7c6-473c-b3be-21b90c1ae067","serviceIds":["24484414-7772-4f7f-8d9c-26d45503d5fc"],"providerId":null,"date":"2026-04-14"}
[2026-04-14T16:41:57.628Z] 🔵 Using date: "2026-04-14"
[2026-04-14T16:41:57.693Z] 🔵 Clinic: "muneeb"
[2026-04-14T16:41:57.739Z] 🔵 Total duration: 60
[2026-04-14T16:41:57.741Z] 🔵 Using timezone: "America/New_York"
[2026-04-14T16:41:57.750Z] 🔵 Day of week: "tuesday"
[2026-04-14T16:41:57.757Z] 🔵 Business hours for tuesday: {"open":"09:00","close":"23:00","isOpen":true}
[2026-04-14T16:41:57.788Z] 🔵 All business hours: {"monday":{"open":"09:00","close":"23:00","isOpen":true},"tuesday":{"open":"09:00","close":"23:00","isOpen":true},"wednesday":{"open":"09:00","close":"23:00","isOpen":true},"thursday":{"open":"09:00","close":"23:00","isOpen":true},"friday":{"open":"09:00","close":"23:00","isOpen":true},"saturday":{"open":"09:00","close":"18:00","isOpen":false},"sunday":{"open":"09:00","close":"18:00","isOpen":false}}
[2026-04-14T16:41:57.793Z] ✅ Clinic is open on tuesday from 09:00 to 23:00 
[2026-04-14T16:41:57.928Z] 🔵 Checking availability for 4 providers 
[2026-04-14T16:41:57.997Z] ✅ Found 19 slots for clinic: muneeb 
[2026-04-14T16:42:11.798Z] 🔵 Availability Request: {"clinicId":"4ca4e344-a7c6-473c-b3be-21b90c1ae067","serviceIds":["24484414-7772-4f7f-8d9c-26d45503d5fc"],"providerId":null,"date":"2026-04-14"}
[2026-04-14T16:42:11.799Z] 🔵 Using date: "2026-04-14"
[2026-04-14T16:42:11.819Z] 🔵 Clinic: "muneeb"
[2026-04-14T16:42:11.826Z] 🔵 Total duration: 60
[2026-04-14T16:42:11.851Z] 🔵 Using timezone: "America/New_York"
[2026-04-14T16:42:11.852Z] 🔵 Day of week: "tuesday"
[2026-04-14T16:42:11.852Z] 🔵 Business hours for tuesday: {"open":"09:00","close":"23:00","isOpen":true}
[2026-04-14T16:42:11.853Z] 🔵 All business hours: {"monday":{"open":"09:00","close":"23:00","isOpen":true},"tuesday":{"open":"09:00","close":"23:00","isOpen":true},"wednesday":{"open":"09:00","close":"23:00","isOpen":true},"thursday":{"open":"09:00","close":"23:00","isOpen":true},"friday":{"open":"09:00","close":"23:00","isOpen":true},"saturday":{"open":"09:00","close":"18:00","isOpen":false},"sunday":{"open":"09:00","close":"18:00","isOpen":false}}
[2026-04-14T16:42:11.854Z] ✅ Clinic is open on tuesday from 09:00 to 23:00 
[2026-04-14T16:42:11.882Z] 🔵 Checking availability for 4 providers 
[2026-04-14T16:42:11.911Z] ✅ Found 19 slots for clinic: muneeb 
[2026-04-14T16:42:38.944Z] 🔵 Availability Request: {"clinicId":"4ca4e344-a7c6-473c-b3be-21b90c1ae067","serviceIds":["24484414-7772-4f7f-8d9c-26d45503d5fc"],"providerId":null,"date":"2026-04-14"}
[2026-04-14T16:42:38.945Z] 🔵 Using date: "2026-04-14"
[2026-04-14T16:42:38.960Z] 🔵 Clinic: "muneeb"
[2026-04-14T16:42:38.964Z] 🔵 Total duration: 60
[2026-04-14T16:42:38.969Z] 🔵 Using timezone: "America/New_York"
[2026-04-14T16:42:38.977Z] 🔵 Day of week: "tuesday"
[2026-04-14T16:42:38.978Z] 🔵 Business hours for tuesday: {"open":"09:00","close":"23:00","isOpen":true}
[2026-04-14T16:42:38.978Z] 🔵 All business hours: {"monday":{"open":"09:00","close":"23:00","isOpen":true},"tuesday":{"open":"09:00","close":"23:00","isOpen":true},"wednesday":{"open":"09:00","close":"23:00","isOpen":true},"thursday":{"open":"09:00","close":"23:00","isOpen":true},"friday":{"open":"09:00","close":"23:00","isOpen":true},"saturday":{"open":"09:00","close":"18:00","isOpen":false},"sunday":{"open":"09:00","close":"18:00","isOpen":false}}
[2026-04-14T16:42:38.981Z] ✅ Clinic is open on tuesday from 09:00 to 23:00 
[2026-04-14T16:42:38.997Z] 🔵 Checking availability for 4 providers 
[2026-04-14T16:42:39.032Z] ✅ Found 19 slots for clinic: muneeb 
[2026-04-14T16:44:01.992Z] 🔵 Availability Request: {"clinicId":"4ca4e344-a7c6-473c-b3be-21b90c1ae067","serviceIds":["24484414-7772-4f7f-8d9c-26d45503d5fc"],"providerId":null,"date":"2026-04-14"}
[2026-04-14T16:44:02.003Z] 🔵 Using date: "2026-04-14"
[2026-04-14T16:44:02.021Z] 🔵 Clinic: "muneeb"
[2026-04-14T16:44:02.026Z] 🔵 Total duration: 60
[2026-04-14T16:44:02.027Z] 🔵 Using timezone: "America/New_York"
[2026-04-14T16:44:02.027Z] 🔵 Day of week: "tuesday"
[2026-04-14T16:44:02.028Z] 🔵 Business hours for tuesday: {"open":"09:00","close":"23:00","isOpen":true}
[2026-04-14T16:44:02.029Z] 🔵 All business hours: {"monday":{"open":"09:00","close":"23:00","isOpen":true},"tuesday":{"open":"09:00","close":"23:00","isOpen":true},"wednesday":{"open":"09:00","close":"23:00","isOpen":true},"thursday":{"open":"09:00","close":"23:00","isOpen":true},"friday":{"open":"09:00","close":"23:00","isOpen":true},"saturday":{"open":"09:00","close":"18:00","isOpen":false},"sunday":{"open":"09:00","close":"18:00","isOpen":false}}
[2026-04-14T16:44:02.030Z] ✅ Clinic is open on tuesday from 09:00 to 23:00 
[2026-04-14T16:44:02.048Z] 🔵 Checking availability for 4 providers 
[2026-04-14T16:44:02.094Z] ✅ Found 19 slots for clinic: muneeb 
[2026-04-14T16:44:38.525Z] 🔵 Availability Request: {"clinicId":"4ca4e344-a7c6-473c-b3be-21b90c1ae067","serviceIds":["24484414-7772-4f7f-8d9c-26d45503d5fc"],"providerId":null,"date":"2026-04-14"}
[2026-04-14T16:44:38.526Z] 🔵 Using date: "2026-04-14"
[2026-04-14T16:44:38.598Z] 🔵 Clinic: "muneeb"
[2026-04-14T16:44:38.630Z] 🔵 Total duration: 60
[2026-04-14T16:44:38.631Z] 🔵 Using timezone: "America/New_York"
[2026-04-14T16:44:38.646Z] 🔵 Day of week: "tuesday"
[2026-04-14T16:44:38.647Z] 🔵 Business hours for tuesday: {"open":"09:00","close":"23:00","isOpen":true}
[2026-04-14T16:44:38.663Z] 🔵 All business hours: {"monday":{"open":"09:00","close":"23:00","isOpen":true},"tuesday":{"open":"09:00","close":"23:00","isOpen":true},"wednesday":{"open":"09:00","close":"23:00","isOpen":true},"thursday":{"open":"09:00","close":"23:00","isOpen":true},"friday":{"open":"09:00","close":"23:00","isOpen":true},"saturday":{"open":"09:00","close":"18:00","isOpen":false},"sunday":{"open":"09:00","close":"18:00","isOpen":false}}
[2026-04-14T16:44:38.679Z] ✅ Clinic is open on tuesday from 09:00 to 23:00 
[2026-04-14T16:44:38.759Z] 🔵 Checking availability for 4 providers 
[2026-04-14T16:44:38.874Z] ✅ Found 17 slots for clinic: muneeb 
[2026-04-14T16:46:56.156Z] 🔵 Availability Request: {"clinicId":"4ca4e344-a7c6-473c-b3be-21b90c1ae067","serviceIds":["24484414-7772-4f7f-8d9c-26d45503d5fc"],"providerId":null,"date":"2026-04-14"}
[2026-04-14T16:46:56.158Z] 🔵 Using date: "2026-04-14"
[2026-04-14T16:46:56.174Z] 🔵 Clinic: "muneeb"
[2026-04-14T16:46:56.180Z] 🔵 Total duration: 60
[2026-04-14T16:46:56.181Z] 🔵 Using timezone: "America/New_York"
[2026-04-14T16:46:56.186Z] 🔵 Day of week: "tuesday"
[2026-04-14T16:46:56.187Z] 🔵 Business hours for tuesday: {"open":"09:00","close":"23:00","isOpen":true}
[2026-04-14T16:46:56.188Z] 🔵 All business hours: {"monday":{"open":"09:00","close":"23:00","isOpen":true},"tuesday":{"open":"09:00","close":"23:00","isOpen":true},"wednesday":{"open":"09:00","close":"23:00","isOpen":true},"thursday":{"open":"09:00","close":"23:00","isOpen":true},"friday":{"open":"09:00","close":"23:00","isOpen":true},"saturday":{"open":"09:00","close":"18:00","isOpen":false},"sunday":{"open":"09:00","close":"18:00","isOpen":false}}
[2026-04-14T16:46:56.189Z] ✅ Clinic is open on tuesday from 09:00 to 23:00 
[2026-04-14T16:46:56.207Z] 🔵 Checking availability for 4 providers 
[2026-04-14T16:46:56.237Z] ✅ Found 16 slots for clinic: muneeb 
[2026-04-14T16:47:32.583Z] 🔵 Availability Request: {"clinicId":"1f0c099e-663f-462a-bd8d-b90ad71cbb01","serviceIds":["7cc7ae88-9a64-43f2-9ff3-8a2253a52242"],"providerId":null,"date":"2026-04-14"}
[2026-04-14T16:47:32.585Z] 🔵 Using date: "2026-04-14"
[2026-04-14T16:47:32.680Z] 🔵 Clinic: "ehsan clinic"
[2026-04-14T16:47:32.706Z] 🔵 Total duration: 60
[2026-04-14T16:47:32.709Z] 🔵 Using timezone: "America/New_York"
[2026-04-14T16:47:32.735Z] 🔵 Day of week: "tuesday"
[2026-04-14T16:47:32.751Z] 🔵 Business hours for tuesday: {"open":"09:00","close":"17:00","isOpen":true}
[2026-04-14T16:47:32.797Z] 🔵 All business hours: {"monday":{"open":"09:00","close":"17:00","isOpen":true},"tuesday":{"open":"09:00","close":"17:00","isOpen":true},"wednesday":{"open":"09:00","close":"17:00","isOpen":true},"thursday":{"open":"09:00","close":"17:00","isOpen":true},"friday":{"open":"09:00","close":"17:00","isOpen":true},"saturday":{"open":"10:00","close":"15:00","isOpen":true},"sunday":{"open":"10:00","close":"15:00","isOpen":false}}
[2026-04-14T16:47:32.799Z] ✅ Clinic is open on tuesday from 09:00 to 17:00 
[2026-04-14T16:47:32.946Z] 🔵 Checking availability for 4 providers 
[2026-04-14T16:47:33.212Z] ✅ Found 7 slots for clinic: ehsan clinic 
[2026-04-14T16:48:50.567Z] 🔵 Availability Request: {"clinicId":"1f0c099e-663f-462a-bd8d-b90ad71cbb01","serviceIds":["7cc7ae88-9a64-43f2-9ff3-8a2253a52242"],"providerId":null,"date":"2026-04-14"}
[2026-04-14T16:48:50.568Z] 🔵 Using date: "2026-04-14"
[2026-04-14T16:48:50.581Z] 🔵 Clinic: "ehsan clinic"
[2026-04-14T16:48:50.589Z] 🔵 Total duration: 60
[2026-04-14T16:48:50.594Z] 🔵 Using timezone: "America/New_York"
[2026-04-14T16:48:50.604Z] 🔵 Day of week: "tuesday"
[2026-04-14T16:48:50.619Z] 🔵 Business hours for tuesday: {"open":"09:00","close":"17:00","isOpen":true}
[2026-04-14T16:48:50.624Z] 🔵 All business hours: {"monday":{"open":"09:00","close":"17:00","isOpen":true},"tuesday":{"open":"09:00","close":"17:00","isOpen":true},"wednesday":{"open":"09:00","close":"17:00","isOpen":true},"thursday":{"open":"09:00","close":"17:00","isOpen":true},"friday":{"open":"09:00","close":"17:00","isOpen":true},"saturday":{"open":"10:00","close":"15:00","isOpen":true},"sunday":{"open":"10:00","close":"15:00","isOpen":false}}
[2026-04-14T16:48:50.629Z] ✅ Clinic is open on tuesday from 09:00 to 17:00 
[2026-04-14T16:48:50.655Z] 🔵 Checking availability for 4 providers 
[2026-04-14T16:48:50.713Z] ✅ Found 7 slots for clinic: ehsan clinic 
[2026-04-14T16:49:04.275Z] 🔵 Availability Request: {"clinicId":"1f0c099e-663f-462a-bd8d-b90ad71cbb01","serviceIds":["7cc7ae88-9a64-43f2-9ff3-8a2253a52242"],"providerId":null,"date":"2026-04-14"}
[2026-04-14T16:49:04.277Z] 🔵 Using date: "2026-04-14"
[2026-04-14T16:49:04.302Z] 🔵 Clinic: "ehsan clinic"
[2026-04-14T16:49:04.318Z] 🔵 Total duration: 60
[2026-04-14T16:49:04.319Z] 🔵 Using timezone: "America/New_York"
[2026-04-14T16:49:04.322Z] 🔵 Day of week: "tuesday"
[2026-04-14T16:49:04.334Z] 🔵 Business hours for tuesday: {"open":"09:00","close":"17:00","isOpen":true}
[2026-04-14T16:49:04.339Z] 🔵 All business hours: {"monday":{"open":"09:00","close":"17:00","isOpen":true},"tuesday":{"open":"09:00","close":"17:00","isOpen":true},"wednesday":{"open":"09:00","close":"17:00","isOpen":true},"thursday":{"open":"09:00","close":"17:00","isOpen":true},"friday":{"open":"09:00","close":"17:00","isOpen":true},"saturday":{"open":"10:00","close":"15:00","isOpen":true},"sunday":{"open":"10:00","close":"15:00","isOpen":false}}
[2026-04-14T16:49:04.340Z] ✅ Clinic is open on tuesday from 09:00 to 17:00 
[2026-04-14T16:49:04.505Z] 🔵 Checking availability for 4 providers 
[2026-04-14T16:49:04.618Z] ✅ Found 7 slots for clinic: ehsan clinic 
[2026-04-14T16:49:21.068Z] 🔵 Availability Request: {"clinicId":"1f0c099e-663f-462a-bd8d-b90ad71cbb01","serviceIds":["7cc7ae88-9a64-43f2-9ff3-8a2253a52242"],"providerId":null,"date":"2026-04-14"}
[2026-04-14T16:49:21.069Z] 🔵 Using date: "2026-04-14"
[2026-04-14T16:49:21.090Z] 🔵 Clinic: "ehsan clinic"
[2026-04-14T16:49:21.101Z] 🔵 Total duration: 60
[2026-04-14T16:49:21.102Z] 🔵 Using timezone: "America/New_York"
[2026-04-14T16:49:21.103Z] 🔵 Day of week: "tuesday"
[2026-04-14T16:49:21.104Z] 🔵 Business hours for tuesday: {"open":"09:00","close":"17:00","isOpen":true}
[2026-04-14T16:49:21.105Z] 🔵 All business hours: {"monday":{"open":"09:00","close":"17:00","isOpen":true},"tuesday":{"open":"09:00","close":"17:00","isOpen":true},"wednesday":{"open":"09:00","close":"17:00","isOpen":true},"thursday":{"open":"09:00","close":"17:00","isOpen":true},"friday":{"open":"09:00","close":"17:00","isOpen":true},"saturday":{"open":"10:00","close":"15:00","isOpen":true},"sunday":{"open":"10:00","close":"15:00","isOpen":false}}
[2026-04-14T16:49:21.105Z] ✅ Clinic is open on tuesday from 09:00 to 17:00 
[2026-04-14T16:49:21.151Z] 🔵 Checking availability for 4 providers 
[2026-04-14T16:49:21.263Z] ✅ Found 7 slots for clinic: ehsan clinic 
[2026-04-14T16:50:06.653Z] 🔵 Availability Request: {"clinicId":"1f0c099e-663f-462a-bd8d-b90ad71cbb01","serviceIds":["dfe5bfd5-1b83-4a33-804e-ce044e5c66af"],"providerId":null,"date":"2026-04-14"}
[2026-04-14T16:50:06.658Z] 🔵 Using date: "2026-04-14"
[2026-04-14T16:50:06.702Z] 🔵 Clinic: "ehsan clinic"
[2026-04-14T16:50:06.716Z] 🔵 Total duration: 60
[2026-04-14T16:50:06.720Z] 🔵 Using timezone: "America/New_York"
[2026-04-14T16:50:06.721Z] 🔵 Day of week: "tuesday"
[2026-04-14T16:50:06.732Z] 🔵 Business hours for tuesday: {"open":"09:00","close":"17:00","isOpen":true}
[2026-04-14T16:50:06.737Z] 🔵 All business hours: {"monday":{"open":"09:00","close":"17:00","isOpen":true},"tuesday":{"open":"09:00","close":"17:00","isOpen":true},"wednesday":{"open":"09:00","close":"17:00","isOpen":true},"thursday":{"open":"09:00","close":"17:00","isOpen":true},"friday":{"open":"09:00","close":"17:00","isOpen":true},"saturday":{"open":"10:00","close":"15:00","isOpen":true},"sunday":{"open":"10:00","close":"15:00","isOpen":false}}
[2026-04-14T16:50:06.745Z] ✅ Clinic is open on tuesday from 09:00 to 17:00 
[2026-04-14T16:50:06.807Z] 🔵 Checking availability for 4 providers 
[2026-04-14T16:50:06.858Z] ✅ Found 7 slots for clinic: ehsan clinic 
[2026-04-14T16:50:31.576Z] 🔵 Availability Request: {"clinicId":"1f0c099e-663f-462a-bd8d-b90ad71cbb01","serviceIds":["dfe5bfd5-1b83-4a33-804e-ce044e5c66af"],"providerId":null,"date":"2026-04-14"}
[2026-04-14T16:50:31.577Z] 🔵 Using date: "2026-04-14"
[2026-04-14T16:50:31.592Z] 🔵 Clinic: "ehsan clinic"
[2026-04-14T16:50:31.601Z] 🔵 Total duration: 60
[2026-04-14T16:50:31.602Z] 🔵 Using timezone: "America/New_York"
[2026-04-14T16:50:31.618Z] 🔵 Day of week: "tuesday"
[2026-04-14T16:50:31.631Z] 🔵 Business hours for tuesday: {"open":"09:00","close":"17:00","isOpen":true}
[2026-04-14T16:50:31.632Z] 🔵 All business hours: {"monday":{"open":"09:00","close":"17:00","isOpen":true},"tuesday":{"open":"09:00","close":"17:00","isOpen":true},"wednesday":{"open":"09:00","close":"17:00","isOpen":true},"thursday":{"open":"09:00","close":"17:00","isOpen":true},"friday":{"open":"09:00","close":"17:00","isOpen":true},"saturday":{"open":"10:00","close":"15:00","isOpen":true},"sunday":{"open":"10:00","close":"15:00","isOpen":false}}
[2026-04-14T16:50:31.639Z] ✅ Clinic is open on tuesday from 09:00 to 17:00 
[2026-04-14T16:50:31.664Z] 🔵 Checking availability for 4 providers 
[2026-04-14T16:50:31.690Z] ✅ Found 7 slots for clinic: ehsan clinic 
[2026-04-14T16:50:55.964Z] 🔵 Availability Request: {"clinicId":"4ca4e344-a7c6-473c-b3be-21b90c1ae067","serviceIds":["24484414-7772-4f7f-8d9c-26d45503d5fc"],"providerId":null,"date":"2026-04-14"}
[2026-04-14T16:50:55.966Z] 🔵 Using date: "2026-04-14"
[2026-04-14T16:50:55.977Z] 🔵 Clinic: "muneeb"
[2026-04-14T16:50:55.989Z] 🔵 Total duration: 60
[2026-04-14T16:50:55.990Z] 🔵 Using timezone: "America/New_York"
[2026-04-14T16:50:55.992Z] 🔵 Day of week: "tuesday"
[2026-04-14T16:50:55.996Z] 🔵 Business hours for tuesday: {"open":"09:00","close":"23:00","isOpen":true}
[2026-04-14T16:50:55.997Z] 🔵 All business hours: {"monday":{"open":"09:00","close":"23:00","isOpen":true},"tuesday":{"open":"09:00","close":"23:00","isOpen":true},"wednesday":{"open":"09:00","close":"23:00","isOpen":true},"thursday":{"open":"09:00","close":"23:00","isOpen":true},"friday":{"open":"09:00","close":"23:00","isOpen":true},"saturday":{"open":"09:00","close":"18:00","isOpen":false},"sunday":{"open":"09:00","close":"18:00","isOpen":false}}
[2026-04-14T16:50:55.998Z] ✅ Clinic is open on tuesday from 09:00 to 23:00 
[2026-04-14T16:50:56.036Z] 🔵 Checking availability for 4 providers 
[2026-04-14T16:50:56.074Z] ✅ Found 16 slots for clinic: muneeb 
[2026-04-14T16:51:45.342Z] 🔵 Availability Request: {"clinicId":"4ca4e344-a7c6-473c-b3be-21b90c1ae067","serviceIds":["24484414-7772-4f7f-8d9c-26d45503d5fc"],"providerId":null,"date":"2026-04-14"}
[2026-04-14T16:51:45.342Z] 🔵 Using date: "2026-04-14"
[2026-04-14T16:51:45.358Z] 🔵 Clinic: "muneeb"
[2026-04-14T16:51:45.365Z] 🔵 Total duration: 60
[2026-04-14T16:51:45.366Z] 🔵 Using timezone: "America/New_York"
[2026-04-14T16:51:45.367Z] 🔵 Day of week: "tuesday"
[2026-04-14T16:51:45.368Z] 🔵 Business hours for tuesday: {"open":"09:00","close":"23:00","isOpen":true}
[2026-04-14T16:51:45.369Z] 🔵 All business hours: {"monday":{"open":"09:00","close":"23:00","isOpen":true},"tuesday":{"open":"09:00","close":"23:00","isOpen":true},"wednesday":{"open":"09:00","close":"23:00","isOpen":true},"thursday":{"open":"09:00","close":"23:00","isOpen":true},"friday":{"open":"09:00","close":"23:00","isOpen":true},"saturday":{"open":"09:00","close":"18:00","isOpen":false},"sunday":{"open":"09:00","close":"18:00","isOpen":false}}
[2026-04-14T16:51:45.370Z] ✅ Clinic is open on tuesday from 09:00 to 23:00 
[2026-04-14T16:51:45.390Z] 🔵 Checking availability for 4 providers 
[2026-04-14T16:51:45.411Z] ✅ Found 16 slots for clinic: muneeb 
[2026-04-14T16:52:22.585Z] 🔵 Availability Request: {"clinicId":"4ca4e344-a7c6-473c-b3be-21b90c1ae067","serviceIds":["24484414-7772-4f7f-8d9c-26d45503d5fc"],"providerId":null,"date":"2026-04-14"}
[2026-04-14T16:52:22.586Z] 🔵 Using date: "2026-04-14"
[2026-04-14T16:52:22.596Z] 🔵 Clinic: "muneeb"
[2026-04-14T16:52:22.602Z] 🔵 Total duration: 60
[2026-04-14T16:52:22.603Z] 🔵 Using timezone: "America/New_York"
[2026-04-14T16:52:22.605Z] 🔵 Day of week: "tuesday"
[2026-04-14T16:52:22.607Z] 🔵 Business hours for tuesday: {"open":"09:00","close":"23:00","isOpen":true}
[2026-04-14T16:52:22.608Z] 🔵 All business hours: {"monday":{"open":"09:00","close":"23:00","isOpen":true},"tuesday":{"open":"09:00","close":"23:00","isOpen":true},"wednesday":{"open":"09:00","close":"23:00","isOpen":true},"thursday":{"open":"09:00","close":"23:00","isOpen":true},"friday":{"open":"09:00","close":"23:00","isOpen":true},"saturday":{"open":"09:00","close":"18:00","isOpen":false},"sunday":{"open":"09:00","close":"18:00","isOpen":false}}
[2026-04-14T16:52:22.609Z] ✅ Clinic is open on tuesday from 09:00 to 23:00 
[2026-04-14T16:52:22.628Z] 🔵 Checking availability for 4 providers 
[2026-04-14T16:52:22.657Z] ✅ Found 16 slots for clinic: muneeb 
[2026-04-14T16:52:35.524Z] 🔵 Availability Request: {"clinicId":"4ca4e344-a7c6-473c-b3be-21b90c1ae067","serviceIds":["24484414-7772-4f7f-8d9c-26d45503d5fc"],"providerId":null,"date":"2026-04-14"}
[2026-04-14T16:52:35.525Z] 🔵 Using date: "2026-04-14"
[2026-04-14T16:52:35.590Z] 🔵 Clinic: "muneeb"
[2026-04-14T16:52:35.607Z] 🔵 Total duration: 60
[2026-04-14T16:52:35.608Z] 🔵 Using timezone: "America/New_York"
[2026-04-14T16:52:35.615Z] 🔵 Day of week: "tuesday"
[2026-04-14T16:52:35.616Z] 🔵 Business hours for tuesday: {"open":"09:00","close":"23:00","isOpen":true}
[2026-04-14T16:52:35.619Z] 🔵 All business hours: {"monday":{"open":"09:00","close":"23:00","isOpen":true},"tuesday":{"open":"09:00","close":"23:00","isOpen":true},"wednesday":{"open":"09:00","close":"23:00","isOpen":true},"thursday":{"open":"09:00","close":"23:00","isOpen":true},"friday":{"open":"09:00","close":"23:00","isOpen":true},"saturday":{"open":"09:00","close":"18:00","isOpen":false},"sunday":{"open":"09:00","close":"18:00","isOpen":false}}
[2026-04-14T16:52:35.620Z] ✅ Clinic is open on tuesday from 09:00 to 23:00 
[2026-04-14T16:52:35.657Z] 🔵 Checking availability for 4 providers 
[2026-04-14T16:52:35.701Z] ✅ Found 16 slots for clinic: muneeb 
[2026-04-14T16:54:23.262Z] 🔵 Availability Request: {"clinicId":"4ca4e344-a7c6-473c-b3be-21b90c1ae067","serviceIds":["24484414-7772-4f7f-8d9c-26d45503d5fc"],"providerId":null,"date":"2026-04-14"}
[2026-04-14T16:54:23.263Z] 🔵 Using date: "2026-04-14"
[2026-04-14T16:54:23.281Z] 🔵 Clinic: "muneeb"
[2026-04-14T16:54:23.296Z] 🔵 Total duration: 60
[2026-04-14T16:54:23.298Z] 🔵 Using timezone: "America/New_York"
[2026-04-14T16:54:23.301Z] 🔵 Day of week: "tuesday"
[2026-04-14T16:54:23.303Z] 🔵 Business hours for tuesday: {"open":"09:00","close":"23:00","isOpen":true}
[2026-04-14T16:54:23.303Z] 🔵 All business hours: {"monday":{"open":"09:00","close":"23:00","isOpen":true},"tuesday":{"open":"09:00","close":"23:00","isOpen":true},"wednesday":{"open":"09:00","close":"23:00","isOpen":true},"thursday":{"open":"09:00","close":"23:00","isOpen":true},"friday":{"open":"09:00","close":"23:00","isOpen":true},"saturday":{"open":"09:00","close":"18:00","isOpen":false},"sunday":{"open":"09:00","close":"18:00","isOpen":false}}
[2026-04-14T16:54:23.304Z] ✅ Clinic is open on tuesday from 09:00 to 23:00 
[2026-04-14T16:54:23.337Z] 🔵 Checking availability for 4 providers 
[2026-04-14T16:54:23.384Z] ✅ Found 16 slots for clinic: muneeb 
[2026-04-14T16:54:54.227Z] 🔵 Availability Request: {"clinicId":"4ca4e344-a7c6-473c-b3be-21b90c1ae067","serviceIds":["24484414-7772-4f7f-8d9c-26d45503d5fc"],"providerId":null,"date":"2026-04-14"}
[2026-04-14T16:54:54.247Z] 🔵 Using date: "2026-04-14"
[2026-04-14T16:54:54.294Z] 🔵 Clinic: "muneeb"
[2026-04-14T16:54:54.303Z] 🔵 Total duration: 60
[2026-04-14T16:54:54.307Z] 🔵 Using timezone: "America/New_York"
[2026-04-14T16:54:54.310Z] 🔵 Day of week: "tuesday"
[2026-04-14T16:54:54.314Z] 🔵 Business hours for tuesday: {"open":"09:00","close":"23:00","isOpen":true}
[2026-04-14T16:54:54.314Z] 🔵 All business hours: {"monday":{"open":"09:00","close":"23:00","isOpen":true},"tuesday":{"open":"09:00","close":"23:00","isOpen":true},"wednesday":{"open":"09:00","close":"23:00","isOpen":true},"thursday":{"open":"09:00","close":"23:00","isOpen":true},"friday":{"open":"09:00","close":"23:00","isOpen":true},"saturday":{"open":"09:00","close":"18:00","isOpen":false},"sunday":{"open":"09:00","close":"18:00","isOpen":false}}
[2026-04-14T16:54:54.317Z] ✅ Clinic is open on tuesday from 09:00 to 23:00 
[2026-04-14T16:54:54.357Z] 🔵 Checking availability for 4 providers 
[2026-04-14T16:54:54.431Z] ✅ Found 16 slots for clinic: muneeb 
[2026-04-14T16:55:16.141Z] 🔵 Availability Request: {"clinicId":"1f0c099e-663f-462a-bd8d-b90ad71cbb01","serviceIds":["7cc7ae88-9a64-43f2-9ff3-8a2253a52242"],"providerId":null,"date":"2026-04-14"}
[2026-04-14T16:55:16.151Z] 🔵 Using date: "2026-04-14"
[2026-04-14T16:55:16.229Z] 🔵 Clinic: "ehsan clinic"
[2026-04-14T16:55:16.244Z] 🔵 Total duration: 60
[2026-04-14T16:55:16.245Z] 🔵 Using timezone: "America/New_York"
[2026-04-14T16:55:16.246Z] 🔵 Day of week: "tuesday"
[2026-04-14T16:55:16.246Z] 🔵 Business hours for tuesday: {"open":"09:00","close":"17:00","isOpen":true}
[2026-04-14T16:55:16.247Z] 🔵 All business hours: {"monday":{"open":"09:00","close":"17:00","isOpen":true},"tuesday":{"open":"09:00","close":"17:00","isOpen":true},"wednesday":{"open":"09:00","close":"17:00","isOpen":true},"thursday":{"open":"09:00","close":"17:00","isOpen":true},"friday":{"open":"09:00","close":"17:00","isOpen":true},"saturday":{"open":"10:00","close":"15:00","isOpen":true},"sunday":{"open":"10:00","close":"15:00","isOpen":false}}
[2026-04-14T16:55:16.247Z] ✅ Clinic is open on tuesday from 09:00 to 17:00 
[2026-04-14T16:55:16.274Z] 🔵 Checking availability for 4 providers 
[2026-04-14T16:55:16.299Z] ✅ Found 7 slots for clinic: ehsan clinic 
[2026-04-14T16:55:16.302Z] 🔵 Availability Request: {"clinicId":"1f0c099e-663f-462a-bd8d-b90ad71cbb01","serviceIds":["7cc7ae88-9a64-43f2-9ff3-8a2253a52242"],"providerId":null,"date":"2026-04-14"}
[2026-04-14T16:55:16.305Z] 🔵 Using date: "2026-04-14"
[2026-04-14T16:55:16.329Z] 🔵 Clinic: "ehsan clinic"
[2026-04-14T16:55:16.349Z] 🔵 Total duration: 60
[2026-04-14T16:55:16.351Z] 🔵 Using timezone: "America/New_York"
[2026-04-14T16:55:16.352Z] 🔵 Day of week: "tuesday"
[2026-04-14T16:55:16.354Z] 🔵 Business hours for tuesday: {"open":"09:00","close":"17:00","isOpen":true}
[2026-04-14T16:55:16.355Z] 🔵 All business hours: {"monday":{"open":"09:00","close":"17:00","isOpen":true},"tuesday":{"open":"09:00","close":"17:00","isOpen":true},"wednesday":{"open":"09:00","close":"17:00","isOpen":true},"thursday":{"open":"09:00","close":"17:00","isOpen":true},"friday":{"open":"09:00","close":"17:00","isOpen":true},"saturday":{"open":"10:00","close":"15:00","isOpen":true},"sunday":{"open":"10:00","close":"15:00","isOpen":false}}
[2026-04-14T16:55:16.357Z] ✅ Clinic is open on tuesday from 09:00 to 17:00 
[2026-04-14T16:55:16.381Z] 🔵 Checking availability for 4 providers 
[2026-04-14T16:55:16.393Z] ✅ Found 7 slots for clinic: ehsan clinic 
[2026-04-14T16:55:34.415Z] 🔵 Availability Request: {"clinicId":"1f0c099e-663f-462a-bd8d-b90ad71cbb01","serviceIds":["7cc7ae88-9a64-43f2-9ff3-8a2253a52242"],"providerId":null,"date":"2026-04-14"}
[2026-04-14T16:55:34.417Z] 🔵 Using date: "2026-04-14"
[2026-04-14T16:55:34.574Z] 🔵 Clinic: "ehsan clinic"
[2026-04-14T16:55:34.580Z] 🔵 Total duration: 60
[2026-04-14T16:55:34.581Z] 🔵 Using timezone: "America/New_York"
[2026-04-14T16:55:34.582Z] 🔵 Day of week: "tuesday"
[2026-04-14T16:55:34.582Z] 🔵 Business hours for tuesday: {"open":"09:00","close":"17:00","isOpen":true}
[2026-04-14T16:55:34.583Z] 🔵 All business hours: {"monday":{"open":"09:00","close":"17:00","isOpen":true},"tuesday":{"open":"09:00","close":"17:00","isOpen":true},"wednesday":{"open":"09:00","close":"17:00","isOpen":true},"thursday":{"open":"09:00","close":"17:00","isOpen":true},"friday":{"open":"09:00","close":"17:00","isOpen":true},"saturday":{"open":"10:00","close":"15:00","isOpen":true},"sunday":{"open":"10:00","close":"15:00","isOpen":false}}
[2026-04-14T16:55:34.583Z] ✅ Clinic is open on tuesday from 09:00 to 17:00 
[2026-04-14T16:55:34.618Z] 🔵 Checking availability for 4 providers 
[2026-04-14T16:55:34.661Z] ✅ Found 7 slots for clinic: ehsan clinic 
[2026-04-14T16:55:34.664Z] 🔵 Availability Request: {"clinicId":"1f0c099e-663f-462a-bd8d-b90ad71cbb01","serviceIds":["7cc7ae88-9a64-43f2-9ff3-8a2253a52242"],"providerId":null,"date":"2026-04-14"}
[2026-04-14T16:55:34.665Z] 🔵 Using date: "2026-04-14"
[2026-04-14T16:55:34.674Z] 🔵 Clinic: "ehsan clinic"
[2026-04-14T16:55:34.679Z] 🔵 Total duration: 60
[2026-04-14T16:55:34.679Z] 🔵 Using timezone: "America/New_York"
[2026-04-14T16:55:34.680Z] 🔵 Day of week: "tuesday"
[2026-04-14T16:55:34.681Z] 🔵 Business hours for tuesday: {"open":"09:00","close":"17:00","isOpen":true}
[2026-04-14T16:55:34.681Z] 🔵 All business hours: {"monday":{"open":"09:00","close":"17:00","isOpen":true},"tuesday":{"open":"09:00","close":"17:00","isOpen":true},"wednesday":{"open":"09:00","close":"17:00","isOpen":true},"thursday":{"open":"09:00","close":"17:00","isOpen":true},"friday":{"open":"09:00","close":"17:00","isOpen":true},"saturday":{"open":"10:00","close":"15:00","isOpen":true},"sunday":{"open":"10:00","close":"15:00","isOpen":false}}
[2026-04-14T16:55:34.682Z] ✅ Clinic is open on tuesday from 09:00 to 17:00 
[2026-04-14T16:55:34.700Z] 🔵 Checking availability for 4 providers 
[2026-04-14T16:55:34.727Z] ✅ Found 7 slots for clinic: ehsan clinic 
[2026-04-14T16:55:45.187Z] 🔵 Availability Request: {"clinicId":"4ca4e344-a7c6-473c-b3be-21b90c1ae067","serviceIds":["24484414-7772-4f7f-8d9c-26d45503d5fc"],"providerId":null,"date":"2026-04-14"}
[2026-04-14T16:55:45.190Z] 🔵 Using date: "2026-04-14"
[2026-04-14T16:55:45.258Z] 🔵 Clinic: "muneeb"
[2026-04-14T16:55:45.264Z] 🔵 Total duration: 60
[2026-04-14T16:55:45.264Z] 🔵 Using timezone: "America/New_York"
[2026-04-14T16:55:45.265Z] 🔵 Day of week: "tuesday"
[2026-04-14T16:55:45.266Z] 🔵 Business hours for tuesday: {"open":"09:00","close":"23:00","isOpen":true}
[2026-04-14T16:55:45.267Z] 🔵 All business hours: {"monday":{"open":"09:00","close":"23:00","isOpen":true},"tuesday":{"open":"09:00","close":"23:00","isOpen":true},"wednesday":{"open":"09:00","close":"23:00","isOpen":true},"thursday":{"open":"09:00","close":"23:00","isOpen":true},"friday":{"open":"09:00","close":"23:00","isOpen":true},"saturday":{"open":"09:00","close":"18:00","isOpen":false},"sunday":{"open":"09:00","close":"18:00","isOpen":false}}
[2026-04-14T16:55:45.267Z] ✅ Clinic is open on tuesday from 09:00 to 23:00 
[2026-04-14T16:55:45.303Z] 🔵 Checking availability for 4 providers 
[2026-04-14T16:55:45.330Z] ✅ Found 14 slots for clinic: muneeb 
[2026-04-14T16:55:45.339Z] 🔵 Availability Request: {"clinicId":"4ca4e344-a7c6-473c-b3be-21b90c1ae067","serviceIds":["24484414-7772-4f7f-8d9c-26d45503d5fc"],"providerId":null,"date":"2026-04-14"}
[2026-04-14T16:55:45.340Z] 🔵 Using date: "2026-04-14"
[2026-04-14T16:55:45.348Z] 🔵 Clinic: "muneeb"
[2026-04-14T16:55:45.354Z] 🔵 Total duration: 60
[2026-04-14T16:55:45.355Z] 🔵 Using timezone: "America/New_York"
[2026-04-14T16:55:45.356Z] 🔵 Day of week: "tuesday"
[2026-04-14T16:55:45.357Z] 🔵 Business hours for tuesday: {"open":"09:00","close":"23:00","isOpen":true}
[2026-04-14T16:55:45.357Z] 🔵 All business hours: {"monday":{"open":"09:00","close":"23:00","isOpen":true},"tuesday":{"open":"09:00","close":"23:00","isOpen":true},"wednesday":{"open":"09:00","close":"23:00","isOpen":true},"thursday":{"open":"09:00","close":"23:00","isOpen":true},"friday":{"open":"09:00","close":"23:00","isOpen":true},"saturday":{"open":"09:00","close":"18:00","isOpen":false},"sunday":{"open":"09:00","close":"18:00","isOpen":false}}
[2026-04-14T16:55:45.358Z] ✅ Clinic is open on tuesday from 09:00 to 23:00 
[2026-04-14T16:55:45.374Z] 🔵 Checking availability for 4 providers 
[2026-04-14T16:55:45.395Z] ✅ Found 14 slots for clinic: muneeb 
[2026-04-14T16:56:05.699Z] 🔵 Availability Request: {"clinicId":"4ca4e344-a7c6-473c-b3be-21b90c1ae067","serviceIds":["24484414-7772-4f7f-8d9c-26d45503d5fc"],"providerId":null,"date":"2026-04-14"}
[2026-04-14T16:56:05.700Z] 🔵 Using date: "2026-04-14"
[2026-04-14T16:56:05.715Z] 🔵 Clinic: "muneeb"
[2026-04-14T16:56:05.721Z] 🔵 Total duration: 60
[2026-04-14T16:56:05.722Z] 🔵 Using timezone: "America/New_York"
[2026-04-14T16:56:05.723Z] 🔵 Day of week: "tuesday"
[2026-04-14T16:56:05.723Z] 🔵 Business hours for tuesday: {"open":"09:00","close":"23:00","isOpen":true}
[2026-04-14T16:56:05.724Z] 🔵 All business hours: {"monday":{"open":"09:00","close":"23:00","isOpen":true},"tuesday":{"open":"09:00","close":"23:00","isOpen":true},"wednesday":{"open":"09:00","close":"23:00","isOpen":true},"thursday":{"open":"09:00","close":"23:00","isOpen":true},"friday":{"open":"09:00","close":"23:00","isOpen":true},"saturday":{"open":"09:00","close":"18:00","isOpen":false},"sunday":{"open":"09:00","close":"18:00","isOpen":false}}
[2026-04-14T16:56:05.724Z] ✅ Clinic is open on tuesday from 09:00 to 23:00 
[2026-04-14T16:56:05.744Z] 🔵 Checking availability for 4 providers 
[2026-04-14T16:56:05.763Z] ✅ Found 16 slots for clinic: muneeb 
[2026-04-14T16:56:05.767Z] 🔵 Availability Request: {"clinicId":"4ca4e344-a7c6-473c-b3be-21b90c1ae067","serviceIds":["24484414-7772-4f7f-8d9c-26d45503d5fc"],"providerId":null,"date":"2026-04-14"}
[2026-04-14T16:56:05.770Z] 🔵 Using date: "2026-04-14"
[2026-04-14T16:56:05.778Z] 🔵 Clinic: "muneeb"
[2026-04-14T16:56:05.781Z] 🔵 Total duration: 60
[2026-04-14T16:56:05.781Z] 🔵 Using timezone: "America/New_York"
[2026-04-14T16:56:05.782Z] 🔵 Day of week: "tuesday"
[2026-04-14T16:56:05.782Z] 🔵 Business hours for tuesday: {"open":"09:00","close":"23:00","isOpen":true}
[2026-04-14T16:56:05.783Z] 🔵 All business hours: {"monday":{"open":"09:00","close":"23:00","isOpen":true},"tuesday":{"open":"09:00","close":"23:00","isOpen":true},"wednesday":{"open":"09:00","close":"23:00","isOpen":true},"thursday":{"open":"09:00","close":"23:00","isOpen":true},"friday":{"open":"09:00","close":"23:00","isOpen":true},"saturday":{"open":"09:00","close":"18:00","isOpen":false},"sunday":{"open":"09:00","close":"18:00","isOpen":false}}
[2026-04-14T16:56:05.783Z] ✅ Clinic is open on tuesday from 09:00 to 23:00 
[2026-04-14T16:56:05.910Z] 🔵 Checking availability for 4 providers 
[2026-04-14T16:56:05.932Z] ✅ Found 16 slots for clinic: muneeb 
[2026-04-14T16:57:53.131Z] 🔵 Availability Request: {"clinicId":"4ca4e344-a7c6-473c-b3be-21b90c1ae067","serviceIds":["24484414-7772-4f7f-8d9c-26d45503d5fc"],"providerId":null,"date":"2026-04-14"}
[2026-04-14T16:57:53.131Z] 🔵 Using date: "2026-04-14"
[2026-04-14T16:57:53.196Z] 🔵 Clinic: "muneeb"
[2026-04-14T16:57:53.206Z] 🔵 Total duration: 60
[2026-04-14T16:57:53.206Z] 🔵 Using timezone: "America/New_York"
[2026-04-14T16:57:53.207Z] 🔵 Day of week: "tuesday"
[2026-04-14T16:57:53.208Z] 🔵 Business hours for tuesday: {"open":"09:00","close":"23:00","isOpen":true}
[2026-04-14T16:57:53.208Z] 🔵 All business hours: {"monday":{"open":"09:00","close":"23:00","isOpen":true},"tuesday":{"open":"09:00","close":"23:00","isOpen":true},"wednesday":{"open":"09:00","close":"23:00","isOpen":true},"thursday":{"open":"09:00","close":"23:00","isOpen":true},"friday":{"open":"09:00","close":"23:00","isOpen":true},"saturday":{"open":"09:00","close":"18:00","isOpen":false},"sunday":{"open":"09:00","close":"18:00","isOpen":false}}
[2026-04-14T16:57:53.209Z] ✅ Clinic is open on tuesday from 09:00 to 23:00 
[2026-04-14T16:57:53.235Z] 🔵 Checking availability for 4 providers 
[2026-04-14T16:57:53.265Z] ✅ Found 24 slots for clinic: muneeb 
[2026-04-14T17:15:48.403Z] 🔵 Availability Request: {"clinicId":"4ca4e344-a7c6-473c-b3be-21b90c1ae067","serviceIds":["24484414-7772-4f7f-8d9c-26d45503d5fc"],"providerId":null,"date":"2026-04-14"}
[2026-04-14T17:15:48.706Z] 🔵 Using date: "2026-04-14"
[2026-04-14T17:15:48.724Z] 🔵 Clinic: "muneeb"
[2026-04-14T17:15:48.737Z] 🔵 Total duration: 60
[2026-04-14T17:15:48.737Z] 🔵 Using timezone: "America/New_York"
[2026-04-14T17:15:48.738Z] 🔵 Day of week: "tuesday"
[2026-04-14T17:15:48.738Z] 🔵 Business hours for tuesday: {"open":"09:00","close":"23:00","isOpen":true}
[2026-04-14T17:15:48.739Z] 🔵 All business hours: {"monday":{"open":"09:00","close":"23:00","isOpen":true},"tuesday":{"open":"09:00","close":"23:00","isOpen":true},"wednesday":{"open":"09:00","close":"23:00","isOpen":true},"thursday":{"open":"09:00","close":"23:00","isOpen":true},"friday":{"open":"09:00","close":"23:00","isOpen":true},"saturday":{"open":"09:00","close":"18:00","isOpen":false},"sunday":{"open":"09:00","close":"18:00","isOpen":false}}
[2026-04-14T17:15:48.745Z] ✅ Clinic is open on tuesday from 09:00 to 23:00 
[2026-04-14T17:15:48.773Z] 🔵 Checking availability for 4 providers 
[2026-04-14T17:15:48.822Z] ✅ Found 15 slots for clinic: muneeb 
[2026-04-14T17:18:30.687Z] 🔵 Availability Request: {"clinicId":"4ca4e344-a7c6-473c-b3be-21b90c1ae067","serviceIds":["24484414-7772-4f7f-8d9c-26d45503d5fc"],"providerId":null,"date":"2026-04-14"}
[2026-04-14T17:18:30.766Z] 🔵 Using date: "2026-04-14"
[2026-04-14T17:18:30.781Z] 🔵 Clinic: "muneeb"
[2026-04-14T17:18:30.795Z] 🔵 Total duration: 60
[2026-04-14T17:18:30.796Z] 🔵 Using timezone: "America/New_York"
[2026-04-14T17:18:30.801Z] 🔵 Day of week: "tuesday"
[2026-04-14T17:18:30.801Z] 🔵 Business hours for tuesday: {"open":"09:00","close":"23:00","isOpen":true}
[2026-04-14T17:18:30.802Z] 🔵 All business hours: {"monday":{"open":"09:00","close":"23:00","isOpen":true},"tuesday":{"open":"09:00","close":"23:00","isOpen":true},"wednesday":{"open":"09:00","close":"23:00","isOpen":true},"thursday":{"open":"09:00","close":"23:00","isOpen":true},"friday":{"open":"09:00","close":"23:00","isOpen":true},"saturday":{"open":"09:00","close":"18:00","isOpen":false},"sunday":{"open":"09:00","close":"18:00","isOpen":false}}
[2026-04-14T17:18:30.803Z] ✅ Clinic is open on tuesday from 09:00 to 23:00 
[2026-04-14T17:18:30.836Z] 🔵 Checking availability for 4 providers 
[2026-04-14T17:18:30.883Z] ✅ Found 15 slots for clinic: muneeb 
[2026-04-14T17:19:29.890Z] 🔵 Availability Request: {"clinicId":"1f0c099e-663f-462a-bd8d-b90ad71cbb01","serviceIds":["7f3c5ca1-1704-4f54-b909-f1532dd200b0"],"providerId":null,"date":"2026-04-14"}
[2026-04-14T17:19:29.892Z] 🔵 Using date: "2026-04-14"
[2026-04-14T17:19:29.904Z] 🔵 Clinic: "ehsan clinic"
[2026-04-14T17:19:29.910Z] 🔵 Total duration: 60
[2026-04-14T17:19:29.911Z] 🔵 Using timezone: "America/New_York"
[2026-04-14T17:19:29.912Z] 🔵 Day of week: "tuesday"
[2026-04-14T17:19:29.912Z] 🔵 Business hours for tuesday: {"open":"09:00","close":"17:00","isOpen":true}
[2026-04-14T17:19:29.913Z] 🔵 All business hours: {"monday":{"open":"09:00","close":"17:00","isOpen":true},"tuesday":{"open":"09:00","close":"17:00","isOpen":true},"wednesday":{"open":"09:00","close":"17:00","isOpen":true},"thursday":{"open":"09:00","close":"17:00","isOpen":true},"friday":{"open":"09:00","close":"17:00","isOpen":true},"saturday":{"open":"10:00","close":"15:00","isOpen":true},"sunday":{"open":"10:00","close":"15:00","isOpen":false}}
[2026-04-14T17:19:29.913Z] ✅ Clinic is open on tuesday from 09:00 to 17:00 
[2026-04-14T17:19:29.927Z] 🔵 Checking availability for 5 providers 
[2026-04-14T17:19:29.948Z] ✅ Found 6 slots for clinic: ehsan clinic 
[2026-04-15T10:55:52.302Z] 🔵 Availability Request: {"clinicId":"4ca4e344-a7c6-473c-b3be-21b90c1ae067","serviceIds":["24484414-7772-4f7f-8d9c-26d45503d5fc"],"providerId":null,"date":"2026-04-15"}
[2026-04-15T10:55:52.645Z] 🔵 Using date: "2026-04-15"
[2026-04-15T10:55:52.665Z] 🔵 Clinic: "muneeb"
[2026-04-15T10:55:52.683Z] 🔵 Total duration: 60
[2026-04-15T10:55:52.685Z] 🔵 Using timezone: "America/New_York"
[2026-04-15T10:55:52.805Z] 🔵 Day of week: "wednesday"
[2026-04-15T10:55:52.805Z] 🔵 Business hours for wednesday: {"open":"09:00","close":"23:00","isOpen":true}
[2026-04-15T10:55:52.809Z] 🔵 All business hours: {"monday":{"open":"09:00","close":"23:00","isOpen":true},"tuesday":{"open":"09:00","close":"23:00","isOpen":true},"wednesday":{"open":"09:00","close":"23:00","isOpen":true},"thursday":{"open":"09:00","close":"23:00","isOpen":true},"friday":{"open":"09:00","close":"23:00","isOpen":true},"saturday":{"open":"09:00","close":"18:00","isOpen":false},"sunday":{"open":"09:00","close":"18:00","isOpen":false}}
[2026-04-15T10:55:52.811Z] ✅ Clinic is open on wednesday from 09:00 to 23:00 
[2026-04-15T10:55:52.867Z] 🔵 Checking availability for 4 providers 
[2026-04-15T10:55:52.950Z] ✅ Found 27 slots for clinic: muneeb 
[2026-04-15T10:58:55.079Z] 🔵 Availability Request: {"clinicId":"4ca4e344-a7c6-473c-b3be-21b90c1ae067","serviceIds":["24484414-7772-4f7f-8d9c-26d45503d5fc"],"providerId":null,"date":"2026-04-15"}
[2026-04-15T10:58:55.081Z] 🔵 Using date: "2026-04-15"
[2026-04-15T10:58:55.091Z] 🔵 Clinic: "muneeb"
[2026-04-15T10:58:55.098Z] 🔵 Total duration: 60
[2026-04-15T10:58:55.100Z] 🔵 Using timezone: "America/New_York"
[2026-04-15T10:58:55.109Z] 🔵 Day of week: "wednesday"
[2026-04-15T10:58:55.122Z] 🔵 Business hours for wednesday: {"open":"09:00","close":"23:00","isOpen":true}
[2026-04-15T10:58:55.123Z] 🔵 All business hours: {"monday":{"open":"09:00","close":"23:00","isOpen":true},"tuesday":{"open":"09:00","close":"23:00","isOpen":true},"wednesday":{"open":"09:00","close":"23:00","isOpen":true},"thursday":{"open":"09:00","close":"23:00","isOpen":true},"friday":{"open":"09:00","close":"23:00","isOpen":true},"saturday":{"open":"09:00","close":"18:00","isOpen":false},"sunday":{"open":"09:00","close":"18:00","isOpen":false}}
[2026-04-15T10:58:55.140Z] ✅ Clinic is open on wednesday from 09:00 to 23:00 
[2026-04-15T10:58:55.179Z] 🔵 Checking availability for 4 providers 
[2026-04-15T10:58:55.211Z] ✅ Found 27 slots for clinic: muneeb 
[2026-04-15T10:59:46.204Z] 🔵 Availability Request: {"clinicId":"4ca4e344-a7c6-473c-b3be-21b90c1ae067","serviceIds":["24484414-7772-4f7f-8d9c-26d45503d5fc"],"providerId":null,"date":"2026-04-15"}
[2026-04-15T10:59:46.205Z] 🔵 Using date: "2026-04-15"
[2026-04-15T10:59:46.229Z] 🔵 Clinic: "muneeb"
[2026-04-15T10:59:46.233Z] 🔵 Total duration: 60
[2026-04-15T10:59:46.234Z] 🔵 Using timezone: "America/New_York"
[2026-04-15T10:59:46.236Z] 🔵 Day of week: "wednesday"
[2026-04-15T10:59:46.236Z] 🔵 Business hours for wednesday: {"open":"09:00","close":"23:00","isOpen":true}
[2026-04-15T10:59:46.237Z] 🔵 All business hours: {"monday":{"open":"09:00","close":"23:00","isOpen":true},"tuesday":{"open":"09:00","close":"23:00","isOpen":true},"wednesday":{"open":"09:00","close":"23:00","isOpen":true},"thursday":{"open":"09:00","close":"23:00","isOpen":true},"friday":{"open":"09:00","close":"23:00","isOpen":true},"saturday":{"open":"09:00","close":"18:00","isOpen":false},"sunday":{"open":"09:00","close":"18:00","isOpen":false}}
[2026-04-15T10:59:46.240Z] ✅ Clinic is open on wednesday from 09:00 to 23:00 
[2026-04-15T10:59:46.271Z] 🔵 Checking availability for 4 providers 
[2026-04-15T10:59:46.324Z] ✅ Found 27 slots for clinic: muneeb 
[2026-04-16T09:12:32.083Z] 🔵 Availability Request: {"clinicId":"1f0c099e-663f-462a-bd8d-b90ad71cbb01","serviceIds":["dfe5bfd5-1b83-4a33-804e-ce044e5c66af"],"providerId":null,"date":"2026-04-16"}
[2026-04-16T09:12:32.429Z] 🔵 Using date: "2026-04-16"
[2026-04-16T09:12:32.447Z] 🔵 Clinic: "ehsan clinic"
[2026-04-16T09:12:32.455Z] 🔵 Total duration: 60
[2026-04-16T09:12:32.456Z] 🔵 Using timezone: "America/New_York"
[2026-04-16T09:12:32.470Z] 🔵 Day of week: "thursday"
[2026-04-16T09:12:32.471Z] 🔵 Business hours for thursday: {"open":"09:00","close":"17:00","isOpen":true}
[2026-04-16T09:12:32.472Z] 🔵 All business hours: {"monday":{"open":"09:00","close":"17:00","isOpen":true},"tuesday":{"open":"09:00","close":"17:00","isOpen":true},"wednesday":{"open":"09:00","close":"17:00","isOpen":true},"thursday":{"open":"09:00","close":"17:00","isOpen":true},"friday":{"open":"09:00","close":"17:00","isOpen":true},"saturday":{"open":"10:00","close":"15:00","isOpen":true},"sunday":{"open":"10:00","close":"15:00","isOpen":false}}
[2026-04-16T09:12:32.488Z] ✅ Clinic is open on thursday from 09:00 to 17:00 
[2026-04-16T09:12:32.526Z] 🔵 Checking availability for 6 providers 
[2026-04-16T09:12:32.669Z] ✅ Found 15 slots for clinic: ehsan clinic 
[2026-04-16T09:30:25.074Z] 🔵 Availability Request: {"clinicId":"1f0c099e-663f-462a-bd8d-b90ad71cbb01","serviceIds":["7cc7ae88-9a64-43f2-9ff3-8a2253a52242"],"providerId":null,"date":"2026-04-16"}
[2026-04-16T09:30:25.163Z] 🔵 Using date: "2026-04-16"
[2026-04-16T09:30:25.173Z] 🔵 Clinic: "ehsan clinic"
[2026-04-16T09:30:25.177Z] 🔵 Total duration: 60
[2026-04-16T09:30:25.178Z] 🔵 Using timezone: "America/New_York"
[2026-04-16T09:30:25.179Z] 🔵 Day of week: "thursday"
[2026-04-16T09:30:25.179Z] 🔵 Business hours for thursday: {"open":"09:00","close":"17:00","isOpen":true}
[2026-04-16T09:30:25.180Z] 🔵 All business hours: {"monday":{"open":"09:00","close":"17:00","isOpen":true},"tuesday":{"open":"09:00","close":"17:00","isOpen":true},"wednesday":{"open":"09:00","close":"17:00","isOpen":true},"thursday":{"open":"09:00","close":"17:00","isOpen":true},"friday":{"open":"09:00","close":"17:00","isOpen":true},"saturday":{"open":"10:00","close":"15:00","isOpen":true},"sunday":{"open":"10:00","close":"15:00","isOpen":false}}
[2026-04-16T09:30:25.181Z] ✅ Clinic is open on thursday from 09:00 to 17:00 
[2026-04-16T09:30:25.208Z] 🔵 Checking availability for 6 providers 
[2026-04-16T09:30:25.243Z] ✅ Found 15 slots for clinic: ehsan clinic 
[2026-04-16T09:40:45.784Z] 🔵 Availability Request: {"clinicId":"c07c073a-ad9e-44fd-b1b7-0b82ac7ed194","serviceIds":["bdd6033a-d623-4770-a2a4-f62177b3c3f3"],"providerId":null,"date":"2026-04-16"}
[2026-04-16T09:40:45.785Z] 🔵 Using date: "2026-04-16"
[2026-04-16T09:40:45.795Z] 🔵 Clinic: "abc clinic"
[2026-04-16T09:40:45.799Z] 🔵 Total duration: 60
[2026-04-16T09:40:45.799Z] 🔵 Using timezone: "America/New_York"
[2026-04-16T09:40:45.800Z] 🔵 Day of week: "thursday"
[2026-04-16T09:40:45.801Z] 🔵 Business hours for thursday: {"open":"09:00","close":"17:00","isOpen":true}
[2026-04-16T09:40:45.801Z] 🔵 All business hours: {"monday":{"open":"09:00","close":"17:00","isOpen":true},"tuesday":{"open":"09:00","close":"17:00","isOpen":true},"wednesday":{"open":"09:00","close":"17:00","isOpen":true},"thursday":{"open":"09:00","close":"17:00","isOpen":true},"friday":{"open":"09:00","close":"17:00","isOpen":true},"saturday":{"open":"10:00","close":"15:00","isOpen":true},"sunday":{"open":"10:00","close":"15:00","isOpen":false}}
[2026-04-16T09:40:45.802Z] ✅ Clinic is open on thursday from 09:00 to 17:00 
[2026-04-16T09:40:45.821Z] 🔵 Checking availability for 3 providers 
[2026-04-16T09:40:45.845Z] ✅ Found 15 slots for clinic: abc clinic 
[2026-04-16T09:43:05.122Z] 🔵 Availability Request: {"clinicId":"c07c073a-ad9e-44fd-b1b7-0b82ac7ed194","serviceIds":["bdd6033a-d623-4770-a2a4-f62177b3c3f3"],"providerId":null,"date":"2026-04-16"}
[2026-04-16T09:43:05.123Z] 🔵 Using date: "2026-04-16"
[2026-04-16T09:43:05.197Z] 🔵 Clinic: "abc clinic"
[2026-04-16T09:43:05.206Z] 🔵 Total duration: 60
[2026-04-16T09:43:05.207Z] 🔵 Using timezone: "America/New_York"
[2026-04-16T09:43:05.209Z] 🔵 Day of week: "thursday"
[2026-04-16T09:43:05.210Z] 🔵 Business hours for thursday: {"open":"09:00","close":"17:00","isOpen":true}
[2026-04-16T09:43:05.211Z] 🔵 All business hours: {"monday":{"open":"09:00","close":"17:00","isOpen":true},"tuesday":{"open":"09:00","close":"17:00","isOpen":true},"wednesday":{"open":"09:00","close":"17:00","isOpen":true},"thursday":{"open":"09:00","close":"17:00","isOpen":true},"friday":{"open":"09:00","close":"17:00","isOpen":true},"saturday":{"open":"10:00","close":"15:00","isOpen":true},"sunday":{"open":"10:00","close":"15:00","isOpen":false}}
[2026-04-16T09:43:05.212Z] ✅ Clinic is open on thursday from 09:00 to 17:00 
[2026-04-16T09:43:05.250Z] 🔵 Checking availability for 3 providers 
[2026-04-16T09:43:05.307Z] ✅ Found 15 slots for clinic: abc clinic 
[2026-04-16T09:45:33.571Z] 🔵 Availability Request: {"clinicId":"c07c073a-ad9e-44fd-b1b7-0b82ac7ed194","serviceIds":["bdd6033a-d623-4770-a2a4-f62177b3c3f3"],"providerId":null,"date":"2026-04-16"}
[2026-04-16T09:45:33.572Z] 🔵 Using date: "2026-04-16"
[2026-04-16T09:45:33.634Z] 🔵 Clinic: "abc clinic"
[2026-04-16T09:45:33.642Z] 🔵 Total duration: 60
[2026-04-16T09:45:33.642Z] 🔵 Using timezone: "America/New_York"
[2026-04-16T09:45:33.643Z] 🔵 Day of week: "thursday"
[2026-04-16T09:45:33.644Z] 🔵 Business hours for thursday: {"open":"09:00","close":"17:00","isOpen":true}
[2026-04-16T09:45:33.644Z] 🔵 All business hours: {"monday":{"open":"09:00","close":"17:00","isOpen":true},"tuesday":{"open":"09:00","close":"17:00","isOpen":true},"wednesday":{"open":"09:00","close":"17:00","isOpen":true},"thursday":{"open":"09:00","close":"17:00","isOpen":true},"friday":{"open":"09:00","close":"17:00","isOpen":true},"saturday":{"open":"10:00","close":"15:00","isOpen":true},"sunday":{"open":"10:00","close":"15:00","isOpen":false}}
[2026-04-16T09:45:33.645Z] ✅ Clinic is open on thursday from 09:00 to 17:00 
[2026-04-16T09:45:33.667Z] 🔵 Checking availability for 3 providers 
[2026-04-16T09:45:33.692Z] ✅ Found 15 slots for clinic: abc clinic 
[2026-04-16T09:45:33.696Z] 🔵 Availability Request: {"clinicId":"c07c073a-ad9e-44fd-b1b7-0b82ac7ed194","serviceIds":["bdd6033a-d623-4770-a2a4-f62177b3c3f3"],"providerId":null,"date":"2026-04-16"}
[2026-04-16T09:45:33.696Z] 🔵 Using date: "2026-04-16"
[2026-04-16T09:45:33.708Z] 🔵 Clinic: "abc clinic"
[2026-04-16T09:45:33.711Z] 🔵 Total duration: 60
[2026-04-16T09:45:33.712Z] 🔵 Using timezone: "America/New_York"
[2026-04-16T09:45:33.712Z] 🔵 Day of week: "thursday"
[2026-04-16T09:45:33.714Z] 🔵 Business hours for thursday: {"open":"09:00","close":"17:00","isOpen":true}
[2026-04-16T09:45:33.714Z] 🔵 All business hours: {"monday":{"open":"09:00","close":"17:00","isOpen":true},"tuesday":{"open":"09:00","close":"17:00","isOpen":true},"wednesday":{"open":"09:00","close":"17:00","isOpen":true},"thursday":{"open":"09:00","close":"17:00","isOpen":true},"friday":{"open":"09:00","close":"17:00","isOpen":true},"saturday":{"open":"10:00","close":"15:00","isOpen":true},"sunday":{"open":"10:00","close":"15:00","isOpen":false}}
[2026-04-16T09:45:33.715Z] ✅ Clinic is open on thursday from 09:00 to 17:00 
[2026-04-16T09:45:33.728Z] 🔵 Checking availability for 3 providers 
[2026-04-16T09:45:33.753Z] ✅ Found 15 slots for clinic: abc clinic 
[2026-04-17T05:32:28.050Z] 🔵 Availability Request: {"clinicId":"4ca4e344-a7c6-473c-b3be-21b90c1ae067","serviceIds":["24484414-7772-4f7f-8d9c-26d45503d5fc"],"providerId":null,"date":"2026-04-17"}
[2026-04-17T05:32:28.378Z] 🔵 Using date: "2026-04-17"
[2026-04-17T05:32:28.390Z] 🔵 Clinic: "muneeb"
[2026-04-17T05:32:28.395Z] 🔵 Total duration: 60
[2026-04-17T05:32:28.396Z] 🔵 Using timezone: "America/New_York"
[2026-04-17T05:32:28.411Z] 🔵 Day of week: "friday"
[2026-04-17T05:32:28.413Z] 🔵 Business hours for friday: {"open":"09:00","close":"23:00","isOpen":true}
[2026-04-17T05:32:28.418Z] 🔵 All business hours: {"monday":{"open":"09:00","close":"23:00","isOpen":true},"tuesday":{"open":"09:00","close":"23:00","isOpen":true},"wednesday":{"open":"09:00","close":"23:00","isOpen":true},"thursday":{"open":"09:00","close":"23:00","isOpen":true},"friday":{"open":"09:00","close":"23:00","isOpen":true},"saturday":{"open":"09:00","close":"18:00","isOpen":false},"sunday":{"open":"09:00","close":"18:00","isOpen":false}}
[2026-04-17T05:32:28.420Z] ✅ Clinic is open on friday from 09:00 to 23:00 
[2026-04-17T05:32:28.455Z] 🔵 Checking availability for 4 providers 
[2026-04-17T05:32:28.557Z] ✅ Found 27 slots for clinic: muneeb 
[2026-04-23T06:55:45.195Z] 🔵 Availability Request: {"clinicId":"1f0c099e-663f-462a-bd8d-b90ad71cbb01","serviceIds":["7f3c5ca1-1704-4f54-b909-f1532dd200b0"],"providerId":null,"date":"2026-04-23"}
[2026-04-23T06:55:45.547Z] 🔵 Using date: "2026-04-23"
[2026-04-23T06:55:45.571Z] 🔵 Clinic: "ehsan clinic"
[2026-04-23T06:55:45.580Z] 🔵 Total duration: 60
[2026-04-23T06:55:45.581Z] 🔵 Using timezone: "America/New_York"
[2026-04-23T06:55:45.595Z] 🔵 Day of week: "thursday"
[2026-04-23T06:55:45.596Z] 🔵 Business hours for thursday: {"open":"09:00","close":"17:00","isOpen":true}
[2026-04-23T06:55:45.596Z] 🔵 All business hours: {"monday":{"open":"09:00","close":"17:00","isOpen":true},"tuesday":{"open":"09:00","close":"17:00","isOpen":true},"wednesday":{"open":"09:00","close":"17:00","isOpen":true},"thursday":{"open":"09:00","close":"17:00","isOpen":true},"friday":{"open":"09:00","close":"17:00","isOpen":true},"saturday":{"open":"10:00","close":"15:00","isOpen":true},"sunday":{"open":"10:00","close":"15:00","isOpen":false}}
[2026-04-23T06:55:45.600Z] ✅ Clinic is open on thursday from 09:00 to 17:00 
[2026-04-23T06:55:45.670Z] 🔵 Checking availability for 6 providers 
[2026-04-23T06:55:45.726Z] ✅ Found 15 slots for clinic: ehsan clinic 
[2026-04-23T06:55:45.731Z] 🔵 Availability Request: {"clinicId":"1f0c099e-663f-462a-bd8d-b90ad71cbb01","serviceIds":["7f3c5ca1-1704-4f54-b909-f1532dd200b0"],"providerId":null,"date":"2026-04-23"}
[2026-04-23T06:55:45.734Z] 🔵 Using date: "2026-04-23"
[2026-04-23T06:55:45.750Z] 🔵 Clinic: "ehsan clinic"
[2026-04-23T06:55:45.758Z] 🔵 Total duration: 60
[2026-04-23T06:55:45.759Z] 🔵 Using timezone: "America/New_York"
[2026-04-23T06:55:45.760Z] 🔵 Day of week: "thursday"
[2026-04-23T06:55:45.760Z] 🔵 Business hours for thursday: {"open":"09:00","close":"17:00","isOpen":true}
[2026-04-23T06:55:45.761Z] 🔵 All business hours: {"monday":{"open":"09:00","close":"17:00","isOpen":true},"tuesday":{"open":"09:00","close":"17:00","isOpen":true},"wednesday":{"open":"09:00","close":"17:00","isOpen":true},"thursday":{"open":"09:00","close":"17:00","isOpen":true},"friday":{"open":"09:00","close":"17:00","isOpen":true},"saturday":{"open":"10:00","close":"15:00","isOpen":true},"sunday":{"open":"10:00","close":"15:00","isOpen":false}}
[2026-04-23T06:55:45.767Z] ✅ Clinic is open on thursday from 09:00 to 17:00 
[2026-04-23T06:55:45.798Z] 🔵 Checking availability for 6 providers 
[2026-04-23T06:55:45.822Z] ✅ Found 15 slots for clinic: ehsan clinic 
[2026-04-23T06:57:28.340Z] 🔵 Availability Request: {"clinicId":"4ca4e344-a7c6-473c-b3be-21b90c1ae067","serviceIds":["24484414-7772-4f7f-8d9c-26d45503d5fc"],"providerId":null,"date":"2026-04-23"}
[2026-04-23T06:57:28.343Z] 🔵 Using date: "2026-04-23"
[2026-04-23T06:57:28.471Z] 🔵 Clinic: "muneeb"
[2026-04-23T06:57:28.482Z] 🔵 Total duration: 60
[2026-04-23T06:57:28.483Z] 🔵 Using timezone: "America/New_York"
[2026-04-23T06:57:28.486Z] 🔵 Day of week: "thursday"
[2026-04-23T06:57:28.487Z] 🔵 Business hours for thursday: {"open":"09:00","close":"23:00","isOpen":true}
[2026-04-23T06:57:28.488Z] 🔵 All business hours: {"monday":{"open":"09:00","close":"23:00","isOpen":true},"tuesday":{"open":"09:00","close":"23:00","isOpen":true},"wednesday":{"open":"09:00","close":"23:00","isOpen":true},"thursday":{"open":"09:00","close":"23:00","isOpen":true},"friday":{"open":"09:00","close":"23:00","isOpen":true},"saturday":{"open":"09:00","close":"18:00","isOpen":false},"sunday":{"open":"09:00","close":"18:00","isOpen":false}}
[2026-04-23T06:57:28.488Z] ✅ Clinic is open on thursday from 09:00 to 23:00 
[2026-04-23T06:57:28.535Z] 🔵 Checking availability for 4 providers 
[2026-04-23T06:57:28.593Z] ✅ Found 27 slots for clinic: muneeb 
[2026-04-23T06:57:28.604Z] 🔵 Availability Request: {"clinicId":"4ca4e344-a7c6-473c-b3be-21b90c1ae067","serviceIds":["24484414-7772-4f7f-8d9c-26d45503d5fc"],"providerId":null,"date":"2026-04-23"}
[2026-04-23T06:57:28.605Z] 🔵 Using date: "2026-04-23"
[2026-04-23T06:57:28.629Z] 🔵 Clinic: "muneeb"
[2026-04-23T06:57:28.634Z] 🔵 Total duration: 60
[2026-04-23T06:57:28.634Z] 🔵 Using timezone: "America/New_York"
[2026-04-23T06:57:28.672Z] 🔵 Day of week: "thursday"
[2026-04-23T06:57:28.673Z] 🔵 Business hours for thursday: {"open":"09:00","close":"23:00","isOpen":true}
[2026-04-23T06:57:28.678Z] 🔵 All business hours: {"monday":{"open":"09:00","close":"23:00","isOpen":true},"tuesday":{"open":"09:00","close":"23:00","isOpen":true},"wednesday":{"open":"09:00","close":"23:00","isOpen":true},"thursday":{"open":"09:00","close":"23:00","isOpen":true},"friday":{"open":"09:00","close":"23:00","isOpen":true},"saturday":{"open":"09:00","close":"18:00","isOpen":false},"sunday":{"open":"09:00","close":"18:00","isOpen":false}}
[2026-04-23T06:57:28.679Z] ✅ Clinic is open on thursday from 09:00 to 23:00 
[2026-04-23T06:57:28.700Z] 🔵 Checking availability for 4 providers 
[2026-04-23T06:57:28.742Z] ✅ Found 27 slots for clinic: muneeb 
[2026-04-23T07:05:35.003Z] 🔵 Availability Request: {"clinicId":"c07c073a-ad9e-44fd-b1b7-0b82ac7ed194","serviceIds":["bdd6033a-d623-4770-a2a4-f62177b3c3f3"],"providerId":null,"date":"2026-04-23"}
[2026-04-23T07:05:35.006Z] 🔵 Using date: "2026-04-23"
[2026-04-23T07:05:35.019Z] 🔵 Clinic: "abc clinic"
[2026-04-23T07:05:35.027Z] 🔵 Total duration: 60
[2026-04-23T07:05:35.030Z] 🔵 Using timezone: "America/New_York"
[2026-04-23T07:05:35.040Z] 🔵 Day of week: "thursday"
[2026-04-23T07:05:35.040Z] 🔵 Business hours for thursday: {"open":"09:00","close":"17:00","isOpen":true}
[2026-04-23T07:05:35.044Z] 🔵 All business hours: {"monday":{"open":"09:00","close":"17:00","isOpen":true},"tuesday":{"open":"09:00","close":"17:00","isOpen":true},"wednesday":{"open":"09:00","close":"17:00","isOpen":true},"thursday":{"open":"09:00","close":"17:00","isOpen":true},"friday":{"open":"09:00","close":"17:00","isOpen":true},"saturday":{"open":"10:00","close":"15:00","isOpen":true},"sunday":{"open":"10:00","close":"15:00","isOpen":false}}
[2026-04-23T07:05:35.046Z] ✅ Clinic is open on thursday from 09:00 to 17:00 
[2026-04-23T07:05:35.091Z] 🔵 Checking availability for 3 providers 
[2026-04-23T07:05:35.130Z] ✅ Found 15 slots for clinic: abc clinic 
[2026-04-29T05:50:56.007Z] 🔵 Availability Request: {"clinicId":"4ca4e344-a7c6-473c-b3be-21b90c1ae067","serviceIds":["24484414-7772-4f7f-8d9c-26d45503d5fc"],"providerId":null,"date":"2026-04-29"}
[2026-04-29T05:50:56.366Z] 🔵 Using date: "2026-04-29"
[2026-04-29T05:50:56.387Z] 🔵 Clinic: "muneeb"
[2026-04-29T05:50:56.394Z] 🔵 Total duration: 60
[2026-04-29T05:50:56.395Z] 🔵 Using timezone: "America/New_York"
[2026-04-29T05:50:56.414Z] 🔵 Day of week: "wednesday"
[2026-04-29T05:50:56.415Z] 🔵 Business hours for wednesday: {"open":"09:00","close":"23:00","isOpen":true}
[2026-04-29T05:50:56.421Z] 🔵 All business hours: {"monday":{"open":"09:00","close":"23:00","isOpen":true},"tuesday":{"open":"09:00","close":"23:00","isOpen":true},"wednesday":{"open":"09:00","close":"23:00","isOpen":true},"thursday":{"open":"09:00","close":"23:00","isOpen":true},"friday":{"open":"09:00","close":"23:00","isOpen":true},"saturday":{"open":"09:00","close":"18:00","isOpen":false},"sunday":{"open":"09:00","close":"18:00","isOpen":false}}
[2026-04-29T05:50:56.422Z] ✅ Clinic is open on wednesday from 09:00 to 23:00 
[2026-04-29T05:50:56.466Z] 🔵 Checking availability for 4 providers 
[2026-04-29T05:50:56.526Z] ✅ Found 27 slots for clinic: muneeb 
[2026-04-29T06:20:06.798Z] 🔵 Availability Request: {"clinicId":"4ca4e344-a7c6-473c-b3be-21b90c1ae067","serviceIds":["24484414-7772-4f7f-8d9c-26d45503d5fc"],"providerId":null,"date":"2026-04-29"}
[2026-04-29T06:20:06.799Z] 🔵 Using date: "2026-04-29"
[2026-04-29T06:20:06.825Z] 🔵 Clinic: "muneeb"
[2026-04-29T06:20:06.838Z] 🔵 Total duration: 60
[2026-04-29T06:20:06.842Z] 🔵 Using timezone: "America/New_York"
[2026-04-29T06:20:06.851Z] 🔵 Day of week: "wednesday"
[2026-04-29T06:20:06.852Z] 🔵 Business hours for wednesday: {"open":"09:00","close":"23:00","isOpen":true}
[2026-04-29T06:20:06.859Z] 🔵 All business hours: {"monday":{"open":"09:00","close":"23:00","isOpen":true},"tuesday":{"open":"09:00","close":"23:00","isOpen":true},"wednesday":{"open":"09:00","close":"23:00","isOpen":true},"thursday":{"open":"09:00","close":"23:00","isOpen":true},"friday":{"open":"09:00","close":"23:00","isOpen":true},"saturday":{"open":"09:00","close":"18:00","isOpen":false},"sunday":{"open":"09:00","close":"18:00","isOpen":false}}
[2026-04-29T06:20:07.123Z] ✅ Clinic is open on wednesday from 09:00 to 23:00 
[2026-04-29T06:20:07.187Z] 🔵 Checking availability for 4 providers 
[2026-04-29T06:20:07.304Z] ✅ Found 27 slots for clinic: muneeb 
[2026-04-29T06:35:42.313Z] 🔵 Availability Request: {"clinicId":"4ca4e344-a7c6-473c-b3be-21b90c1ae067","serviceIds":["24484414-7772-4f7f-8d9c-26d45503d5fc"],"providerId":null,"date":"2026-04-29"}
[2026-04-29T06:35:42.315Z] 🔵 Using date: "2026-04-29"
[2026-04-29T06:35:42.333Z] 🔵 Clinic: "muneeb"
[2026-04-29T06:35:42.339Z] 🔵 Total duration: 60
[2026-04-29T06:35:42.347Z] 🔵 Using timezone: "America/New_York"
[2026-04-29T06:35:42.357Z] 🔵 Day of week: "wednesday"
[2026-04-29T06:35:42.361Z] 🔵 Business hours for wednesday: {"open":"09:00","close":"23:00","isOpen":true}
[2026-04-29T06:35:42.363Z] 🔵 All business hours: {"monday":{"open":"09:00","close":"23:00","isOpen":true},"tuesday":{"open":"09:00","close":"23:00","isOpen":true},"wednesday":{"open":"09:00","close":"23:00","isOpen":true},"thursday":{"open":"09:00","close":"23:00","isOpen":true},"friday":{"open":"09:00","close":"23:00","isOpen":true},"saturday":{"open":"09:00","close":"18:00","isOpen":false},"sunday":{"open":"09:00","close":"18:00","isOpen":false}}
[2026-04-29T06:35:42.364Z] ✅ Clinic is open on wednesday from 09:00 to 23:00 
[2026-04-29T06:35:42.399Z] 🔵 Checking availability for 4 providers 
[2026-04-29T06:35:42.467Z] ✅ Found 27 slots for clinic: muneeb 
[2026-04-29T06:37:27.508Z] 🔵 Availability Request: {"clinicId":"4ca4e344-a7c6-473c-b3be-21b90c1ae067","serviceIds":["24484414-7772-4f7f-8d9c-26d45503d5fc"],"providerId":null,"date":"2026-04-29"}
[2026-04-29T06:37:27.513Z] 🔵 Using date: "2026-04-29"
[2026-04-29T06:37:27.591Z] 🔵 Clinic: "muneeb"
[2026-04-29T06:37:27.635Z] 🔵 Total duration: 60
[2026-04-29T06:37:27.643Z] 🔵 Using timezone: "America/New_York"
[2026-04-29T06:37:27.667Z] 🔵 Day of week: "wednesday"
[2026-04-29T06:37:27.668Z] 🔵 Business hours for wednesday: {"open":"09:00","close":"23:00","isOpen":true}
[2026-04-29T06:37:27.676Z] 🔵 All business hours: {"monday":{"open":"09:00","close":"23:00","isOpen":true},"tuesday":{"open":"09:00","close":"23:00","isOpen":true},"wednesday":{"open":"09:00","close":"23:00","isOpen":true},"thursday":{"open":"09:00","close":"23:00","isOpen":true},"friday":{"open":"09:00","close":"23:00","isOpen":true},"saturday":{"open":"09:00","close":"18:00","isOpen":false},"sunday":{"open":"09:00","close":"18:00","isOpen":false}}
[2026-04-29T06:37:27.677Z] ✅ Clinic is open on wednesday from 09:00 to 23:00 
[2026-04-29T06:37:27.743Z] 🔵 Checking availability for 4 providers 
[2026-04-29T06:37:27.850Z] ✅ Found 27 slots for clinic: muneeb 
[2026-04-29T06:39:42.971Z] 🔵 Availability Request: {"clinicId":"4ca4e344-a7c6-473c-b3be-21b90c1ae067","serviceIds":["24484414-7772-4f7f-8d9c-26d45503d5fc"],"providerId":null,"date":"2026-04-29"}
[2026-04-29T06:39:42.972Z] 🔵 Using date: "2026-04-29"
[2026-04-29T06:39:42.991Z] 🔵 Clinic: "muneeb"
[2026-04-29T06:39:43.008Z] 🔵 Total duration: 60
[2026-04-29T06:39:43.009Z] 🔵 Using timezone: "America/New_York"
[2026-04-29T06:39:43.010Z] 🔵 Day of week: "wednesday"
[2026-04-29T06:39:43.011Z] 🔵 Business hours for wednesday: {"open":"09:00","close":"23:00","isOpen":true}
[2026-04-29T06:39:43.012Z] 🔵 All business hours: {"monday":{"open":"09:00","close":"23:00","isOpen":true},"tuesday":{"open":"09:00","close":"23:00","isOpen":true},"wednesday":{"open":"09:00","close":"23:00","isOpen":true},"thursday":{"open":"09:00","close":"23:00","isOpen":true},"friday":{"open":"09:00","close":"23:00","isOpen":true},"saturday":{"open":"09:00","close":"18:00","isOpen":false},"sunday":{"open":"09:00","close":"18:00","isOpen":false}}
[2026-04-29T06:39:43.013Z] ✅ Clinic is open on wednesday from 09:00 to 23:00 
[2026-04-29T06:39:43.047Z] 🔵 Checking availability for 4 providers 
[2026-04-29T06:39:43.106Z] ✅ Found 27 slots for clinic: muneeb 
[2026-04-29T06:42:51.130Z] 🔵 Availability Request: {"clinicId":"4ca4e344-a7c6-473c-b3be-21b90c1ae067","serviceIds":["24484414-7772-4f7f-8d9c-26d45503d5fc"],"providerId":null,"date":"2026-04-29"}
[2026-04-29T06:42:51.134Z] 🔵 Using date: "2026-04-29"
[2026-04-29T06:42:51.182Z] 🔵 Clinic: "muneeb"
[2026-04-29T06:42:51.188Z] 🔵 Total duration: 60
[2026-04-29T06:42:51.202Z] 🔵 Using timezone: "America/New_York"
[2026-04-29T06:42:51.220Z] 🔵 Day of week: "wednesday"
[2026-04-29T06:42:51.221Z] 🔵 Business hours for wednesday: {"open":"09:00","close":"23:00","isOpen":true}
[2026-04-29T06:42:51.223Z] 🔵 All business hours: {"monday":{"open":"09:00","close":"23:00","isOpen":true},"tuesday":{"open":"09:00","close":"23:00","isOpen":true},"wednesday":{"open":"09:00","close":"23:00","isOpen":true},"thursday":{"open":"09:00","close":"23:00","isOpen":true},"friday":{"open":"09:00","close":"23:00","isOpen":true},"saturday":{"open":"09:00","close":"18:00","isOpen":false},"sunday":{"open":"09:00","close":"18:00","isOpen":false}}
[2026-04-29T06:42:51.224Z] ✅ Clinic is open on wednesday from 09:00 to 23:00 
[2026-04-29T06:42:51.353Z] 🔵 Checking availability for 4 providers 
[2026-04-29T06:42:51.748Z] ✅ Found 27 slots for clinic: muneeb 
[2026-04-29T06:43:30.102Z] 🔵 Availability Request: {"clinicId":"4ca4e344-a7c6-473c-b3be-21b90c1ae067","serviceIds":["24484414-7772-4f7f-8d9c-26d45503d5fc"],"providerId":null,"date":"2026-04-29"}
[2026-04-29T06:43:30.105Z] 🔵 Using date: "2026-04-29"
[2026-04-29T06:43:30.330Z] 🔵 Clinic: "muneeb"
[2026-04-29T06:43:30.339Z] 🔵 Total duration: 60
[2026-04-29T06:43:30.340Z] 🔵 Using timezone: "America/New_York"
[2026-04-29T06:43:30.341Z] 🔵 Day of week: "wednesday"
[2026-04-29T06:43:30.342Z] 🔵 Business hours for wednesday: {"open":"09:00","close":"23:00","isOpen":true}
[2026-04-29T06:43:30.345Z] 🔵 All business hours: {"monday":{"open":"09:00","close":"23:00","isOpen":true},"tuesday":{"open":"09:00","close":"23:00","isOpen":true},"wednesday":{"open":"09:00","close":"23:00","isOpen":true},"thursday":{"open":"09:00","close":"23:00","isOpen":true},"friday":{"open":"09:00","close":"23:00","isOpen":true},"saturday":{"open":"09:00","close":"18:00","isOpen":false},"sunday":{"open":"09:00","close":"18:00","isOpen":false}}
[2026-04-29T06:43:30.345Z] ✅ Clinic is open on wednesday from 09:00 to 23:00 
[2026-04-29T06:43:30.389Z] 🔵 Checking availability for 4 providers 
[2026-04-29T06:43:30.463Z] ✅ Found 27 slots for clinic: muneeb 
[2026-04-29T06:43:56.898Z] 🔵 Availability Request: {"clinicId":"4ca4e344-a7c6-473c-b3be-21b90c1ae067","serviceIds":["24484414-7772-4f7f-8d9c-26d45503d5fc"],"providerId":null,"date":"2026-04-29"}
[2026-04-29T06:43:56.900Z] 🔵 Using date: "2026-04-29"
[2026-04-29T06:43:56.923Z] 🔵 Clinic: "muneeb"
[2026-04-29T06:43:56.934Z] 🔵 Total duration: 60
[2026-04-29T06:43:56.935Z] 🔵 Using timezone: "America/New_York"
[2026-04-29T06:43:56.941Z] 🔵 Day of week: "wednesday"
[2026-04-29T06:43:56.945Z] 🔵 Business hours for wednesday: {"open":"09:00","close":"23:00","isOpen":true}
[2026-04-29T06:43:56.946Z] 🔵 All business hours: {"monday":{"open":"09:00","close":"23:00","isOpen":true},"tuesday":{"open":"09:00","close":"23:00","isOpen":true},"wednesday":{"open":"09:00","close":"23:00","isOpen":true},"thursday":{"open":"09:00","close":"23:00","isOpen":true},"friday":{"open":"09:00","close":"23:00","isOpen":true},"saturday":{"open":"09:00","close":"18:00","isOpen":false},"sunday":{"open":"09:00","close":"18:00","isOpen":false}}
[2026-04-29T06:43:56.947Z] ✅ Clinic is open on wednesday from 09:00 to 23:00 
[2026-04-29T06:43:56.982Z] 🔵 Checking availability for 4 providers 
[2026-04-29T06:43:57.064Z] ✅ Found 27 slots for clinic: muneeb 
[2026-04-29T06:44:13.368Z] 🔵 Availability Request: {"clinicId":"4ca4e344-a7c6-473c-b3be-21b90c1ae067","serviceIds":["24484414-7772-4f7f-8d9c-26d45503d5fc"],"providerId":null,"date":"2026-04-29"}
[2026-04-29T06:44:13.374Z] 🔵 Using date: "2026-04-29"
[2026-04-29T06:44:13.483Z] 🔵 Clinic: "muneeb"
[2026-04-29T06:44:13.493Z] 🔵 Total duration: 60
[2026-04-29T06:44:13.494Z] 🔵 Using timezone: "America/New_York"
[2026-04-29T06:44:13.494Z] 🔵 Day of week: "wednesday"
[2026-04-29T06:44:13.495Z] 🔵 Business hours for wednesday: {"open":"09:00","close":"23:00","isOpen":true}
[2026-04-29T06:44:13.497Z] 🔵 All business hours: {"monday":{"open":"09:00","close":"23:00","isOpen":true},"tuesday":{"open":"09:00","close":"23:00","isOpen":true},"wednesday":{"open":"09:00","close":"23:00","isOpen":true},"thursday":{"open":"09:00","close":"23:00","isOpen":true},"friday":{"open":"09:00","close":"23:00","isOpen":true},"saturday":{"open":"09:00","close":"18:00","isOpen":false},"sunday":{"open":"09:00","close":"18:00","isOpen":false}}
[2026-04-29T06:44:13.498Z] ✅ Clinic is open on wednesday from 09:00 to 23:00 
[2026-04-29T06:44:13.544Z] 🔵 Checking availability for 4 providers 
[2026-04-29T06:44:13.594Z] ✅ Found 27 slots for clinic: muneeb 
[2026-04-29T06:44:38.612Z] 🔵 Availability Request: {"clinicId":"4ca4e344-a7c6-473c-b3be-21b90c1ae067","serviceIds":["24484414-7772-4f7f-8d9c-26d45503d5fc"],"providerId":null,"date":"2026-04-29"}
[2026-04-29T06:44:38.621Z] 🔵 Using date: "2026-04-29"
[2026-04-29T06:44:38.646Z] 🔵 Clinic: "muneeb"
[2026-04-29T06:44:38.657Z] 🔵 Total duration: 60
[2026-04-29T06:44:38.659Z] 🔵 Using timezone: "America/New_York"
[2026-04-29T06:44:38.663Z] 🔵 Day of week: "wednesday"
[2026-04-29T06:44:38.664Z] 🔵 Business hours for wednesday: {"open":"09:00","close":"23:00","isOpen":true}
[2026-04-29T06:44:38.665Z] 🔵 All business hours: {"monday":{"open":"09:00","close":"23:00","isOpen":true},"tuesday":{"open":"09:00","close":"23:00","isOpen":true},"wednesday":{"open":"09:00","close":"23:00","isOpen":true},"thursday":{"open":"09:00","close":"23:00","isOpen":true},"friday":{"open":"09:00","close":"23:00","isOpen":true},"saturday":{"open":"09:00","close":"18:00","isOpen":false},"sunday":{"open":"09:00","close":"18:00","isOpen":false}}
[2026-04-29T06:44:38.665Z] ✅ Clinic is open on wednesday from 09:00 to 23:00 
[2026-04-29T06:44:38.698Z] 🔵 Checking availability for 4 providers 
[2026-04-29T06:44:38.769Z] ✅ Found 27 slots for clinic: muneeb 
[2026-04-29T06:50:12.454Z] 🔵 Availability Request: {"clinicId":"4ca4e344-a7c6-473c-b3be-21b90c1ae067","serviceIds":["24484414-7772-4f7f-8d9c-26d45503d5fc"],"providerId":null,"date":"2026-04-29"}
[2026-04-29T06:50:12.462Z] 🔵 Using date: "2026-04-29"
[2026-04-29T06:50:12.498Z] 🔵 Clinic: "muneeb"
[2026-04-29T06:50:12.513Z] 🔵 Total duration: 60
[2026-04-29T06:50:12.514Z] 🔵 Using timezone: "America/New_York"
[2026-04-29T06:50:12.515Z] 🔵 Day of week: "wednesday"
[2026-04-29T06:50:12.515Z] 🔵 Business hours for wednesday: {"open":"09:00","close":"23:00","isOpen":true}
[2026-04-29T06:50:12.517Z] 🔵 All business hours: {"monday":{"open":"09:00","close":"23:00","isOpen":true},"tuesday":{"open":"09:00","close":"23:00","isOpen":true},"wednesday":{"open":"09:00","close":"23:00","isOpen":true},"thursday":{"open":"09:00","close":"23:00","isOpen":true},"friday":{"open":"09:00","close":"23:00","isOpen":true},"saturday":{"open":"09:00","close":"18:00","isOpen":false},"sunday":{"open":"09:00","close":"18:00","isOpen":false}}
[2026-04-29T06:50:12.519Z] ✅ Clinic is open on wednesday from 09:00 to 23:00 
[2026-04-29T06:50:12.641Z] 🔵 Checking availability for 4 providers 
[2026-04-29T06:50:12.727Z] ✅ Found 27 slots for clinic: muneeb 
[2026-04-29T06:57:15.513Z] 🔵 Availability Request: {"clinicId":"1f0c099e-663f-462a-bd8d-b90ad71cbb01","serviceIds":["7f3c5ca1-1704-4f54-b909-f1532dd200b0"],"providerId":null,"date":"2026-04-29"}
[2026-04-29T06:57:15.514Z] 🔵 Using date: "2026-04-29"
[2026-04-29T06:57:15.539Z] 🔵 Clinic: "ehsan clinic"
[2026-04-29T06:57:15.550Z] 🔵 Total duration: 60
[2026-04-29T06:57:15.551Z] 🔵 Using timezone: "America/New_York"
[2026-04-29T06:57:15.575Z] 🔵 Day of week: "wednesday"
[2026-04-29T06:57:15.576Z] 🔵 Business hours for wednesday: {"open":"09:00","close":"17:00","isOpen":true}
[2026-04-29T06:57:15.578Z] 🔵 All business hours: {"monday":{"open":"09:00","close":"17:00","isOpen":true},"tuesday":{"open":"09:00","close":"17:00","isOpen":true},"wednesday":{"open":"09:00","close":"17:00","isOpen":true},"thursday":{"open":"09:00","close":"17:00","isOpen":true},"friday":{"open":"09:00","close":"17:00","isOpen":true},"saturday":{"open":"10:00","close":"15:00","isOpen":true},"sunday":{"open":"10:00","close":"15:00","isOpen":false}}
[2026-04-29T06:57:15.579Z] ✅ Clinic is open on wednesday from 09:00 to 17:00 
[2026-04-29T06:57:15.623Z] 🔵 Checking availability for 6 providers 
[2026-04-29T06:57:15.670Z] ✅ Found 15 slots for clinic: ehsan clinic 
[2026-04-29T07:14:15.563Z] 🔵 Availability Request: {"clinicId":"1f0c099e-663f-462a-bd8d-b90ad71cbb01","serviceIds":["7cc7ae88-9a64-43f2-9ff3-8a2253a52242"],"providerId":null,"date":"2026-04-29"}
[2026-04-29T07:14:15.565Z] 🔵 Using date: "2026-04-29"
[2026-04-29T07:14:15.656Z] 🔵 Clinic: "ehsan clinic"
[2026-04-29T07:14:15.666Z] 🔵 Total duration: 60
[2026-04-29T07:14:15.673Z] 🔵 Using timezone: "America/New_York"
[2026-04-29T07:14:15.680Z] 🔵 Day of week: "wednesday"
[2026-04-29T07:14:15.680Z] 🔵 Business hours for wednesday: {"open":"09:00","close":"17:00","isOpen":true}
[2026-04-29T07:14:15.681Z] 🔵 All business hours: {"monday":{"open":"09:00","close":"17:00","isOpen":true},"tuesday":{"open":"09:00","close":"17:00","isOpen":true},"wednesday":{"open":"09:00","close":"17:00","isOpen":true},"thursday":{"open":"09:00","close":"17:00","isOpen":true},"friday":{"open":"09:00","close":"17:00","isOpen":true},"saturday":{"open":"10:00","close":"15:00","isOpen":true},"sunday":{"open":"10:00","close":"15:00","isOpen":false}}
[2026-04-29T07:14:15.682Z] ✅ Clinic is open on wednesday from 09:00 to 17:00 
[2026-04-29T07:14:15.724Z] 🔵 Checking availability for 6 providers 
[2026-04-29T07:14:15.763Z] ✅ Found 15 slots for clinic: ehsan clinic 
[2026-04-29T07:14:37.709Z] 🔵 Availability Request: {"clinicId":"1f0c099e-663f-462a-bd8d-b90ad71cbb01","serviceIds":["7f3c5ca1-1704-4f54-b909-f1532dd200b0"],"providerId":null,"date":"2026-04-29"}
[2026-04-29T07:14:37.712Z] 🔵 Using date: "2026-04-29"
[2026-04-29T07:14:37.795Z] 🔵 Clinic: "ehsan clinic"
[2026-04-29T07:14:37.845Z] 🔵 Total duration: 60
[2026-04-29T07:14:37.846Z] 🔵 Using timezone: "America/New_York"
[2026-04-29T07:14:37.858Z] 🔵 Day of week: "wednesday"
[2026-04-29T07:14:37.870Z] 🔵 Business hours for wednesday: {"open":"09:00","close":"17:00","isOpen":true}
[2026-04-29T07:14:37.872Z] 🔵 All business hours: {"monday":{"open":"09:00","close":"17:00","isOpen":true},"tuesday":{"open":"09:00","close":"17:00","isOpen":true},"wednesday":{"open":"09:00","close":"17:00","isOpen":true},"thursday":{"open":"09:00","close":"17:00","isOpen":true},"friday":{"open":"09:00","close":"17:00","isOpen":true},"saturday":{"open":"10:00","close":"15:00","isOpen":true},"sunday":{"open":"10:00","close":"15:00","isOpen":false}}
[2026-04-29T07:14:37.877Z] ✅ Clinic is open on wednesday from 09:00 to 17:00 
[2026-04-29T07:14:37.959Z] 🔵 Checking availability for 6 providers 
[2026-04-29T07:14:38.032Z] ✅ Found 15 slots for clinic: ehsan clinic 
[2026-04-29T07:23:47.570Z] 🔵 Availability Request: {"clinicId":"1f0c099e-663f-462a-bd8d-b90ad71cbb01","serviceIds":["7cc7ae88-9a64-43f2-9ff3-8a2253a52242"],"providerId":null,"date":"2026-04-29"}
[2026-04-29T07:23:47.571Z] 🔵 Using date: "2026-04-29"
[2026-04-29T07:23:47.600Z] 🔵 Clinic: "ehsan clinic"
[2026-04-29T07:23:47.610Z] 🔵 Total duration: 60
[2026-04-29T07:23:47.610Z] 🔵 Using timezone: "America/New_York"
[2026-04-29T07:23:47.624Z] 🔵 Day of week: "wednesday"
[2026-04-29T07:23:47.630Z] 🔵 Business hours for wednesday: {"open":"09:00","close":"17:00","isOpen":true}
[2026-04-29T07:23:47.631Z] 🔵 All business hours: {"monday":{"open":"09:00","close":"17:00","isOpen":true},"tuesday":{"open":"09:00","close":"17:00","isOpen":true},"wednesday":{"open":"09:00","close":"17:00","isOpen":true},"thursday":{"open":"09:00","close":"17:00","isOpen":true},"friday":{"open":"09:00","close":"17:00","isOpen":true},"saturday":{"open":"10:00","close":"15:00","isOpen":true},"sunday":{"open":"10:00","close":"15:00","isOpen":false}}
[2026-04-29T07:23:47.632Z] ✅ Clinic is open on wednesday from 09:00 to 17:00 
[2026-04-29T07:23:47.670Z] 🔵 Checking availability for 6 providers 
[2026-04-29T07:23:47.735Z] ✅ Found 15 slots for clinic: ehsan clinic 
[2026-04-29T07:26:11.980Z] 🔵 Availability Request: {"clinicId":"1f0c099e-663f-462a-bd8d-b90ad71cbb01","serviceIds":["dfe5bfd5-1b83-4a33-804e-ce044e5c66af"],"providerId":null,"date":"2026-04-29"}
[2026-04-29T07:26:11.986Z] 🔵 Using date: "2026-04-29"
[2026-04-29T07:26:12.046Z] 🔵 Clinic: "ehsan clinic"
[2026-04-29T07:26:12.065Z] 🔵 Total duration: 60
[2026-04-29T07:26:12.066Z] 🔵 Using timezone: "America/New_York"
[2026-04-29T07:26:12.090Z] 🔵 Day of week: "wednesday"
[2026-04-29T07:26:12.092Z] 🔵 Business hours for wednesday: {"open":"09:00","close":"17:00","isOpen":true}
[2026-04-29T07:26:12.095Z] 🔵 All business hours: {"monday":{"open":"09:00","close":"17:00","isOpen":true},"tuesday":{"open":"09:00","close":"17:00","isOpen":true},"wednesday":{"open":"09:00","close":"17:00","isOpen":true},"thursday":{"open":"09:00","close":"17:00","isOpen":true},"friday":{"open":"09:00","close":"17:00","isOpen":true},"saturday":{"open":"10:00","close":"15:00","isOpen":true},"sunday":{"open":"10:00","close":"15:00","isOpen":false}}
[2026-04-29T07:26:12.096Z] ✅ Clinic is open on wednesday from 09:00 to 17:00 
[2026-04-29T07:26:12.159Z] 🔵 Checking availability for 6 providers 
[2026-04-29T07:26:12.214Z] ✅ Found 15 slots for clinic: ehsan clinic 
[2026-04-29T07:27:03.103Z] 🔵 Availability Request: {"clinicId":"1f0c099e-663f-462a-bd8d-b90ad71cbb01","serviceIds":["dfe5bfd5-1b83-4a33-804e-ce044e5c66af"],"providerId":null,"date":"2026-04-29"}
[2026-04-29T07:27:03.104Z] 🔵 Using date: "2026-04-29"
[2026-04-29T07:27:03.120Z] 🔵 Clinic: "ehsan clinic"
[2026-04-29T07:27:03.125Z] 🔵 Total duration: 60
[2026-04-29T07:27:03.126Z] 🔵 Using timezone: "America/New_York"
[2026-04-29T07:27:03.127Z] 🔵 Day of week: "wednesday"
[2026-04-29T07:27:03.128Z] 🔵 Business hours for wednesday: {"open":"09:00","close":"17:00","isOpen":true}
[2026-04-29T07:27:03.134Z] 🔵 All business hours: {"monday":{"open":"09:00","close":"17:00","isOpen":true},"tuesday":{"open":"09:00","close":"17:00","isOpen":true},"wednesday":{"open":"09:00","close":"17:00","isOpen":true},"thursday":{"open":"09:00","close":"17:00","isOpen":true},"friday":{"open":"09:00","close":"17:00","isOpen":true},"saturday":{"open":"10:00","close":"15:00","isOpen":true},"sunday":{"open":"10:00","close":"15:00","isOpen":false}}
[2026-04-29T07:27:03.136Z] ✅ Clinic is open on wednesday from 09:00 to 17:00 
[2026-04-29T07:27:03.172Z] 🔵 Checking availability for 6 providers 
[2026-04-29T07:27:03.206Z] ✅ Found 15 slots for clinic: ehsan clinic 
[2026-04-29T07:27:06.574Z] 🔵 Availability Request: {"clinicId":"1f0c099e-663f-462a-bd8d-b90ad71cbb01","serviceIds":["dfe5bfd5-1b83-4a33-804e-ce044e5c66af"],"providerId":null,"date":"2026-04-30"}
[2026-04-29T07:27:06.575Z] 🔵 Using date: "2026-04-30"
[2026-04-29T07:27:06.591Z] 🔵 Clinic: "ehsan clinic"
[2026-04-29T07:27:06.604Z] 🔵 Total duration: 60
[2026-04-29T07:27:06.605Z] 🔵 Using timezone: "America/New_York"
[2026-04-29T07:27:06.607Z] 🔵 Day of week: "thursday"
[2026-04-29T07:27:06.610Z] 🔵 Business hours for thursday: {"open":"09:00","close":"17:00","isOpen":true}
[2026-04-29T07:27:06.611Z] 🔵 All business hours: {"monday":{"open":"09:00","close":"17:00","isOpen":true},"tuesday":{"open":"09:00","close":"17:00","isOpen":true},"wednesday":{"open":"09:00","close":"17:00","isOpen":true},"thursday":{"open":"09:00","close":"17:00","isOpen":true},"friday":{"open":"09:00","close":"17:00","isOpen":true},"saturday":{"open":"10:00","close":"15:00","isOpen":true},"sunday":{"open":"10:00","close":"15:00","isOpen":false}}
[2026-04-29T07:27:06.612Z] ✅ Clinic is open on thursday from 09:00 to 17:00 
[2026-04-29T07:27:06.639Z] 🔵 Checking availability for 6 providers 
[2026-04-29T07:27:06.675Z] ✅ Found 15 slots for clinic: ehsan clinic 
[2026-05-04T06:48:22.329Z] 🔵 Availability Request: {"clinicId":"1f0c099e-663f-462a-bd8d-b90ad71cbb01","serviceIds":["7f3c5ca1-1704-4f54-b909-f1532dd200b0"],"providerId":null,"date":"2026-05-04"}
[2026-05-04T06:48:22.592Z] 🔵 Using date: "2026-05-04"
[2026-05-04T06:48:22.599Z] 🔵 Clinic: "ehsan clinic"
[2026-05-04T06:48:22.604Z] 🔵 Total duration: 60
[2026-05-04T06:48:22.607Z] 🔵 Using timezone: "America/New_York"
[2026-05-04T06:48:22.681Z] 🔵 Day of week: "monday"
[2026-05-04T06:48:22.681Z] 🔵 Business hours for monday: {"open":"09:00","close":"17:00","isOpen":true}
[2026-05-04T06:48:22.682Z] 🔵 All business hours: {"monday":{"open":"09:00","close":"17:00","isOpen":true},"tuesday":{"open":"09:00","close":"17:00","isOpen":true},"wednesday":{"open":"09:00","close":"17:00","isOpen":true},"thursday":{"open":"09:00","close":"17:00","isOpen":true},"friday":{"open":"09:00","close":"17:00","isOpen":true},"saturday":{"open":"10:00","close":"15:00","isOpen":true},"sunday":{"open":"10:00","close":"15:00","isOpen":false}}
[2026-05-04T06:48:22.683Z] ✅ Clinic is open on monday from 09:00 to 17:00 
[2026-05-04T06:48:22.734Z] 🔵 Checking availability for 6 providers 
[2026-05-04T06:48:22.820Z] ✅ Found 15 slots for clinic: ehsan clinic 
[2026-05-05T05:09:30.446Z] 🔵 Availability Request: {"clinicId":"4ca4e344-a7c6-473c-b3be-21b90c1ae067","serviceIds":["24484414-7772-4f7f-8d9c-26d45503d5fc"],"providerId":null,"date":"2026-05-05"}
[2026-05-05T05:09:30.478Z] 🔵 Using date: "2026-05-05"
[2026-05-05T05:09:30.492Z] 🔵 Clinic: "muneeb"
[2026-05-05T05:09:30.503Z] 🔵 Total duration: 60
[2026-05-05T05:09:30.505Z] 🔵 Using timezone: "America/New_York"
[2026-05-05T05:09:30.595Z] 🔵 Day of week: "tuesday"
[2026-05-05T05:09:30.595Z] 🔵 Business hours for tuesday: {"open":"09:00","close":"23:00","isOpen":true}
[2026-05-05T05:09:30.596Z] 🔵 All business hours: {"monday":{"open":"09:00","close":"23:00","isOpen":true},"tuesday":{"open":"09:00","close":"23:00","isOpen":true},"wednesday":{"open":"09:00","close":"23:00","isOpen":true},"thursday":{"open":"09:00","close":"23:00","isOpen":true},"friday":{"open":"09:00","close":"23:00","isOpen":true},"saturday":{"open":"09:00","close":"18:00","isOpen":false},"sunday":{"open":"09:00","close":"18:00","isOpen":false}}
[2026-05-05T05:09:30.597Z] ✅ Clinic is open on tuesday from 09:00 to 23:00 
[2026-05-05T05:09:30.627Z] 🔵 Checking availability for 4 providers 
[2026-05-05T05:09:30.705Z] ✅ Found 27 slots for clinic: muneeb 
[2026-05-05T05:10:28.175Z] 🔵 Availability Request: {"clinicId":"4ca4e344-a7c6-473c-b3be-21b90c1ae067","serviceIds":["24484414-7772-4f7f-8d9c-26d45503d5fc"],"providerId":null,"date":"2026-05-05"}
[2026-05-05T05:10:28.176Z] 🔵 Using date: "2026-05-05"
[2026-05-05T05:10:28.294Z] 🔵 Clinic: "muneeb"
[2026-05-05T05:10:28.303Z] 🔵 Total duration: 60
[2026-05-05T05:10:28.304Z] 🔵 Using timezone: "America/New_York"
[2026-05-05T05:10:28.309Z] 🔵 Day of week: "tuesday"
[2026-05-05T05:10:28.310Z] 🔵 Business hours for tuesday: {"open":"09:00","close":"23:00","isOpen":true}
[2026-05-05T05:10:28.311Z] 🔵 All business hours: {"monday":{"open":"09:00","close":"23:00","isOpen":true},"tuesday":{"open":"09:00","close":"23:00","isOpen":true},"wednesday":{"open":"09:00","close":"23:00","isOpen":true},"thursday":{"open":"09:00","close":"23:00","isOpen":true},"friday":{"open":"09:00","close":"23:00","isOpen":true},"saturday":{"open":"09:00","close":"18:00","isOpen":false},"sunday":{"open":"09:00","close":"18:00","isOpen":false}}
[2026-05-05T05:10:28.316Z] ✅ Clinic is open on tuesday from 09:00 to 23:00 
[2026-05-05T05:10:28.384Z] 🔵 Checking availability for 4 providers 
[2026-05-05T05:10:28.436Z] ✅ Found 27 slots for clinic: muneeb 
[2026-05-05T05:17:04.241Z] 🔵 Availability Request: {"clinicId":"4ca4e344-a7c6-473c-b3be-21b90c1ae067","serviceIds":["24484414-7772-4f7f-8d9c-26d45503d5fc"],"providerId":null,"date":"2026-05-05"}
[2026-05-05T05:17:04.366Z] 🔵 Using date: "2026-05-05"
[2026-05-05T05:17:04.490Z] 🔵 Clinic: "muneeb"
[2026-05-05T05:17:04.560Z] 🔵 Total duration: 60
[2026-05-05T05:17:04.561Z] 🔵 Using timezone: "America/New_York"
[2026-05-05T05:17:04.569Z] 🔵 Day of week: "tuesday"
[2026-05-05T05:17:04.569Z] 🔵 Business hours for tuesday: {"open":"09:00","close":"23:00","isOpen":true}
[2026-05-05T05:17:04.621Z] 🔵 All business hours: {"monday":{"open":"09:00","close":"23:00","isOpen":true},"tuesday":{"open":"09:00","close":"23:00","isOpen":true},"wednesday":{"open":"09:00","close":"23:00","isOpen":true},"thursday":{"open":"09:00","close":"23:00","isOpen":true},"friday":{"open":"09:00","close":"23:00","isOpen":true},"saturday":{"open":"09:00","close":"18:00","isOpen":false},"sunday":{"open":"09:00","close":"18:00","isOpen":false}}
[2026-05-05T05:17:04.622Z] ✅ Clinic is open on tuesday from 09:00 to 23:00 
[2026-05-05T05:17:04.722Z] 🔵 Checking availability for 4 providers 
[2026-05-05T05:17:04.831Z] ✅ Found 27 slots for clinic: muneeb 
[2026-05-05T05:19:40.473Z] 🔵 Availability Request: {"clinicId":"1f0c099e-663f-462a-bd8d-b90ad71cbb01","serviceIds":["7cc7ae88-9a64-43f2-9ff3-8a2253a52242"],"providerId":null,"date":"2026-05-05"}
[2026-05-05T05:19:40.474Z] 🔵 Using date: "2026-05-05"
[2026-05-05T05:19:40.569Z] 🔵 Clinic: "ehsan clinic"
[2026-05-05T05:19:40.577Z] 🔵 Total duration: 60
[2026-05-05T05:19:40.578Z] 🔵 Using timezone: "America/New_York"
[2026-05-05T05:19:40.580Z] 🔵 Day of week: "tuesday"
[2026-05-05T05:19:40.580Z] 🔵 Business hours for tuesday: {"open":"09:00","close":"17:00","isOpen":true}
[2026-05-05T05:19:40.582Z] 🔵 All business hours: {"monday":{"open":"09:00","close":"17:00","isOpen":true},"tuesday":{"open":"09:00","close":"17:00","isOpen":true},"wednesday":{"open":"09:00","close":"17:00","isOpen":true},"thursday":{"open":"09:00","close":"17:00","isOpen":true},"friday":{"open":"09:00","close":"17:00","isOpen":true},"saturday":{"open":"10:00","close":"15:00","isOpen":true},"sunday":{"open":"10:00","close":"15:00","isOpen":false}}
[2026-05-05T05:19:40.583Z] ✅ Clinic is open on tuesday from 09:00 to 17:00 
[2026-05-05T05:19:40.621Z] 🔵 Checking availability for 6 providers 
[2026-05-05T05:19:40.658Z] ✅ Found 15 slots for clinic: ehsan clinic 
[2026-05-11T06:55:23.168Z] 🔵 Availability Request: {"clinicId":"4ca4e344-a7c6-473c-b3be-21b90c1ae067","serviceIds":["967e0ea6-9422-4579-93e6-23ea3201b1c9"],"providerId":null,"date":"2026-05-11"}
[2026-05-11T06:55:23.194Z] 🔵 Using date: "2026-05-11"
[2026-05-11T06:55:23.340Z] 🔵 Clinic: "muneeb"
[2026-05-11T06:55:23.350Z] 🔵 Total duration: 60
[2026-05-11T06:55:23.354Z] 🔵 Using timezone: "America/New_York"
[2026-05-11T06:55:23.375Z] 🔵 Day of week: "monday"
[2026-05-11T06:55:23.376Z] 🔵 Business hours for monday: {"open":"09:00","close":"23:00","isOpen":true}
[2026-05-11T06:55:23.377Z] 🔵 All business hours: {"monday":{"open":"09:00","close":"23:00","isOpen":true},"tuesday":{"open":"09:00","close":"23:00","isOpen":true},"wednesday":{"open":"09:00","close":"23:00","isOpen":true},"thursday":{"open":"09:00","close":"23:00","isOpen":true},"friday":{"open":"09:00","close":"23:00","isOpen":true},"saturday":{"open":"09:00","close":"18:00","isOpen":false},"sunday":{"open":"09:00","close":"18:00","isOpen":false}}
[2026-05-11T06:55:23.381Z] ✅ Clinic is open on monday from 09:00 to 23:00 
[2026-05-11T06:55:23.427Z] 🔵 Checking availability for 4 providers 
[2026-05-11T06:55:23.484Z] ✅ Found 27 slots for clinic: muneeb 
[2026-05-11T06:59:04.097Z] 🔵 Availability Request: {"clinicId":"4ca4e344-a7c6-473c-b3be-21b90c1ae067","serviceIds":["4776d73c-16be-4861-928e-31dc4838b441"],"providerId":null,"date":"2026-05-11"}
[2026-05-11T06:59:04.099Z] 🔵 Using date: "2026-05-11"
[2026-05-11T06:59:04.129Z] 🔵 Clinic: "muneeb"
[2026-05-11T06:59:04.144Z] 🔵 Total duration: 60
[2026-05-11T06:59:04.148Z] 🔵 Using timezone: "America/New_York"
[2026-05-11T06:59:04.159Z] 🔵 Day of week: "monday"
[2026-05-11T06:59:04.429Z] 🔵 Business hours for monday: {"open":"09:00","close":"23:00","isOpen":true}
[2026-05-11T06:59:04.430Z] 🔵 All business hours: {"monday":{"open":"09:00","close":"23:00","isOpen":true},"tuesday":{"open":"09:00","close":"23:00","isOpen":true},"wednesday":{"open":"09:00","close":"23:00","isOpen":true},"thursday":{"open":"09:00","close":"23:00","isOpen":true},"friday":{"open":"09:00","close":"23:00","isOpen":true},"saturday":{"open":"09:00","close":"18:00","isOpen":false},"sunday":{"open":"09:00","close":"18:00","isOpen":false}}
[2026-05-11T06:59:04.431Z] ✅ Clinic is open on monday from 09:00 to 23:00 
[2026-05-11T06:59:04.478Z] 🔵 Checking availability for 4 providers 
[2026-05-11T06:59:04.528Z] ✅ Found 27 slots for clinic: muneeb 
[2026-05-11T07:30:13.121Z] 🔵 Availability Request: {"clinicId":"4ca4e344-a7c6-473c-b3be-21b90c1ae067","serviceIds":["967e0ea6-9422-4579-93e6-23ea3201b1c9"],"providerId":null,"date":"2026-05-11"}
[2026-05-11T07:30:13.123Z] 🔵 Using date: "2026-05-11"
[2026-05-11T07:30:13.180Z] 🔵 Clinic: "muneeb"
[2026-05-11T07:30:13.202Z] 🔵 Total duration: 60
[2026-05-11T07:30:13.204Z] 🔵 Using timezone: "America/New_York"
[2026-05-11T07:30:13.206Z] 🔵 Day of week: "monday"
[2026-05-11T07:30:13.207Z] 🔵 Business hours for monday: {"open":"09:00","close":"23:00","isOpen":true}
[2026-05-11T07:30:13.208Z] 🔵 All business hours: {"monday":{"open":"09:00","close":"23:00","isOpen":true},"tuesday":{"open":"09:00","close":"23:00","isOpen":true},"wednesday":{"open":"09:00","close":"23:00","isOpen":true},"thursday":{"open":"09:00","close":"23:00","isOpen":true},"friday":{"open":"09:00","close":"23:00","isOpen":true},"saturday":{"open":"09:00","close":"18:00","isOpen":false},"sunday":{"open":"09:00","close":"18:00","isOpen":false}}
[2026-05-11T07:30:13.209Z] ✅ Clinic is open on monday from 09:00 to 23:00 
[2026-05-11T07:30:13.280Z] 🔵 Checking availability for 4 providers 
[2026-05-11T07:30:13.357Z] ✅ Found 27 slots for clinic: muneeb 
[2026-05-11T07:30:27.775Z] 🔵 Availability Request: {"clinicId":"4ca4e344-a7c6-473c-b3be-21b90c1ae067","serviceIds":["967e0ea6-9422-4579-93e6-23ea3201b1c9"],"providerId":null,"date":"2026-05-13"}
[2026-05-11T07:30:27.776Z] 🔵 Using date: "2026-05-13"
[2026-05-11T07:30:27.860Z] 🔵 Clinic: "muneeb"
[2026-05-11T07:30:27.870Z] 🔵 Total duration: 60
[2026-05-11T07:30:27.872Z] 🔵 Using timezone: "America/New_York"
[2026-05-11T07:30:27.874Z] 🔵 Day of week: "wednesday"
[2026-05-11T07:30:27.876Z] 🔵 Business hours for wednesday: {"open":"09:00","close":"23:00","isOpen":true}
[2026-05-11T07:30:27.876Z] 🔵 All business hours: {"monday":{"open":"09:00","close":"23:00","isOpen":true},"tuesday":{"open":"09:00","close":"23:00","isOpen":true},"wednesday":{"open":"09:00","close":"23:00","isOpen":true},"thursday":{"open":"09:00","close":"23:00","isOpen":true},"friday":{"open":"09:00","close":"23:00","isOpen":true},"saturday":{"open":"09:00","close":"18:00","isOpen":false},"sunday":{"open":"09:00","close":"18:00","isOpen":false}}
[2026-05-11T07:30:27.878Z] ✅ Clinic is open on wednesday from 09:00 to 23:00 
[2026-05-11T07:30:27.935Z] 🔵 Checking availability for 4 providers 
[2026-05-11T07:30:27.986Z] ✅ Found 27 slots for clinic: muneeb 
[2026-05-11T08:31:06.945Z] 🔵 Availability Request: {"clinicId":"4ca4e344-a7c6-473c-b3be-21b90c1ae067","serviceIds":["967e0ea6-9422-4579-93e6-23ea3201b1c9"],"providerId":null,"date":"2026-05-11"}
[2026-05-11T08:31:06.947Z] 🔵 Using date: "2026-05-11"
[2026-05-11T08:31:06.975Z] 🔵 Clinic: "muneeb"
[2026-05-11T08:31:06.984Z] 🔵 Total duration: 60
[2026-05-11T08:31:06.989Z] 🔵 Using timezone: "America/New_York"
[2026-05-11T08:31:06.996Z] 🔵 Day of week: "monday"
[2026-05-11T08:31:06.997Z] 🔵 Business hours for monday: {"open":"09:00","close":"23:00","isOpen":true}
[2026-05-11T08:31:06.997Z] 🔵 All business hours: {"monday":{"open":"09:00","close":"23:00","isOpen":true},"tuesday":{"open":"09:00","close":"23:00","isOpen":true},"wednesday":{"open":"09:00","close":"23:00","isOpen":true},"thursday":{"open":"09:00","close":"23:00","isOpen":true},"friday":{"open":"09:00","close":"23:00","isOpen":true},"saturday":{"open":"09:00","close":"18:00","isOpen":false},"sunday":{"open":"09:00","close":"18:00","isOpen":false}}
[2026-05-11T08:31:07.001Z] ✅ Clinic is open on monday from 09:00 to 23:00 
[2026-05-11T08:31:07.019Z] 🔵 Checking availability for 4 providers 
[2026-05-11T08:31:07.051Z] ✅ Found 27 slots for clinic: muneeb 
[2026-05-11T17:55:44.053Z] 🔵 Availability Request: {"clinicId":"c07c073a-ad9e-44fd-b1b7-0b82ac7ed194","serviceIds":["bdd6033a-d623-4770-a2a4-f62177b3c3f3"],"providerId":null,"date":"2026-05-11"}
[2026-05-11T17:55:44.078Z] 🔵 Using date: "2026-05-11"
[2026-05-11T17:55:44.105Z] 🔵 Clinic: "abc clinic"
[2026-05-11T17:55:44.110Z] 🔵 Total duration: 60
[2026-05-11T17:55:44.111Z] 🔵 Using timezone: "America/New_York"
[2026-05-11T17:55:44.128Z] 🔵 Day of week: "monday"
[2026-05-11T17:55:44.130Z] 🔵 Business hours for monday: {"open":"09:00","close":"17:00","isOpen":true}
[2026-05-11T17:55:44.133Z] 🔵 All business hours: {"monday":{"open":"09:00","close":"17:00","isOpen":true},"tuesday":{"open":"09:00","close":"17:00","isOpen":true},"wednesday":{"open":"09:00","close":"17:00","isOpen":true},"thursday":{"open":"09:00","close":"17:00","isOpen":true},"friday":{"open":"09:00","close":"17:00","isOpen":true},"saturday":{"open":"10:00","close":"15:00","isOpen":true},"sunday":{"open":"10:00","close":"15:00","isOpen":false}}
[2026-05-11T17:55:44.137Z] ✅ Clinic is open on monday from 09:00 to 17:00 
[2026-05-11T17:55:44.170Z] 🔵 Checking availability for 3 providers 
[2026-05-11T17:55:44.210Z] ✅ Found 5 slots for clinic: abc clinic 
[2026-05-11T17:55:55.923Z] 🔵 Availability Request: {"clinicId":"4ca4e344-a7c6-473c-b3be-21b90c1ae067","serviceIds":["bdd6033a-d623-4770-a2a4-f62177b3c3f3"],"providerId":null,"date":"2026-05-11"}
[2026-05-11T17:55:55.923Z] 🔵 Using date: "2026-05-11"
[2026-05-11T17:55:55.948Z] 🔵 Clinic: "muneeb"
[2026-05-11T17:55:56.101Z] ❌ Error in getAvailableSlots: {"message":"No matching services found for clinic 4ca4e344-a7c6-473c-b3be-21b90c1ae067","stack":"NotFoundException: No matching services found for clinic 4ca4e344-a7c6-473c-b3be-21b90c1ae067\n    at AvailabilityService.getAvailableSlots (E:\\ebizz\\medical-aesthetics-backend\\src\\modules\\bookings\\availability.service.ts:75:15)\n    at processTicksAndRejections (node:internal/process/task_queues:105:5)\n    at BookingsController.getAvailability (E:\\ebizz\\medical-aesthetics-backend\\src\\modules\\bookings\\bookings.controller.ts:41:22)\n    at E:\\ebizz\\medical-aesthetics-backend\\node_modules\\.pnpm\\@nestjs+core@11.1.6_@nestjs+common@11.1.6_class-transformer@0.5.1_class-validator@0.14.2_refl_lhtmu6dp4jbc2v35gmxkneqdey\\node_modules\\@nestjs\\core\\router\\router-execution-context.js:46:28\n    at E:\\ebizz\\medical-aesthetics-backend\\node_modules\\.pnpm\\@nestjs+core@11.1.6_@nestjs+common@11.1.6_class-transformer@0.5.1_class-validator@0.14.2_refl_lhtmu6dp4jbc2v35gmxkneqdey\\node_modules\\@nestjs\\core\\router\\router-proxy.js:9:17","details":{"response":{"message":"No matching services found for clinic 4ca4e344-a7c6-473c-b3be-21b90c1ae067","error":"Not Found","statusCode":404},"status":404,"options":{},"message":"No matching services found for clinic 4ca4e344-a7c6-473c-b3be-21b90c1ae067","name":"NotFoundException"}}
[2026-05-11T18:01:36.406Z] 🔵 Availability Request: {"clinicId":"c07c073a-ad9e-44fd-b1b7-0b82ac7ed194","serviceIds":["bdd6033a-d623-4770-a2a4-f62177b3c3f3"],"providerId":null,"date":"2026-05-11"}
[2026-05-11T18:01:36.434Z] 🔵 Using date: "2026-05-11"
[2026-05-11T18:01:36.474Z] 🔵 Clinic: "abc clinic"
[2026-05-11T18:01:36.504Z] 🔵 Total duration: 60
[2026-05-11T18:01:36.521Z] 🔵 Using timezone: "America/New_York"
[2026-05-11T18:01:36.589Z] 🔵 Day of week: "monday"
[2026-05-11T18:01:36.591Z] 🔵 Business hours for monday: {"open":"09:00","close":"17:00","isOpen":true}
[2026-05-11T18:01:36.595Z] 🔵 All business hours: {"monday":{"open":"09:00","close":"17:00","isOpen":true},"tuesday":{"open":"09:00","close":"17:00","isOpen":true},"wednesday":{"open":"09:00","close":"17:00","isOpen":true},"thursday":{"open":"09:00","close":"17:00","isOpen":true},"friday":{"open":"09:00","close":"17:00","isOpen":true},"saturday":{"open":"10:00","close":"15:00","isOpen":true},"sunday":{"open":"10:00","close":"15:00","isOpen":false}}
[2026-05-11T18:01:36.609Z] ✅ Clinic is open on monday from 09:00 to 17:00 
[2026-05-11T18:01:36.794Z] 🔵 Checking availability for 3 providers 
[2026-05-11T18:01:36.840Z] ✅ Found 4 slots for clinic: abc clinic 
[2026-05-14T05:06:51.809Z] 🔵 Availability Request: {"clinicId":"c07c073a-ad9e-44fd-b1b7-0b82ac7ed194","serviceIds":["bdd6033a-d623-4770-a2a4-f62177b3c3f3"],"providerId":"9eba50ad-ee80-4424-94b4-532bfdd265bb","date":"2026-05-15"}
[2026-05-14T05:06:51.825Z] 🔵 Using date: "2026-05-15"
[2026-05-14T05:06:51.900Z] 🔵 Clinic: "abc clinic"
[2026-05-14T05:06:51.924Z] 🔵 Total duration: 60
[2026-05-14T05:06:51.925Z] 🔵 Using timezone: "America/New_York"
[2026-05-14T05:06:51.937Z] 🔵 Day of week: "friday"
[2026-05-14T05:06:51.938Z] 🔵 Business hours for friday: {"open":"09:00","close":"17:00","isOpen":true}
[2026-05-14T05:06:51.939Z] 🔵 All business hours: {"monday":{"open":"09:00","close":"17:00","isOpen":true},"tuesday":{"open":"09:00","close":"17:00","isOpen":true},"wednesday":{"open":"09:00","close":"17:00","isOpen":true},"thursday":{"open":"09:00","close":"17:00","isOpen":true},"friday":{"open":"09:00","close":"17:00","isOpen":true},"saturday":{"open":"10:00","close":"15:00","isOpen":true},"sunday":{"open":"10:00","close":"15:00","isOpen":false}}
[2026-05-14T05:06:51.941Z] ✅ Clinic is open on friday from 09:00 to 17:00 
[2026-05-14T05:06:51.949Z] 🔵 Checking availability for 1 providers 
[2026-05-14T05:06:52.004Z] ✅ Found 15 slots for clinic: abc clinic 
[2026-05-14T05:11:10.456Z] 🔵 Availability Request: {"clinicId":"c07c073a-ad9e-44fd-b1b7-0b82ac7ed194","serviceIds":["bdd6033a-d623-4770-a2a4-f62177b3c3f3"],"providerId":"d58ea376-62fb-4ad3-87d4-3acc9c46bf3c","date":"2026-05-15"}
[2026-05-14T05:11:10.489Z] 🔵 Using date: "2026-05-15"
[2026-05-14T05:11:10.636Z] 🔵 Clinic: "abc clinic"
[2026-05-14T05:11:10.651Z] 🔵 Total duration: 60
[2026-05-14T05:11:10.652Z] 🔵 Using timezone: "America/New_York"
[2026-05-14T05:11:10.662Z] 🔵 Day of week: "friday"
[2026-05-14T05:11:10.663Z] 🔵 Business hours for friday: {"open":"09:00","close":"17:00","isOpen":true}
[2026-05-14T05:11:10.667Z] 🔵 All business hours: {"monday":{"open":"09:00","close":"17:00","isOpen":true},"tuesday":{"open":"09:00","close":"17:00","isOpen":true},"wednesday":{"open":"09:00","close":"17:00","isOpen":true},"thursday":{"open":"09:00","close":"17:00","isOpen":true},"friday":{"open":"09:00","close":"17:00","isOpen":true},"saturday":{"open":"10:00","close":"15:00","isOpen":true},"sunday":{"open":"10:00","close":"15:00","isOpen":false}}
[2026-05-14T05:11:10.668Z] ✅ Clinic is open on friday from 09:00 to 17:00 
[2026-05-14T05:11:10.681Z] 🔵 Checking availability for 1 providers 
[2026-05-14T05:11:10.760Z] ✅ Found 15 slots for clinic: abc clinic 
[2026-05-14T05:13:12.597Z] 🔵 Availability Request: {"clinicId":"1f0c099e-663f-462a-bd8d-b90ad71cbb01","serviceIds":["dfe5bfd5-1b83-4a33-804e-ce044e5c66af"],"providerId":null,"date":"2026-05-14"}
[2026-05-14T05:13:12.605Z] 🔵 Using date: "2026-05-14"
[2026-05-14T05:13:12.634Z] 🔵 Clinic: "ehsan clinic"
[2026-05-14T05:13:12.650Z] 🔵 Total duration: 60
[2026-05-14T05:13:12.651Z] 🔵 Using timezone: "America/New_York"
[2026-05-14T05:13:12.657Z] 🔵 Day of week: "thursday"
[2026-05-14T05:13:12.673Z] 🔵 Business hours for thursday: {"open":"09:00","close":"17:00","isOpen":true}
[2026-05-14T05:13:12.674Z] 🔵 All business hours: {"monday":{"open":"09:00","close":"17:00","isOpen":true},"tuesday":{"open":"09:00","close":"17:00","isOpen":true},"wednesday":{"open":"09:00","close":"17:00","isOpen":true},"thursday":{"open":"09:00","close":"17:00","isOpen":true},"friday":{"open":"09:00","close":"17:00","isOpen":true},"saturday":{"open":"10:00","close":"15:00","isOpen":true},"sunday":{"open":"10:00","close":"15:00","isOpen":false}}
[2026-05-14T05:13:12.690Z] ✅ Clinic is open on thursday from 09:00 to 17:00 
[2026-05-14T05:13:12.771Z] 🔵 Checking availability for 6 providers 
[2026-05-14T05:13:12.832Z] ✅ Found 15 slots for clinic: ehsan clinic 
[2026-05-14T05:13:47.871Z] 🔵 Availability Request: {"clinicId":"1f0c099e-663f-462a-bd8d-b90ad71cbb01","serviceIds":["dfe5bfd5-1b83-4a33-804e-ce044e5c66af"],"providerId":"043602c8-3649-4e33-9606-141b2b731e76","date":"2026-05-15"}
[2026-05-14T05:13:47.872Z] 🔵 Using date: "2026-05-15"
[2026-05-14T05:13:48.049Z] 🔵 Clinic: "ehsan clinic"
[2026-05-14T05:13:48.071Z] 🔵 Total duration: 60
[2026-05-14T05:13:48.071Z] 🔵 Using timezone: "America/New_York"
[2026-05-14T05:13:48.072Z] 🔵 Day of week: "friday"
[2026-05-14T05:13:48.073Z] 🔵 Business hours for friday: {"open":"09:00","close":"17:00","isOpen":true}
[2026-05-14T05:13:48.077Z] 🔵 All business hours: {"monday":{"open":"09:00","close":"17:00","isOpen":true},"tuesday":{"open":"09:00","close":"17:00","isOpen":true},"wednesday":{"open":"09:00","close":"17:00","isOpen":true},"thursday":{"open":"09:00","close":"17:00","isOpen":true},"friday":{"open":"09:00","close":"17:00","isOpen":true},"saturday":{"open":"10:00","close":"15:00","isOpen":true},"sunday":{"open":"10:00","close":"15:00","isOpen":false}}
[2026-05-14T05:13:48.078Z] ✅ Clinic is open on friday from 09:00 to 17:00 
[2026-05-14T05:13:48.138Z] 🔵 Checking availability for 1 providers 
[2026-05-14T05:13:48.356Z] ✅ Found 15 slots for clinic: ehsan clinic 
[2026-05-14T05:20:20.141Z] 🔵 Availability Request: {"clinicId":"c07c073a-ad9e-44fd-b1b7-0b82ac7ed194","serviceIds":["bdd6033a-d623-4770-a2a4-f62177b3c3f3"],"providerId":"d58ea376-62fb-4ad3-87d4-3acc9c46bf3c","date":"2026-05-15"}
[2026-05-14T05:20:20.154Z] 🔵 Using date: "2026-05-15"
[2026-05-14T05:20:20.187Z] 🔵 Clinic: "abc clinic"
[2026-05-14T05:20:20.215Z] 🔵 Total duration: 60
[2026-05-14T05:20:20.217Z] 🔵 Using timezone: "America/New_York"
[2026-05-14T05:20:20.241Z] 🔵 Day of week: "friday"
[2026-05-14T05:20:20.245Z] 🔵 Business hours for friday: {"open":"09:00","close":"17:00","isOpen":true}
[2026-05-14T05:20:20.246Z] 🔵 All business hours: {"monday":{"open":"09:00","close":"17:00","isOpen":true},"tuesday":{"open":"09:00","close":"17:00","isOpen":true},"wednesday":{"open":"09:00","close":"17:00","isOpen":true},"thursday":{"open":"09:00","close":"17:00","isOpen":true},"friday":{"open":"09:00","close":"17:00","isOpen":true},"saturday":{"open":"10:00","close":"15:00","isOpen":true},"sunday":{"open":"10:00","close":"15:00","isOpen":false}}
[2026-05-14T05:20:20.249Z] ✅ Clinic is open on friday from 09:00 to 17:00 
[2026-05-14T05:20:20.269Z] 🔵 Checking availability for 1 providers 
[2026-05-14T05:20:20.333Z] ✅ Found 12 slots for clinic: abc clinic 
[2026-05-14T05:22:03.463Z] 🔵 Availability Request: {"clinicId":"c07c073a-ad9e-44fd-b1b7-0b82ac7ed194","serviceIds":["bdd6033a-d623-4770-a2a4-f62177b3c3f3"],"providerId":null,"date":"2026-05-14"}
[2026-05-14T05:22:03.465Z] 🔵 Using date: "2026-05-14"
[2026-05-14T05:22:03.576Z] 🔵 Clinic: "abc clinic"
[2026-05-14T05:22:03.581Z] 🔵 Total duration: 60
[2026-05-14T05:22:03.582Z] 🔵 Using timezone: "America/New_York"
[2026-05-14T05:22:03.583Z] 🔵 Day of week: "thursday"
[2026-05-14T05:22:03.584Z] 🔵 Business hours for thursday: {"open":"09:00","close":"17:00","isOpen":true}
[2026-05-14T05:22:03.593Z] 🔵 All business hours: {"monday":{"open":"09:00","close":"17:00","isOpen":true},"tuesday":{"open":"09:00","close":"17:00","isOpen":true},"wednesday":{"open":"09:00","close":"17:00","isOpen":true},"thursday":{"open":"09:00","close":"17:00","isOpen":true},"friday":{"open":"09:00","close":"17:00","isOpen":true},"saturday":{"open":"10:00","close":"15:00","isOpen":true},"sunday":{"open":"10:00","close":"15:00","isOpen":false}}
[2026-05-14T05:22:03.594Z] ✅ Clinic is open on thursday from 09:00 to 17:00 
[2026-05-14T05:22:03.617Z] 🔵 Checking availability for 3 providers 
[2026-05-14T05:22:03.657Z] ✅ Found 15 slots for clinic: abc clinic 
[2026-05-14T05:28:31.499Z] 🔵 Availability Request: {"clinicId":"c07c073a-ad9e-44fd-b1b7-0b82ac7ed194","serviceIds":["bdd6033a-d623-4770-a2a4-f62177b3c3f3"],"providerId":"d58ea376-62fb-4ad3-87d4-3acc9c46bf3c","date":"2026-05-15"}
[2026-05-14T05:28:31.500Z] 🔵 Using date: "2026-05-15"
[2026-05-14T05:28:31.517Z] 🔵 Clinic: "abc clinic"
[2026-05-14T05:28:31.522Z] 🔵 Total duration: 60
[2026-05-14T05:28:31.525Z] 🔵 Using timezone: "America/New_York"
[2026-05-14T05:28:31.531Z] 🔵 Day of week: "friday"
[2026-05-14T05:28:31.531Z] 🔵 Business hours for friday: {"open":"09:00","close":"17:00","isOpen":true}
[2026-05-14T05:28:31.533Z] 🔵 All business hours: {"monday":{"open":"09:00","close":"17:00","isOpen":true},"tuesday":{"open":"09:00","close":"17:00","isOpen":true},"wednesday":{"open":"09:00","close":"17:00","isOpen":true},"thursday":{"open":"09:00","close":"17:00","isOpen":true},"friday":{"open":"09:00","close":"17:00","isOpen":true},"saturday":{"open":"10:00","close":"15:00","isOpen":true},"sunday":{"open":"10:00","close":"15:00","isOpen":false}}
[2026-05-14T05:28:31.535Z] ✅ Clinic is open on friday from 09:00 to 17:00 
[2026-05-14T05:28:31.546Z] 🔵 Checking availability for 1 providers 
[2026-05-14T05:28:31.586Z] ✅ Found 12 slots for clinic: abc clinic 
[2026-05-14T05:29:54.164Z] 🔵 Availability Request: {"clinicId":"c07c073a-ad9e-44fd-b1b7-0b82ac7ed194","serviceIds":["bdd6033a-d623-4770-a2a4-f62177b3c3f3"],"providerId":"d58ea376-62fb-4ad3-87d4-3acc9c46bf3c","date":"2026-05-16"}
[2026-05-14T05:29:54.167Z] 🔵 Using date: "2026-05-16"
[2026-05-14T05:29:54.270Z] 🔵 Clinic: "abc clinic"
[2026-05-14T05:29:54.282Z] 🔵 Total duration: 60
[2026-05-14T05:29:54.283Z] 🔵 Using timezone: "America/New_York"
[2026-05-14T05:29:54.285Z] 🔵 Day of week: "saturday"
[2026-05-14T05:29:54.291Z] 🔵 Business hours for saturday: {"open":"10:00","close":"15:00","isOpen":true}
[2026-05-14T05:29:54.291Z] 🔵 All business hours: {"monday":{"open":"09:00","close":"17:00","isOpen":true},"tuesday":{"open":"09:00","close":"17:00","isOpen":true},"wednesday":{"open":"09:00","close":"17:00","isOpen":true},"thursday":{"open":"09:00","close":"17:00","isOpen":true},"friday":{"open":"09:00","close":"17:00","isOpen":true},"saturday":{"open":"10:00","close":"15:00","isOpen":true},"sunday":{"open":"10:00","close":"15:00","isOpen":false}}
[2026-05-14T05:29:54.294Z] ✅ Clinic is open on saturday from 10:00 to 15:00 
[2026-05-14T05:29:54.310Z] 🔵 Checking availability for 1 providers 
[2026-05-14T05:29:54.361Z] ✅ Found 9 slots for clinic: abc clinic 
[2026-05-20T18:59:58.651Z] 🔵 Availability Request: {"clinicId":"c07c073a-ad9e-44fd-b1b7-0b82ac7ed194","serviceIds":["bdd6033a-d623-4770-a2a4-f62177b3c3f3"],"providerId":null,"date":"2026-05-20"}
[2026-05-20T18:59:58.683Z] 🔵 Using date: "2026-05-20"
[2026-05-20T18:59:58.741Z] 🔵 Clinic: "abc clinic"
[2026-05-20T18:59:58.758Z] 🔵 Total duration: 60
[2026-05-20T18:59:58.760Z] 🔵 Using timezone: "America/New_York"
[2026-05-20T18:59:58.789Z] 🔵 Day of week: "wednesday"
[2026-05-20T18:59:58.790Z] 🔵 Business hours for wednesday: {"open":"09:00","close":"17:00","isOpen":true}
[2026-05-20T18:59:58.791Z] 🔵 All business hours: {"monday":{"open":"09:00","close":"17:00","isOpen":true},"tuesday":{"open":"09:00","close":"17:00","isOpen":true},"wednesday":{"open":"09:00","close":"17:00","isOpen":true},"thursday":{"open":"09:00","close":"17:00","isOpen":true},"friday":{"open":"09:00","close":"17:00","isOpen":true},"saturday":{"open":"10:00","close":"15:00","isOpen":true},"sunday":{"open":"10:00","close":"15:00","isOpen":false}}
[2026-05-20T18:59:58.792Z] ✅ Clinic is open on wednesday from 09:00 to 17:00 
[2026-05-20T18:59:58.849Z] 🔵 Checking availability for 3 providers 
[2026-05-20T18:59:58.886Z] ✅ Found 3 slots for clinic: abc clinic 
[2026-05-20T19:00:57.394Z] 🔵 Availability Request: {"clinicId":"4ca4e344-a7c6-473c-b3be-21b90c1ae067","serviceIds":["967e0ea6-9422-4579-93e6-23ea3201b1c9"],"providerId":null,"date":"2026-05-20"}
[2026-05-20T19:00:57.418Z] 🔵 Using date: "2026-05-20"
[2026-05-20T19:00:57.469Z] 🔵 Clinic: "muneeb"
[2026-05-20T19:00:57.486Z] 🔵 Total duration: 60
[2026-05-20T19:00:57.488Z] 🔵 Using timezone: "America/New_York"
[2026-05-20T19:00:57.490Z] 🔵 Day of week: "wednesday"
[2026-05-20T19:00:57.490Z] 🔵 Business hours for wednesday: {"open":"09:00","close":"23:00","isOpen":true}
[2026-05-20T19:00:57.516Z] 🔵 All business hours: {"monday":{"open":"09:00","close":"23:00","isOpen":true},"tuesday":{"open":"09:00","close":"23:00","isOpen":true},"wednesday":{"open":"09:00","close":"23:00","isOpen":true},"thursday":{"open":"09:00","close":"23:00","isOpen":true},"friday":{"open":"09:00","close":"23:00","isOpen":true},"saturday":{"open":"09:00","close":"18:00","isOpen":false},"sunday":{"open":"09:00","close":"18:00","isOpen":false}}
[2026-05-20T19:00:57.518Z] ✅ Clinic is open on wednesday from 09:00 to 23:00 
[2026-05-20T19:00:57.589Z] 🔵 Checking availability for 4 providers 
[2026-05-20T19:00:57.649Z] ✅ Found 14 slots for clinic: muneeb 
[2026-05-20T19:02:35.962Z] 🔵 Availability Request: {"clinicId":"4ca4e344-a7c6-473c-b3be-21b90c1ae067","serviceIds":["24484414-7772-4f7f-8d9c-26d45503d5fc"],"providerId":null,"date":"2026-05-21"}
[2026-05-20T19:02:35.963Z] 🔵 Using date: "2026-05-21"
[2026-05-20T19:02:36.031Z] 🔵 Clinic: "muneeb"
[2026-05-20T19:02:36.055Z] 🔵 Total duration: 60
[2026-05-20T19:02:36.061Z] 🔵 Using timezone: "America/New_York"
[2026-05-20T19:02:36.086Z] 🔵 Day of week: "thursday"
[2026-05-20T19:02:36.114Z] 🔵 Business hours for thursday: {"open":"09:00","close":"23:00","isOpen":true}
[2026-05-20T19:02:36.115Z] 🔵 All business hours: {"monday":{"open":"09:00","close":"23:00","isOpen":true},"tuesday":{"open":"09:00","close":"23:00","isOpen":true},"wednesday":{"open":"09:00","close":"23:00","isOpen":true},"thursday":{"open":"09:00","close":"23:00","isOpen":true},"friday":{"open":"09:00","close":"23:00","isOpen":true},"saturday":{"open":"09:00","close":"18:00","isOpen":false},"sunday":{"open":"09:00","close":"18:00","isOpen":false}}
[2026-05-20T19:02:36.132Z] ✅ Clinic is open on thursday from 09:00 to 23:00 
[2026-05-20T19:02:36.245Z] 🔵 Checking availability for 4 providers 
[2026-05-20T19:02:36.348Z] ✅ Found 27 slots for clinic: muneeb 
[2026-05-20T19:14:49.308Z] 🔵 Availability Request: {"clinicId":"4ca4e344-a7c6-473c-b3be-21b90c1ae067","serviceIds":["4776d73c-16be-4861-928e-31dc4838b441"],"providerId":null,"date":"2026-05-21"}
[2026-05-20T19:14:49.309Z] 🔵 Using date: "2026-05-21"
[2026-05-20T19:14:49.371Z] 🔵 Clinic: "muneeb"
[2026-05-20T19:14:49.393Z] 🔵 Total duration: 60
[2026-05-20T19:14:49.394Z] 🔵 Using timezone: "America/New_York"
[2026-05-20T19:14:49.396Z] 🔵 Day of week: "thursday"
[2026-05-20T19:14:49.397Z] 🔵 Business hours for thursday: {"open":"09:00","close":"23:00","isOpen":true}
[2026-05-20T19:14:49.410Z] 🔵 All business hours: {"monday":{"open":"09:00","close":"23:00","isOpen":true},"tuesday":{"open":"09:00","close":"23:00","isOpen":true},"wednesday":{"open":"09:00","close":"23:00","isOpen":true},"thursday":{"open":"09:00","close":"23:00","isOpen":true},"friday":{"open":"09:00","close":"23:00","isOpen":true},"saturday":{"open":"09:00","close":"18:00","isOpen":false},"sunday":{"open":"09:00","close":"18:00","isOpen":false}}
[2026-05-20T19:14:49.410Z] ✅ Clinic is open on thursday from 09:00 to 23:00 
[2026-05-20T19:14:49.443Z] 🔵 Checking availability for 4 providers 
[2026-05-20T19:14:49.511Z] ✅ Found 27 slots for clinic: muneeb 
[2026-05-22T15:28:15.233Z] 🔵 Availability Request: {"clinicId":"4ca4e344-a7c6-473c-b3be-21b90c1ae067","serviceIds":["4776d73c-16be-4861-928e-31dc4838b441"],"providerId":null,"date":"2026-05-22"}
[2026-05-22T15:28:15.253Z] 🔵 Using date: "2026-05-22"
[2026-05-22T15:28:15.279Z] 🔵 Clinic: "muneeb"
[2026-05-22T15:28:15.306Z] 🔵 Total duration: 60
[2026-05-22T15:28:15.318Z] 🔵 Using timezone: "America/New_York"
[2026-05-22T15:28:15.327Z] 🔵 Day of week: "friday"
[2026-05-22T15:28:15.337Z] 🔵 Business hours for friday: {"open":"09:00","close":"23:00","isOpen":true}
[2026-05-22T15:28:15.338Z] 🔵 All business hours: {"monday":{"open":"09:00","close":"23:00","isOpen":true},"tuesday":{"open":"09:00","close":"23:00","isOpen":true},"wednesday":{"open":"09:00","close":"23:00","isOpen":true},"thursday":{"open":"09:00","close":"23:00","isOpen":true},"friday":{"open":"09:00","close":"23:00","isOpen":true},"saturday":{"open":"09:00","close":"18:00","isOpen":false},"sunday":{"open":"09:00","close":"18:00","isOpen":false}}
[2026-05-22T15:28:15.350Z] ✅ Clinic is open on friday from 09:00 to 23:00 
[2026-05-22T15:28:15.422Z] 🔵 Checking availability for 4 providers 
[2026-05-22T15:28:15.538Z] ✅ Found 22 slots for clinic: muneeb 
[2026-05-22T15:39:58.410Z] 🔵 Availability Request: {"clinicId":"4ca4e344-a7c6-473c-b3be-21b90c1ae067","serviceIds":["24484414-7772-4f7f-8d9c-26d45503d5fc"],"providerId":null,"date":"2026-05-22"}
[2026-05-22T15:39:58.413Z] 🔵 Using date: "2026-05-22"
[2026-05-22T15:39:58.433Z] 🔵 Clinic: "muneeb"
[2026-05-22T15:39:58.439Z] 🔵 Total duration: 60
[2026-05-22T15:39:58.440Z] 🔵 Using timezone: "America/New_York"
[2026-05-22T15:39:58.441Z] 🔵 Day of week: "friday"
[2026-05-22T15:39:58.448Z] 🔵 Business hours for friday: {"open":"09:00","close":"23:00","isOpen":true}
[2026-05-22T15:39:58.449Z] 🔵 All business hours: {"monday":{"open":"09:00","close":"23:00","isOpen":true},"tuesday":{"open":"09:00","close":"23:00","isOpen":true},"wednesday":{"open":"09:00","close":"23:00","isOpen":true},"thursday":{"open":"09:00","close":"23:00","isOpen":true},"friday":{"open":"09:00","close":"23:00","isOpen":true},"saturday":{"open":"09:00","close":"18:00","isOpen":false},"sunday":{"open":"09:00","close":"18:00","isOpen":false}}
[2026-05-22T15:39:58.453Z] ✅ Clinic is open on friday from 09:00 to 23:00 
[2026-05-22T15:39:58.492Z] 🔵 Checking availability for 4 providers 
[2026-05-22T15:39:58.553Z] ✅ Found 21 slots for clinic: muneeb 
[2026-05-22T15:42:15.152Z] 🔵 Availability Request: {"clinicId":"4ca4e344-a7c6-473c-b3be-21b90c1ae067","serviceIds":["967e0ea6-9422-4579-93e6-23ea3201b1c9"],"providerId":null,"date":"2026-05-22"}
[2026-05-22T15:42:15.152Z] 🔵 Using date: "2026-05-22"
[2026-05-22T15:42:15.182Z] 🔵 Clinic: "muneeb"
[2026-05-22T15:42:15.189Z] 🔵 Total duration: 60
[2026-05-22T15:42:15.189Z] 🔵 Using timezone: "America/New_York"
[2026-05-22T15:42:15.201Z] 🔵 Day of week: "friday"
[2026-05-22T15:42:15.202Z] 🔵 Business hours for friday: {"open":"09:00","close":"23:00","isOpen":true}
[2026-05-22T15:42:15.202Z] 🔵 All business hours: {"monday":{"open":"09:00","close":"23:00","isOpen":true},"tuesday":{"open":"09:00","close":"23:00","isOpen":true},"wednesday":{"open":"09:00","close":"23:00","isOpen":true},"thursday":{"open":"09:00","close":"23:00","isOpen":true},"friday":{"open":"09:00","close":"23:00","isOpen":true},"saturday":{"open":"09:00","close":"18:00","isOpen":false},"sunday":{"open":"09:00","close":"18:00","isOpen":false}}
[2026-05-22T15:42:15.210Z] ✅ Clinic is open on friday from 09:00 to 23:00 
[2026-05-22T15:42:15.234Z] 🔵 Checking availability for 4 providers 
[2026-05-22T15:42:15.298Z] ✅ Found 21 slots for clinic: muneeb 
[2026-05-23T05:29:34.297Z] 🔵 Availability Request: {"clinicId":"4ca4e344-a7c6-473c-b3be-21b90c1ae067","serviceIds":["967e0ea6-9422-4579-93e6-23ea3201b1c9"],"providerId":null,"date":"2026-05-23"}
[2026-05-23T05:29:34.322Z] 🔵 Using date: "2026-05-23"
[2026-05-23T05:29:34.348Z] 🔵 Clinic: "muneeb"
[2026-05-23T05:29:34.353Z] 🔵 Total duration: 60
[2026-05-23T05:29:34.354Z] 🔵 Using timezone: "America/New_York"
[2026-05-23T05:29:34.364Z] 🔵 Day of week: "saturday"
[2026-05-23T05:29:34.365Z] 🔵 Business hours for saturday: {"open":"09:00","close":"18:00","isOpen":false}
[2026-05-23T05:29:34.365Z] 🔵 All business hours: {"monday":{"open":"09:00","close":"23:00","isOpen":true},"tuesday":{"open":"09:00","close":"23:00","isOpen":true},"wednesday":{"open":"09:00","close":"23:00","isOpen":true},"thursday":{"open":"09:00","close":"23:00","isOpen":true},"friday":{"open":"09:00","close":"23:00","isOpen":true},"saturday":{"open":"09:00","close":"18:00","isOpen":false},"sunday":{"open":"09:00","close":"18:00","isOpen":false}}
[2026-05-23T05:30:00.203Z] 🔵 Availability Request: {"clinicId":"1f0c099e-663f-462a-bd8d-b90ad71cbb01","serviceIds":["dfe5bfd5-1b83-4a33-804e-ce044e5c66af"],"providerId":null,"date":"2026-05-23"}
[2026-05-23T05:30:00.204Z] 🔵 Using date: "2026-05-23"
[2026-05-23T05:30:00.234Z] 🔵 Clinic: "ehsan clinic"
[2026-05-23T05:30:00.247Z] 🔵 Total duration: 60
[2026-05-23T05:30:00.248Z] 🔵 Using timezone: "America/New_York"
[2026-05-23T05:30:00.249Z] 🔵 Day of week: "saturday"
[2026-05-23T05:30:00.249Z] 🔵 Business hours for saturday: {"open":"10:00","close":"15:00","isOpen":true}
[2026-05-23T05:30:00.250Z] 🔵 All business hours: {"monday":{"open":"09:00","close":"17:00","isOpen":true},"tuesday":{"open":"09:00","close":"17:00","isOpen":true},"wednesday":{"open":"09:00","close":"17:00","isOpen":true},"thursday":{"open":"09:00","close":"17:00","isOpen":true},"friday":{"open":"09:00","close":"17:00","isOpen":true},"saturday":{"open":"10:00","close":"15:00","isOpen":true},"sunday":{"open":"10:00","close":"15:00","isOpen":false}}
[2026-05-23T05:30:00.250Z] ✅ Clinic is open on saturday from 10:00 to 15:00 
[2026-05-23T05:30:00.299Z] 🔵 Checking availability for 6 providers 
[2026-05-23T05:30:00.339Z] ✅ Found 9 slots for clinic: ehsan clinic 
[2026-05-23T05:30:00.344Z] 🔵 Availability Request: {"clinicId":"1f0c099e-663f-462a-bd8d-b90ad71cbb01","serviceIds":["dfe5bfd5-1b83-4a33-804e-ce044e5c66af"],"providerId":null,"date":"2026-05-23"}
[2026-05-23T05:30:00.345Z] 🔵 Using date: "2026-05-23"
[2026-05-23T05:30:00.356Z] 🔵 Clinic: "ehsan clinic"
[2026-05-23T05:30:00.362Z] 🔵 Total duration: 60
[2026-05-23T05:30:00.362Z] 🔵 Using timezone: "America/New_York"
[2026-05-23T05:30:00.363Z] 🔵 Day of week: "saturday"
[2026-05-23T05:30:00.364Z] 🔵 Business hours for saturday: {"open":"10:00","close":"15:00","isOpen":true}
[2026-05-23T05:30:00.364Z] 🔵 All business hours: {"monday":{"open":"09:00","close":"17:00","isOpen":true},"tuesday":{"open":"09:00","close":"17:00","isOpen":true},"wednesday":{"open":"09:00","close":"17:00","isOpen":true},"thursday":{"open":"09:00","close":"17:00","isOpen":true},"friday":{"open":"09:00","close":"17:00","isOpen":true},"saturday":{"open":"10:00","close":"15:00","isOpen":true},"sunday":{"open":"10:00","close":"15:00","isOpen":false}}
[2026-05-23T05:30:00.365Z] ✅ Clinic is open on saturday from 10:00 to 15:00 
[2026-05-23T05:30:00.383Z] 🔵 Checking availability for 6 providers 
[2026-05-23T05:30:00.407Z] ✅ Found 9 slots for clinic: ehsan clinic 
[2026-05-23T06:32:39.487Z] 🔵 Availability Request: {"clinicId":"4ca4e344-a7c6-473c-b3be-21b90c1ae067","serviceIds":["967e0ea6-9422-4579-93e6-23ea3201b1c9"],"providerId":null,"date":"2026-05-23"}
[2026-05-23T06:32:39.506Z] 🔵 Using date: "2026-05-23"
[2026-05-23T06:32:39.521Z] 🔵 Clinic: "muneeb"
[2026-05-23T06:32:39.527Z] 🔵 Total duration: 60
[2026-05-23T06:32:39.528Z] 🔵 Using timezone: "America/New_York"
[2026-05-23T06:32:39.549Z] 🔵 Day of week: "saturday"
[2026-05-23T06:32:39.552Z] 🔵 Business hours for saturday: {"open":"09:00","close":"18:00","isOpen":false}
[2026-05-23T06:32:39.556Z] 🔵 All business hours: {"monday":{"open":"09:00","close":"23:00","isOpen":true},"tuesday":{"open":"09:00","close":"23:00","isOpen":true},"wednesday":{"open":"09:00","close":"23:00","isOpen":true},"thursday":{"open":"09:00","close":"23:00","isOpen":true},"friday":{"open":"09:00","close":"23:00","isOpen":true},"saturday":{"open":"09:00","close":"18:00","isOpen":false},"sunday":{"open":"09:00","close":"18:00","isOpen":false}}
[2026-05-23T06:32:46.488Z] 🔵 Availability Request: {"clinicId":"4ca4e344-a7c6-473c-b3be-21b90c1ae067","serviceIds":["967e0ea6-9422-4579-93e6-23ea3201b1c9"],"providerId":null,"date":"2026-05-24"}
[2026-05-23T06:32:46.489Z] 🔵 Using date: "2026-05-24"
[2026-05-23T06:32:46.543Z] 🔵 Clinic: "muneeb"
[2026-05-23T06:32:46.570Z] 🔵 Total duration: 60
[2026-05-23T06:32:46.571Z] 🔵 Using timezone: "America/New_York"
[2026-05-23T06:32:46.576Z] 🔵 Day of week: "sunday"
[2026-05-23T06:32:46.586Z] 🔵 Business hours for sunday: {"open":"09:00","close":"18:00","isOpen":false}
[2026-05-23T06:32:46.586Z] 🔵 All business hours: {"monday":{"open":"09:00","close":"23:00","isOpen":true},"tuesday":{"open":"09:00","close":"23:00","isOpen":true},"wednesday":{"open":"09:00","close":"23:00","isOpen":true},"thursday":{"open":"09:00","close":"23:00","isOpen":true},"friday":{"open":"09:00","close":"23:00","isOpen":true},"saturday":{"open":"09:00","close":"18:00","isOpen":false},"sunday":{"open":"09:00","close":"18:00","isOpen":false}}
[2026-05-23T06:32:50.969Z] 🔵 Availability Request: {"clinicId":"4ca4e344-a7c6-473c-b3be-21b90c1ae067","serviceIds":["967e0ea6-9422-4579-93e6-23ea3201b1c9"],"providerId":null,"date":"2026-05-25"}
[2026-05-23T06:32:50.976Z] 🔵 Using date: "2026-05-25"
[2026-05-23T06:32:50.993Z] 🔵 Clinic: "muneeb"
[2026-05-23T06:32:50.998Z] 🔵 Total duration: 60
[2026-05-23T06:32:50.999Z] 🔵 Using timezone: "America/New_York"
[2026-05-23T06:32:51.001Z] 🔵 Day of week: "monday"
[2026-05-23T06:32:51.002Z] 🔵 Business hours for monday: {"open":"09:00","close":"23:00","isOpen":true}
[2026-05-23T06:32:51.003Z] 🔵 All business hours: {"monday":{"open":"09:00","close":"23:00","isOpen":true},"tuesday":{"open":"09:00","close":"23:00","isOpen":true},"wednesday":{"open":"09:00","close":"23:00","isOpen":true},"thursday":{"open":"09:00","close":"23:00","isOpen":true},"friday":{"open":"09:00","close":"23:00","isOpen":true},"saturday":{"open":"09:00","close":"18:00","isOpen":false},"sunday":{"open":"09:00","close":"18:00","isOpen":false}}
[2026-05-23T06:32:51.003Z] ✅ Clinic is open on monday from 09:00 to 23:00 
[2026-05-23T06:32:51.045Z] 🔵 Checking availability for 4 providers 
[2026-05-23T06:32:51.115Z] ✅ Found 27 slots for clinic: muneeb 
[2026-05-30T10:10:04.917Z] 🔵 Availability Request: {"clinicId":"4ca4e344-a7c6-473c-b3be-21b90c1ae067","serviceIds":["967e0ea6-9422-4579-93e6-23ea3201b1c9"],"providerId":null,"date":"2026-05-30"}
[2026-05-30T10:10:04.944Z] 🔵 Using date: "2026-05-30"
[2026-05-30T10:10:04.959Z] 🔵 Clinic: "muneeb"
[2026-05-30T10:10:04.964Z] 🔵 Total duration: 60
[2026-05-30T10:10:04.966Z] 🔵 Using timezone: "America/New_York"
[2026-05-30T10:10:04.987Z] 🔵 Day of week: "saturday"
[2026-05-30T10:10:04.987Z] 🔵 Business hours for saturday: {"open":"09:00","close":"18:00","isOpen":false}
[2026-05-30T10:10:04.992Z] 🔵 All business hours: {"monday":{"open":"09:00","close":"23:00","isOpen":true},"tuesday":{"open":"09:00","close":"23:00","isOpen":true},"wednesday":{"open":"09:00","close":"23:00","isOpen":true},"thursday":{"open":"09:00","close":"23:00","isOpen":true},"friday":{"open":"09:00","close":"23:00","isOpen":true},"saturday":{"open":"09:00","close":"18:00","isOpen":false},"sunday":{"open":"09:00","close":"18:00","isOpen":false}}
[2026-05-30T10:10:26.318Z] 🔵 Availability Request: {"clinicId":"4ca4e344-a7c6-473c-b3be-21b90c1ae067","serviceIds":["967e0ea6-9422-4579-93e6-23ea3201b1c9"],"providerId":null,"date":"2026-05-30"}
[2026-05-30T10:10:26.319Z] 🔵 Using date: "2026-05-30"
[2026-05-30T10:10:26.331Z] 🔵 Clinic: "muneeb"
[2026-05-30T10:10:26.336Z] 🔵 Total duration: 60
[2026-05-30T10:10:26.337Z] 🔵 Using timezone: "America/New_York"
[2026-05-30T10:10:26.339Z] 🔵 Day of week: "saturday"
[2026-05-30T10:10:26.341Z] 🔵 Business hours for saturday: {"open":"09:00","close":"18:00","isOpen":true}
[2026-05-30T10:10:26.342Z] 🔵 All business hours: {"monday":{"open":"09:00","close":"23:00","isOpen":true},"tuesday":{"open":"09:00","close":"23:00","isOpen":true},"wednesday":{"open":"09:00","close":"23:00","isOpen":true},"thursday":{"open":"09:00","close":"23:00","isOpen":true},"friday":{"open":"09:00","close":"23:00","isOpen":true},"saturday":{"open":"09:00","close":"18:00","isOpen":true},"sunday":{"open":"09:00","close":"18:00","isOpen":false}}
[2026-05-30T10:10:26.344Z] ✅ Clinic is open on saturday from 09:00 to 18:00 
[2026-05-30T10:10:26.365Z] 🔵 Checking availability for 4 providers 
[2026-05-30T10:10:26.397Z] ✅ Found 15 slots for clinic: muneeb 
[2026-06-09T05:10:56.137Z] 🔵 Availability Request: {"clinicId":"4ca4e344-a7c6-473c-b3be-21b90c1ae067","serviceIds":["24484414-7772-4f7f-8d9c-26d45503d5fc"],"providerId":null,"date":"2026-06-09"}
[2026-06-09T05:10:56.399Z] 🔵 Using date: "2026-06-09"
[2026-06-09T05:10:56.435Z] 🔵 Clinic: "muneeb"
[2026-06-09T05:10:56.461Z] 🔵 Total duration: 60
[2026-06-09T05:10:56.471Z] 🔵 Using timezone: "America/New_York"
[2026-06-09T05:10:56.498Z] 🔵 Day of week: "tuesday"
[2026-06-09T05:10:56.499Z] 🔵 Business hours for tuesday: {"open":"09:00","close":"23:00","isOpen":true}
[2026-06-09T05:10:56.501Z] 🔵 All business hours: {"monday":{"open":"09:00","close":"23:00","isOpen":true},"tuesday":{"open":"09:00","close":"23:00","isOpen":true},"wednesday":{"open":"09:00","close":"23:00","isOpen":true},"thursday":{"open":"09:00","close":"23:00","isOpen":true},"friday":{"open":"09:00","close":"23:00","isOpen":true},"saturday":{"open":"09:00","close":"18:00","isOpen":true},"sunday":{"open":"09:00","close":"18:00","isOpen":false}}
[2026-06-09T05:10:56.509Z] ✅ Clinic is open on tuesday from 09:00 to 23:00 
[2026-06-09T05:10:56.553Z] 🔵 Checking availability for 4 providers 
[2026-06-09T05:10:56.604Z] ✅ Found 27 slots for clinic: muneeb 
[2026-06-09T05:14:57.409Z] 🔵 Availability Request: {"clinicId":"4ca4e344-a7c6-473c-b3be-21b90c1ae067","serviceIds":["24484414-7772-4f7f-8d9c-26d45503d5fc"],"providerId":null,"date":"2026-06-09"}
[2026-06-09T05:14:57.411Z] 🔵 Using date: "2026-06-09"
[2026-06-09T05:14:57.565Z] 🔵 Clinic: "muneeb"
[2026-06-09T05:14:57.571Z] 🔵 Total duration: 60
[2026-06-09T05:14:57.571Z] 🔵 Using timezone: "America/New_York"
[2026-06-09T05:14:57.575Z] 🔵 Day of week: "tuesday"
[2026-06-09T05:14:57.584Z] 🔵 Business hours for tuesday: {"open":"09:00","close":"23:00","isOpen":true}
[2026-06-09T05:14:57.585Z] 🔵 All business hours: {"monday":{"open":"09:00","close":"23:00","isOpen":true},"tuesday":{"open":"09:00","close":"23:00","isOpen":true},"wednesday":{"open":"09:00","close":"23:00","isOpen":true},"thursday":{"open":"09:00","close":"23:00","isOpen":true},"friday":{"open":"09:00","close":"23:00","isOpen":true},"saturday":{"open":"09:00","close":"18:00","isOpen":true},"sunday":{"open":"09:00","close":"18:00","isOpen":false}}
[2026-06-09T05:14:57.585Z] ✅ Clinic is open on tuesday from 09:00 to 23:00 
[2026-06-09T05:14:57.611Z] 🔵 Checking availability for 4 providers 
[2026-06-09T05:14:57.672Z] ✅ Found 27 slots for clinic: muneeb 
[2026-06-09T05:14:57.689Z] 🔵 Availability Request: {"clinicId":"4ca4e344-a7c6-473c-b3be-21b90c1ae067","serviceIds":["24484414-7772-4f7f-8d9c-26d45503d5fc"],"providerId":null,"date":"2026-06-09"}
[2026-06-09T05:14:57.691Z] 🔵 Using date: "2026-06-09"
[2026-06-09T05:14:57.709Z] 🔵 Clinic: "muneeb"
[2026-06-09T05:14:57.715Z] 🔵 Total duration: 60
[2026-06-09T05:14:57.716Z] 🔵 Using timezone: "America/New_York"
[2026-06-09T05:14:57.719Z] 🔵 Day of week: "tuesday"
[2026-06-09T05:14:57.720Z] 🔵 Business hours for tuesday: {"open":"09:00","close":"23:00","isOpen":true}
[2026-06-09T05:14:57.770Z] 🔵 All business hours: {"monday":{"open":"09:00","close":"23:00","isOpen":true},"tuesday":{"open":"09:00","close":"23:00","isOpen":true},"wednesday":{"open":"09:00","close":"23:00","isOpen":true},"thursday":{"open":"09:00","close":"23:00","isOpen":true},"friday":{"open":"09:00","close":"23:00","isOpen":true},"saturday":{"open":"09:00","close":"18:00","isOpen":true},"sunday":{"open":"09:00","close":"18:00","isOpen":false}}
[2026-06-09T05:14:57.772Z] ✅ Clinic is open on tuesday from 09:00 to 23:00 
[2026-06-09T05:14:57.832Z] 🔵 Checking availability for 4 providers 
[2026-06-09T05:14:57.971Z] ✅ Found 27 slots for clinic: muneeb 
[2026-06-09T05:15:12.350Z] 🔵 Availability Request: {"clinicId":"4ca4e344-a7c6-473c-b3be-21b90c1ae067","serviceIds":["24484414-7772-4f7f-8d9c-26d45503d5fc"],"providerId":null,"date":"2026-06-09"}
[2026-06-09T05:15:12.352Z] 🔵 Using date: "2026-06-09"
[2026-06-09T05:15:12.454Z] 🔵 Clinic: "muneeb"
[2026-06-09T05:15:12.460Z] 🔵 Total duration: 60
[2026-06-09T05:15:12.461Z] 🔵 Using timezone: "America/New_York"
[2026-06-09T05:15:12.463Z] 🔵 Day of week: "tuesday"
[2026-06-09T05:15:12.468Z] 🔵 Business hours for tuesday: {"open":"09:00","close":"23:00","isOpen":true}
[2026-06-09T05:15:12.470Z] 🔵 All business hours: {"monday":{"open":"09:00","close":"23:00","isOpen":true},"tuesday":{"open":"09:00","close":"23:00","isOpen":true},"wednesday":{"open":"09:00","close":"23:00","isOpen":true},"thursday":{"open":"09:00","close":"23:00","isOpen":true},"friday":{"open":"09:00","close":"23:00","isOpen":true},"saturday":{"open":"09:00","close":"18:00","isOpen":true},"sunday":{"open":"09:00","close":"18:00","isOpen":false}}
[2026-06-09T05:15:12.471Z] ✅ Clinic is open on tuesday from 09:00 to 23:00 
[2026-06-09T05:15:12.504Z] 🔵 Checking availability for 4 providers 
[2026-06-09T05:15:12.538Z] ✅ Found 27 slots for clinic: muneeb 
[2026-06-09T05:15:12.543Z] 🔵 Availability Request: {"clinicId":"4ca4e344-a7c6-473c-b3be-21b90c1ae067","serviceIds":["24484414-7772-4f7f-8d9c-26d45503d5fc"],"providerId":null,"date":"2026-06-09"}
[2026-06-09T05:15:12.543Z] 🔵 Using date: "2026-06-09"
[2026-06-09T05:15:12.563Z] 🔵 Clinic: "muneeb"
[2026-06-09T05:15:12.568Z] 🔵 Total duration: 60
[2026-06-09T05:15:12.577Z] 🔵 Using timezone: "America/New_York"
[2026-06-09T05:15:12.582Z] 🔵 Day of week: "tuesday"
[2026-06-09T05:15:12.582Z] 🔵 Business hours for tuesday: {"open":"09:00","close":"23:00","isOpen":true}
[2026-06-09T05:15:12.583Z] 🔵 All business hours: {"monday":{"open":"09:00","close":"23:00","isOpen":true},"tuesday":{"open":"09:00","close":"23:00","isOpen":true},"wednesday":{"open":"09:00","close":"23:00","isOpen":true},"thursday":{"open":"09:00","close":"23:00","isOpen":true},"friday":{"open":"09:00","close":"23:00","isOpen":true},"saturday":{"open":"09:00","close":"18:00","isOpen":true},"sunday":{"open":"09:00","close":"18:00","isOpen":false}}
[2026-06-09T05:15:12.584Z] ✅ Clinic is open on tuesday from 09:00 to 23:00 
[2026-06-09T05:15:12.602Z] 🔵 Checking availability for 4 providers 
[2026-06-09T05:15:12.623Z] ✅ Found 27 slots for clinic: muneeb 
[2026-06-09T05:15:17.035Z] 🔵 Availability Request: {"clinicId":"4ca4e344-a7c6-473c-b3be-21b90c1ae067","serviceIds":["24484414-7772-4f7f-8d9c-26d45503d5fc"],"providerId":null,"date":"2026-06-10"}
[2026-06-09T05:15:17.036Z] 🔵 Using date: "2026-06-10"
[2026-06-09T05:15:17.053Z] 🔵 Clinic: "muneeb"
[2026-06-09T05:15:17.057Z] 🔵 Total duration: 60
[2026-06-09T05:15:17.058Z] 🔵 Using timezone: "America/New_York"
[2026-06-09T05:15:17.059Z] 🔵 Day of week: "wednesday"
[2026-06-09T05:15:17.060Z] 🔵 Business hours for wednesday: {"open":"09:00","close":"23:00","isOpen":true}
[2026-06-09T05:15:17.063Z] 🔵 All business hours: {"monday":{"open":"09:00","close":"23:00","isOpen":true},"tuesday":{"open":"09:00","close":"23:00","isOpen":true},"wednesday":{"open":"09:00","close":"23:00","isOpen":true},"thursday":{"open":"09:00","close":"23:00","isOpen":true},"friday":{"open":"09:00","close":"23:00","isOpen":true},"saturday":{"open":"09:00","close":"18:00","isOpen":true},"sunday":{"open":"09:00","close":"18:00","isOpen":false}}
[2026-06-09T05:15:17.064Z] ✅ Clinic is open on wednesday from 09:00 to 23:00 
[2026-06-09T05:15:17.082Z] 🔵 Checking availability for 4 providers 
[2026-06-09T05:15:17.100Z] ✅ Found 27 slots for clinic: muneeb 
[2026-06-09T11:12:13.587Z] 🔵 Availability Request: {"clinicId":"4ca4e344-a7c6-473c-b3be-21b90c1ae067","serviceIds":["4776d73c-16be-4861-928e-31dc4838b441"],"providerId":null,"date":"2026-06-09"}
[2026-06-09T11:12:13.872Z] 🔵 Using date: "2026-06-09"
[2026-06-09T11:12:13.889Z] 🔵 Clinic: "muneeb"
[2026-06-09T11:12:13.895Z] 🔵 Total duration: 60
[2026-06-09T11:12:13.896Z] 🔵 Using timezone: "America/New_York"
[2026-06-09T11:12:13.899Z] 🔵 Day of week: "tuesday"
[2026-06-09T11:12:13.900Z] 🔵 Business hours for tuesday: {"open":"09:00","close":"23:00","isOpen":true}
[2026-06-09T11:12:13.900Z] 🔵 All business hours: {"monday":{"open":"09:00","close":"23:00","isOpen":true},"tuesday":{"open":"09:00","close":"23:00","isOpen":true},"wednesday":{"open":"09:00","close":"23:00","isOpen":true},"thursday":{"open":"09:00","close":"23:00","isOpen":true},"friday":{"open":"09:00","close":"23:00","isOpen":true},"saturday":{"open":"09:00","close":"18:00","isOpen":true},"sunday":{"open":"09:00","close":"18:00","isOpen":false}}
[2026-06-09T11:12:13.903Z] ✅ Clinic is open on tuesday from 09:00 to 23:00 
[2026-06-09T11:12:13.923Z] 🔵 Checking availability for 4 providers 
[2026-06-09T11:12:13.962Z] ✅ Found 27 slots for clinic: muneeb 
[2026-06-09T11:22:22.578Z] 🔵 Availability Request: {"clinicId":"1f0c099e-663f-462a-bd8d-b90ad71cbb01","serviceIds":["dfe5bfd5-1b83-4a33-804e-ce044e5c66af"],"providerId":null,"date":"2026-06-09"}
[2026-06-09T11:22:22.841Z] 🔵 Using date: "2026-06-09"
[2026-06-09T11:22:22.869Z] 🔵 Clinic: "ehsan clinic"
[2026-06-09T11:22:22.882Z] 🔵 Total duration: 60
[2026-06-09T11:22:22.884Z] 🔵 Using timezone: "America/New_York"
[2026-06-09T11:22:22.895Z] 🔵 Day of week: "tuesday"
[2026-06-09T11:22:22.896Z] 🔵 Business hours for tuesday: {"open":"09:00","close":"17:00","isOpen":true}
[2026-06-09T11:22:22.897Z] 🔵 All business hours: {"monday":{"open":"09:00","close":"17:00","isOpen":true},"tuesday":{"open":"09:00","close":"17:00","isOpen":true},"wednesday":{"open":"09:00","close":"17:00","isOpen":true},"thursday":{"open":"09:00","close":"17:00","isOpen":true},"friday":{"open":"09:00","close":"17:00","isOpen":true},"saturday":{"open":"10:00","close":"15:00","isOpen":true},"sunday":{"open":"10:00","close":"15:00","isOpen":false}}
[2026-06-09T11:22:22.898Z] ✅ Clinic is open on tuesday from 09:00 to 17:00 
[2026-06-09T11:22:22.925Z] 🔵 Checking availability for 7 providers 
[2026-06-09T11:22:22.963Z] ✅ Found 15 slots for clinic: ehsan clinic 
[2026-06-09T11:23:31.649Z] 🔵 Availability Request: {"clinicId":"1f0c099e-663f-462a-bd8d-b90ad71cbb01","serviceIds":["dfe5bfd5-1b83-4a33-804e-ce044e5c66af"],"providerId":null,"date":"2026-06-09"}
[2026-06-09T11:23:31.651Z] 🔵 Using date: "2026-06-09"
[2026-06-09T11:23:31.694Z] 🔵 Clinic: "ehsan clinic"
[2026-06-09T11:23:31.711Z] 🔵 Total duration: 60
[2026-06-09T11:23:31.712Z] 🔵 Using timezone: "America/New_York"
[2026-06-09T11:23:31.713Z] 🔵 Day of week: "tuesday"
[2026-06-09T11:23:31.714Z] 🔵 Business hours for tuesday: {"open":"09:00","close":"17:00","isOpen":true}
[2026-06-09T11:23:31.715Z] 🔵 All business hours: {"monday":{"open":"09:00","close":"17:00","isOpen":true},"tuesday":{"open":"09:00","close":"17:00","isOpen":true},"wednesday":{"open":"09:00","close":"17:00","isOpen":true},"thursday":{"open":"09:00","close":"17:00","isOpen":true},"friday":{"open":"09:00","close":"17:00","isOpen":true},"saturday":{"open":"10:00","close":"15:00","isOpen":true},"sunday":{"open":"10:00","close":"15:00","isOpen":false}}
[2026-06-09T11:23:31.761Z] ✅ Clinic is open on tuesday from 09:00 to 17:00 
[2026-06-09T11:23:31.807Z] 🔵 Checking availability for 7 providers 
[2026-06-09T11:23:31.841Z] ✅ Found 15 slots for clinic: ehsan clinic 
[2026-06-09T11:23:34.390Z] 🔵 Availability Request: {"clinicId":"1f0c099e-663f-462a-bd8d-b90ad71cbb01","serviceIds":["dfe5bfd5-1b83-4a33-804e-ce044e5c66af"],"providerId":null,"date":"2026-06-10"}
[2026-06-09T11:23:34.391Z] 🔵 Using date: "2026-06-10"
[2026-06-09T11:23:34.405Z] 🔵 Clinic: "ehsan clinic"
[2026-06-09T11:23:34.410Z] 🔵 Total duration: 60
[2026-06-09T11:23:34.410Z] 🔵 Using timezone: "America/New_York"
[2026-06-09T11:23:34.415Z] 🔵 Day of week: "wednesday"
[2026-06-09T11:23:34.423Z] 🔵 Business hours for wednesday: {"open":"09:00","close":"17:00","isOpen":true}
[2026-06-09T11:23:34.424Z] 🔵 All business hours: {"monday":{"open":"09:00","close":"17:00","isOpen":true},"tuesday":{"open":"09:00","close":"17:00","isOpen":true},"wednesday":{"open":"09:00","close":"17:00","isOpen":true},"thursday":{"open":"09:00","close":"17:00","isOpen":true},"friday":{"open":"09:00","close":"17:00","isOpen":true},"saturday":{"open":"10:00","close":"15:00","isOpen":true},"sunday":{"open":"10:00","close":"15:00","isOpen":false}}
[2026-06-09T11:23:34.425Z] ✅ Clinic is open on wednesday from 09:00 to 17:00 
[2026-06-09T11:23:34.446Z] 🔵 Checking availability for 7 providers 
[2026-06-09T11:23:34.475Z] ✅ Found 15 slots for clinic: ehsan clinic 
[2026-06-15T13:09:52.893Z] 🔵 Availability Request: {"clinicId":"4ca4e344-a7c6-473c-b3be-21b90c1ae067","serviceIds":["24484414-7772-4f7f-8d9c-26d45503d5fc"],"providerId":null,"date":"2026-06-15"}
[2026-06-15T13:09:52.920Z] 🔵 Using date: "2026-06-15"
[2026-06-15T13:09:52.942Z] 🔵 Clinic: "muneeb"
[2026-06-15T13:09:52.947Z] 🔵 Total duration: 60
[2026-06-15T13:09:52.948Z] 🔵 Using timezone: "America/New_York"
[2026-06-15T13:09:52.957Z] 🔵 Day of week: "monday"
[2026-06-15T13:09:52.958Z] 🔵 Business hours for monday: {"open":"09:00","close":"23:00","isOpen":true}
[2026-06-15T13:09:52.959Z] 🔵 All business hours: {"monday":{"open":"09:00","close":"23:00","isOpen":true},"tuesday":{"open":"09:00","close":"23:00","isOpen":true},"wednesday":{"open":"09:00","close":"23:00","isOpen":true},"thursday":{"open":"09:00","close":"23:00","isOpen":true},"friday":{"open":"09:00","close":"23:00","isOpen":true},"saturday":{"open":"09:00","close":"18:00","isOpen":true},"sunday":{"open":"09:00","close":"18:00","isOpen":false}}
[2026-06-15T13:09:52.959Z] ✅ Clinic is open on monday from 09:00 to 23:00 
[2026-06-15T13:09:52.996Z] 🔵 Checking availability for 4 providers 
[2026-06-15T13:09:53.058Z] ✅ Found 26 slots for clinic: muneeb 
[2026-06-15T13:10:25.267Z] 🔵 Availability Request: {"clinicId":"4ca4e344-a7c6-473c-b3be-21b90c1ae067","serviceIds":["24484414-7772-4f7f-8d9c-26d45503d5fc"],"providerId":null,"date":"2026-06-15"}
[2026-06-15T13:10:25.269Z] 🔵 Using date: "2026-06-15"
[2026-06-15T13:10:25.411Z] 🔵 Clinic: "muneeb"
[2026-06-15T13:10:25.420Z] 🔵 Total duration: 60
[2026-06-15T13:10:25.420Z] 🔵 Using timezone: "America/New_York"
[2026-06-15T13:10:25.423Z] 🔵 Day of week: "monday"
[2026-06-15T13:10:25.425Z] 🔵 Business hours for monday: {"open":"09:00","close":"23:00","isOpen":true}
[2026-06-15T13:10:25.427Z] 🔵 All business hours: {"monday":{"open":"09:00","close":"23:00","isOpen":true},"tuesday":{"open":"09:00","close":"23:00","isOpen":true},"wednesday":{"open":"09:00","close":"23:00","isOpen":true},"thursday":{"open":"09:00","close":"23:00","isOpen":true},"friday":{"open":"09:00","close":"23:00","isOpen":true},"saturday":{"open":"09:00","close":"18:00","isOpen":true},"sunday":{"open":"09:00","close":"18:00","isOpen":false}}
[2026-06-15T13:10:25.428Z] ✅ Clinic is open on monday from 09:00 to 23:00 
[2026-06-15T13:10:25.457Z] 🔵 Checking availability for 4 providers 
[2026-06-15T13:10:25.502Z] ✅ Found 26 slots for clinic: muneeb 
[2026-06-15T13:10:25.508Z] 🔵 Availability Request: {"clinicId":"4ca4e344-a7c6-473c-b3be-21b90c1ae067","serviceIds":["24484414-7772-4f7f-8d9c-26d45503d5fc"],"providerId":null,"date":"2026-06-15"}
[2026-06-15T13:10:25.509Z] 🔵 Using date: "2026-06-15"
[2026-06-15T13:10:25.524Z] 🔵 Clinic: "muneeb"
[2026-06-15T13:10:25.543Z] 🔵 Total duration: 60
[2026-06-15T13:10:25.555Z] 🔵 Using timezone: "America/New_York"
[2026-06-15T13:10:25.557Z] 🔵 Day of week: "monday"
[2026-06-15T13:10:25.572Z] 🔵 Business hours for monday: {"open":"09:00","close":"23:00","isOpen":true}
[2026-06-15T13:10:25.573Z] 🔵 All business hours: {"monday":{"open":"09:00","close":"23:00","isOpen":true},"tuesday":{"open":"09:00","close":"23:00","isOpen":true},"wednesday":{"open":"09:00","close":"23:00","isOpen":true},"thursday":{"open":"09:00","close":"23:00","isOpen":true},"friday":{"open":"09:00","close":"23:00","isOpen":true},"saturday":{"open":"09:00","close":"18:00","isOpen":true},"sunday":{"open":"09:00","close":"18:00","isOpen":false}}
[2026-06-15T13:10:25.589Z] ✅ Clinic is open on monday from 09:00 to 23:00 
[2026-06-15T13:10:25.632Z] 🔵 Checking availability for 4 providers 
[2026-06-15T13:10:25.708Z] ✅ Found 26 slots for clinic: muneeb 
[2026-06-15T13:19:23.967Z] 🔵 Availability Request: {"clinicId":"4ca4e344-a7c6-473c-b3be-21b90c1ae067","serviceIds":["24484414-7772-4f7f-8d9c-26d45503d5fc"],"providerId":null,"date":"2026-06-15"}
[2026-06-15T13:19:23.968Z] 🔵 Using date: "2026-06-15"
[2026-06-15T13:19:24.224Z] 🔵 Clinic: "muneeb"
[2026-06-15T13:19:24.258Z] 🔵 Total duration: 60
[2026-06-15T13:19:24.259Z] 🔵 Using timezone: "America/New_York"
[2026-06-15T13:19:24.260Z] 🔵 Day of week: "monday"
[2026-06-15T13:19:24.263Z] 🔵 Business hours for monday: {"open":"09:00","close":"23:00","isOpen":true}
[2026-06-15T13:19:24.276Z] 🔵 All business hours: {"monday":{"open":"09:00","close":"23:00","isOpen":true},"tuesday":{"open":"09:00","close":"23:00","isOpen":true},"wednesday":{"open":"09:00","close":"23:00","isOpen":true},"thursday":{"open":"09:00","close":"23:00","isOpen":true},"friday":{"open":"09:00","close":"23:00","isOpen":true},"saturday":{"open":"09:00","close":"18:00","isOpen":true},"sunday":{"open":"09:00","close":"18:00","isOpen":false}}
[2026-06-15T13:19:24.277Z] ✅ Clinic is open on monday from 09:00 to 23:00 
[2026-06-15T13:19:24.768Z] 🔵 Checking availability for 4 providers 
[2026-06-15T13:19:24.948Z] ✅ Found 26 slots for clinic: muneeb 
[2026-06-15T13:19:25.052Z] 🔵 Availability Request: {"clinicId":"4ca4e344-a7c6-473c-b3be-21b90c1ae067","serviceIds":["24484414-7772-4f7f-8d9c-26d45503d5fc"],"providerId":null,"date":"2026-06-15"}
[2026-06-15T13:19:25.058Z] 🔵 Using date: "2026-06-15"
[2026-06-15T13:19:25.263Z] 🔵 Clinic: "muneeb"
[2026-06-15T13:19:25.349Z] 🔵 Total duration: 60
[2026-06-15T13:19:25.365Z] 🔵 Using timezone: "America/New_York"
[2026-06-15T13:19:25.366Z] 🔵 Day of week: "monday"
[2026-06-15T13:19:25.369Z] 🔵 Business hours for monday: {"open":"09:00","close":"23:00","isOpen":true}
[2026-06-15T13:19:25.371Z] 🔵 All business hours: {"monday":{"open":"09:00","close":"23:00","isOpen":true},"tuesday":{"open":"09:00","close":"23:00","isOpen":true},"wednesday":{"open":"09:00","close":"23:00","isOpen":true},"thursday":{"open":"09:00","close":"23:00","isOpen":true},"friday":{"open":"09:00","close":"23:00","isOpen":true},"saturday":{"open":"09:00","close":"18:00","isOpen":true},"sunday":{"open":"09:00","close":"18:00","isOpen":false}}
[2026-06-15T13:19:25.384Z] ✅ Clinic is open on monday from 09:00 to 23:00 
[2026-06-15T13:19:26.064Z] 🔵 Checking availability for 4 providers 
[2026-06-15T13:19:26.199Z] ✅ Found 26 slots for clinic: muneeb 
[2026-06-18T06:41:29.915Z] 🔵 Availability Request: {"clinicId":"4ca4e344-a7c6-473c-b3be-21b90c1ae067","serviceIds":["4776d73c-16be-4861-928e-31dc4838b441"],"providerId":null,"date":"2026-06-18"}
[2026-06-18T06:41:29.936Z] 🔵 Using date: "2026-06-18"
[2026-06-18T06:41:29.965Z] 🔵 Clinic: "muneeb"
[2026-06-18T06:41:29.973Z] 🔵 Total duration: 60
[2026-06-18T06:41:29.975Z] 🔵 Using timezone: "America/New_York"
[2026-06-18T06:41:29.982Z] 🔵 Day of week: "thursday"
[2026-06-18T06:41:29.983Z] 🔵 Business hours for thursday: {"open":"09:00","close":"23:00","isOpen":true}
[2026-06-18T06:41:29.984Z] 🔵 All business hours: {"monday":{"open":"09:00","close":"23:00","isOpen":true},"tuesday":{"open":"09:00","close":"23:00","isOpen":true},"wednesday":{"open":"09:00","close":"23:00","isOpen":true},"thursday":{"open":"09:00","close":"23:00","isOpen":true},"friday":{"open":"09:00","close":"23:00","isOpen":true},"saturday":{"open":"09:00","close":"18:00","isOpen":true},"sunday":{"open":"09:00","close":"18:00","isOpen":false}}
[2026-06-18T06:41:29.985Z] ✅ Clinic is open on thursday from 09:00 to 23:00 
[2026-06-18T06:41:30.011Z] 🔵 Checking availability for 4 providers 
[2026-06-18T06:41:30.047Z] ✅ Found 27 slots for clinic: muneeb 
[2026-06-23T06:51:03.310Z] 🔵 Availability Request: {"clinicId":"1f0c099e-663f-462a-bd8d-b90ad71cbb01","serviceIds":["dfe5bfd5-1b83-4a33-804e-ce044e5c66af"],"providerId":null,"date":"2026-06-23"}
[2026-06-23T06:51:03.334Z] 🔵 Using date: "2026-06-23"
[2026-06-23T06:51:03.379Z] 🔵 Clinic: "ehsan clinic"
[2026-06-23T06:51:03.385Z] 🔵 Total duration: 60
[2026-06-23T06:51:03.388Z] 🔵 Using timezone: "America/New_York"
[2026-06-23T06:51:03.412Z] 🔵 Day of week: "tuesday"
[2026-06-23T06:51:03.412Z] 🔵 Business hours for tuesday: {"open":"09:00","close":"17:00","isOpen":true}
[2026-06-23T06:51:03.413Z] 🔵 All business hours: {"monday":{"open":"09:00","close":"17:00","isOpen":true},"tuesday":{"open":"09:00","close":"17:00","isOpen":true},"wednesday":{"open":"09:00","close":"17:00","isOpen":true},"thursday":{"open":"09:00","close":"17:00","isOpen":true},"friday":{"open":"09:00","close":"17:00","isOpen":true},"saturday":{"open":"10:00","close":"15:00","isOpen":true},"sunday":{"open":"10:00","close":"15:00","isOpen":false}}
[2026-06-23T06:51:03.414Z] ✅ Clinic is open on tuesday from 09:00 to 17:00 
[2026-06-23T06:51:03.448Z] 🔵 Checking availability for 7 providers 
[2026-06-23T06:51:03.509Z] ✅ Found 15 slots for clinic: ehsan clinic 
[2026-06-27T07:08:55.080Z] 🔵 Availability Request: {"clinicId":"4ca4e344-a7c6-473c-b3be-21b90c1ae067","serviceIds":["24484414-7772-4f7f-8d9c-26d45503d5fc"],"providerId":null,"date":"2026-06-27"}
[2026-06-27T07:08:55.094Z] 🔵 Using date: "2026-06-27"
[2026-06-27T07:08:55.206Z] 🔵 Clinic: "muneeb"
[2026-06-27T07:08:55.213Z] 🔵 Total duration: 60
[2026-06-27T07:08:55.214Z] 🔵 Using timezone: "America/New_York"
[2026-06-27T07:08:55.228Z] 🔵 Day of week: "saturday"
[2026-06-27T07:08:55.229Z] 🔵 Business hours for saturday: {"open":"09:00","close":"18:00","isOpen":true}
[2026-06-27T07:08:55.229Z] 🔵 All business hours: {"monday":{"open":"09:00","close":"23:00","isOpen":true},"tuesday":{"open":"09:00","close":"23:00","isOpen":true},"wednesday":{"open":"09:00","close":"23:00","isOpen":true},"thursday":{"open":"09:00","close":"23:00","isOpen":true},"friday":{"open":"09:00","close":"23:00","isOpen":true},"saturday":{"open":"09:00","close":"18:00","isOpen":true},"sunday":{"open":"09:00","close":"18:00","isOpen":false}}
[2026-06-27T07:08:55.230Z] ✅ Clinic is open on saturday from 09:00 to 18:00 
[2026-06-27T07:08:55.263Z] 🔵 Checking availability for 4 providers 
[2026-06-27T07:08:55.376Z] ✅ Found 17 slots for clinic: muneeb 
[2026-07-03T12:06:04.910Z] 🔵 Availability Request: {"clinicId":"1f0c099e-663f-462a-bd8d-b90ad71cbb01","serviceIds":["7cc7ae88-9a64-43f2-9ff3-8a2253a52242"],"providerId":"cf1c6100-c43a-4e0c-8eb4-c493d7bf28b5","date":"2026-07-04"}
[2026-07-03T12:06:05.185Z] 🔵 Using date: "2026-07-04"
[2026-07-03T12:06:05.221Z] 🔵 Clinic: "ehsan clinic"
[2026-07-03T12:06:05.277Z] ❌ Error in getAvailableSlots: {"message":"No matching services found for clinic 1f0c099e-663f-462a-bd8d-b90ad71cbb01","stack":"NotFoundException: No matching services found for clinic 1f0c099e-663f-462a-bd8d-b90ad71cbb01\n    at AvailabilityService.getAvailableSlots (E:\\ebizz\\medical-aesthetics-backend\\src\\modules\\bookings\\availability.service.ts:75:15)\n    at processTicksAndRejections (node:internal/process/task_queues:105:5)\n    at BookingsController.getAvailability (E:\\ebizz\\medical-aesthetics-backend\\src\\modules\\bookings\\bookings.controller.ts:42:22)\n    at E:\\ebizz\\medical-aesthetics-backend\\node_modules\\.pnpm\\@nestjs+core@11.1.6_@nestjs+common@11.1.6_class-transformer@0.5.1_class-validator@0.14.2_refl_lhtmu6dp4jbc2v35gmxkneqdey\\node_modules\\@nestjs\\core\\router\\router-execution-context.js:46:28\n    at E:\\ebizz\\medical-aesthetics-backend\\node_modules\\.pnpm\\@nestjs+core@11.1.6_@nestjs+common@11.1.6_class-transformer@0.5.1_class-validator@0.14.2_refl_lhtmu6dp4jbc2v35gmxkneqdey\\node_modules\\@nestjs\\core\\router\\router-proxy.js:9:17","details":{"response":{"message":"No matching services found for clinic 1f0c099e-663f-462a-bd8d-b90ad71cbb01","error":"Not Found","statusCode":404},"status":404,"options":{},"message":"No matching services found for clinic 1f0c099e-663f-462a-bd8d-b90ad71cbb01","name":"NotFoundException"}}
[2026-07-03T12:06:15.056Z] 🔵 Availability Request: {"clinicId":"1f0c099e-663f-462a-bd8d-b90ad71cbb01","serviceIds":["7cc7ae88-9a64-43f2-9ff3-8a2253a52242"],"providerId":"cf1c6100-c43a-4e0c-8eb4-c493d7bf28b5","date":"2026-07-05"}
[2026-07-03T12:06:15.057Z] 🔵 Using date: "2026-07-05"
[2026-07-03T12:06:15.075Z] 🔵 Clinic: "ehsan clinic"
[2026-07-03T12:06:15.083Z] ❌ Error in getAvailableSlots: {"message":"No matching services found for clinic 1f0c099e-663f-462a-bd8d-b90ad71cbb01","stack":"NotFoundException: No matching services found for clinic 1f0c099e-663f-462a-bd8d-b90ad71cbb01\n    at AvailabilityService.getAvailableSlots (E:\\ebizz\\medical-aesthetics-backend\\src\\modules\\bookings\\availability.service.ts:75:15)\n    at processTicksAndRejections (node:internal/process/task_queues:105:5)\n    at BookingsController.getAvailability (E:\\ebizz\\medical-aesthetics-backend\\src\\modules\\bookings\\bookings.controller.ts:42:22)\n    at E:\\ebizz\\medical-aesthetics-backend\\node_modules\\.pnpm\\@nestjs+core@11.1.6_@nestjs+common@11.1.6_class-transformer@0.5.1_class-validator@0.14.2_refl_lhtmu6dp4jbc2v35gmxkneqdey\\node_modules\\@nestjs\\core\\router\\router-execution-context.js:46:28\n    at E:\\ebizz\\medical-aesthetics-backend\\node_modules\\.pnpm\\@nestjs+core@11.1.6_@nestjs+common@11.1.6_class-transformer@0.5.1_class-validator@0.14.2_refl_lhtmu6dp4jbc2v35gmxkneqdey\\node_modules\\@nestjs\\core\\router\\router-proxy.js:9:17","details":{"response":{"message":"No matching services found for clinic 1f0c099e-663f-462a-bd8d-b90ad71cbb01","error":"Not Found","statusCode":404},"status":404,"options":{},"message":"No matching services found for clinic 1f0c099e-663f-462a-bd8d-b90ad71cbb01","name":"NotFoundException"}}
[2026-07-03T12:06:18.299Z] 🔵 Availability Request: {"clinicId":"1f0c099e-663f-462a-bd8d-b90ad71cbb01","serviceIds":["7cc7ae88-9a64-43f2-9ff3-8a2253a52242"],"providerId":"cf1c6100-c43a-4e0c-8eb4-c493d7bf28b5","date":"2026-07-06"}
[2026-07-03T12:06:18.300Z] 🔵 Using date: "2026-07-06"
[2026-07-03T12:06:18.322Z] 🔵 Clinic: "ehsan clinic"
[2026-07-03T12:06:18.333Z] ❌ Error in getAvailableSlots: {"message":"No matching services found for clinic 1f0c099e-663f-462a-bd8d-b90ad71cbb01","stack":"NotFoundException: No matching services found for clinic 1f0c099e-663f-462a-bd8d-b90ad71cbb01\n    at AvailabilityService.getAvailableSlots (E:\\ebizz\\medical-aesthetics-backend\\src\\modules\\bookings\\availability.service.ts:75:15)\n    at processTicksAndRejections (node:internal/process/task_queues:105:5)\n    at BookingsController.getAvailability (E:\\ebizz\\medical-aesthetics-backend\\src\\modules\\bookings\\bookings.controller.ts:42:22)\n    at E:\\ebizz\\medical-aesthetics-backend\\node_modules\\.pnpm\\@nestjs+core@11.1.6_@nestjs+common@11.1.6_class-transformer@0.5.1_class-validator@0.14.2_refl_lhtmu6dp4jbc2v35gmxkneqdey\\node_modules\\@nestjs\\core\\router\\router-execution-context.js:46:28\n    at E:\\ebizz\\medical-aesthetics-backend\\node_modules\\.pnpm\\@nestjs+core@11.1.6_@nestjs+common@11.1.6_class-transformer@0.5.1_class-validator@0.14.2_refl_lhtmu6dp4jbc2v35gmxkneqdey\\node_modules\\@nestjs\\core\\router\\router-proxy.js:9:17","details":{"response":{"message":"No matching services found for clinic 1f0c099e-663f-462a-bd8d-b90ad71cbb01","error":"Not Found","statusCode":404},"status":404,"options":{},"message":"No matching services found for clinic 1f0c099e-663f-462a-bd8d-b90ad71cbb01","name":"NotFoundException"}}
[2026-07-03T12:07:44.485Z] 🔵 Availability Request: {"clinicId":"4ca4e344-a7c6-473c-b3be-21b90c1ae067","serviceIds":["24484414-7772-4f7f-8d9c-26d45503d5fc"],"providerId":"bffbce73-ff95-424d-ba0b-4cb440175f4d","date":"2026-07-04"}
[2026-07-03T12:07:44.485Z] 🔵 Using date: "2026-07-04"
[2026-07-03T12:07:44.549Z] 🔵 Clinic: "muneeb"
[2026-07-03T12:07:44.557Z] 🔵 Total duration: 60
[2026-07-03T12:07:44.557Z] 🔵 Using timezone: "America/New_York"
[2026-07-03T12:07:44.571Z] 🔵 Day of week: "saturday"
[2026-07-03T12:07:44.572Z] 🔵 Business hours for saturday: {"open":"09:00","close":"18:00","isOpen":true}
[2026-07-03T12:07:44.573Z] 🔵 All business hours: {"monday":{"open":"09:00","close":"23:00","isOpen":true},"tuesday":{"open":"09:00","close":"23:00","isOpen":true},"wednesday":{"open":"09:00","close":"23:00","isOpen":true},"thursday":{"open":"09:00","close":"23:00","isOpen":true},"friday":{"open":"09:00","close":"23:00","isOpen":true},"saturday":{"open":"09:00","close":"18:00","isOpen":true},"sunday":{"open":"09:00","close":"18:00","isOpen":false}}
[2026-07-03T12:07:44.573Z] ✅ Clinic is open on saturday from 09:00 to 18:00 
[2026-07-03T12:07:44.581Z] 🔵 Checking availability for 1 providers 
[2026-07-03T12:07:44.627Z] ✅ Found 17 slots for clinic: muneeb 
[2026-07-03T12:07:49.641Z] 🔵 Availability Request: {"clinicId":"4ca4e344-a7c6-473c-b3be-21b90c1ae067","serviceIds":["24484414-7772-4f7f-8d9c-26d45503d5fc"],"providerId":"bffbce73-ff95-424d-ba0b-4cb440175f4d","date":"2026-07-12"}
[2026-07-03T12:07:49.643Z] 🔵 Using date: "2026-07-12"
[2026-07-03T12:07:49.668Z] 🔵 Clinic: "muneeb"
[2026-07-03T12:07:49.674Z] 🔵 Total duration: 60
[2026-07-03T12:07:49.676Z] 🔵 Using timezone: "America/New_York"
[2026-07-03T12:07:49.677Z] 🔵 Day of week: "sunday"
[2026-07-03T12:07:49.678Z] 🔵 Business hours for sunday: {"open":"09:00","close":"18:00","isOpen":false}
[2026-07-03T12:07:49.678Z] 🔵 All business hours: {"monday":{"open":"09:00","close":"23:00","isOpen":true},"tuesday":{"open":"09:00","close":"23:00","isOpen":true},"wednesday":{"open":"09:00","close":"23:00","isOpen":true},"thursday":{"open":"09:00","close":"23:00","isOpen":true},"friday":{"open":"09:00","close":"23:00","isOpen":true},"saturday":{"open":"09:00","close":"18:00","isOpen":true},"sunday":{"open":"09:00","close":"18:00","isOpen":false}}
[2026-07-03T12:07:54.616Z] 🔵 Availability Request: {"clinicId":"4ca4e344-a7c6-473c-b3be-21b90c1ae067","serviceIds":["24484414-7772-4f7f-8d9c-26d45503d5fc"],"providerId":"bffbce73-ff95-424d-ba0b-4cb440175f4d","date":"2026-07-13"}
[2026-07-03T12:07:54.617Z] 🔵 Using date: "2026-07-13"
[2026-07-03T12:07:54.633Z] 🔵 Clinic: "muneeb"
[2026-07-03T12:07:54.641Z] 🔵 Total duration: 60
[2026-07-03T12:07:54.644Z] 🔵 Using timezone: "America/New_York"
[2026-07-03T12:07:54.645Z] 🔵 Day of week: "monday"
[2026-07-03T12:07:54.649Z] 🔵 Business hours for monday: {"open":"09:00","close":"23:00","isOpen":true}
[2026-07-03T12:07:54.649Z] 🔵 All business hours: {"monday":{"open":"09:00","close":"23:00","isOpen":true},"tuesday":{"open":"09:00","close":"23:00","isOpen":true},"wednesday":{"open":"09:00","close":"23:00","isOpen":true},"thursday":{"open":"09:00","close":"23:00","isOpen":true},"friday":{"open":"09:00","close":"23:00","isOpen":true},"saturday":{"open":"09:00","close":"18:00","isOpen":true},"sunday":{"open":"09:00","close":"18:00","isOpen":false}}
[2026-07-03T12:07:54.650Z] ✅ Clinic is open on monday from 09:00 to 23:00 
[2026-07-03T12:07:54.654Z] 🔵 Checking availability for 1 providers 
[2026-07-03T12:07:54.678Z] ✅ Found 27 slots for clinic: muneeb 
[2026-07-03T12:08:48.579Z] 🔵 Availability Request: {"clinicId":"4ca4e344-a7c6-473c-b3be-21b90c1ae067","serviceIds":["24484414-7772-4f7f-8d9c-26d45503d5fc"],"providerId":"bffbce73-ff95-424d-ba0b-4cb440175f4d","date":"2026-07-19"}
[2026-07-03T12:08:48.580Z] 🔵 Using date: "2026-07-19"
[2026-07-03T12:08:48.643Z] 🔵 Clinic: "muneeb"
[2026-07-03T12:08:48.651Z] 🔵 Total duration: 60
[2026-07-03T12:08:48.652Z] 🔵 Using timezone: "America/New_York"
[2026-07-03T12:08:48.653Z] 🔵 Day of week: "sunday"
[2026-07-03T12:08:48.653Z] 🔵 Business hours for sunday: {"open":"09:00","close":"18:00","isOpen":false}
[2026-07-03T12:08:48.654Z] 🔵 All business hours: {"monday":{"open":"09:00","close":"23:00","isOpen":true},"tuesday":{"open":"09:00","close":"23:00","isOpen":true},"wednesday":{"open":"09:00","close":"23:00","isOpen":true},"thursday":{"open":"09:00","close":"23:00","isOpen":true},"friday":{"open":"09:00","close":"23:00","isOpen":true},"saturday":{"open":"09:00","close":"18:00","isOpen":true},"sunday":{"open":"09:00","close":"18:00","isOpen":false}}
[2026-07-03T12:08:52.463Z] 🔵 Availability Request: {"clinicId":"4ca4e344-a7c6-473c-b3be-21b90c1ae067","serviceIds":["24484414-7772-4f7f-8d9c-26d45503d5fc"],"providerId":"bffbce73-ff95-424d-ba0b-4cb440175f4d","date":"2026-07-20"}
[2026-07-03T12:08:52.464Z] 🔵 Using date: "2026-07-20"
[2026-07-03T12:08:52.488Z] 🔵 Clinic: "muneeb"
[2026-07-03T12:08:52.497Z] 🔵 Total duration: 60
[2026-07-03T12:08:52.498Z] 🔵 Using timezone: "America/New_York"
[2026-07-03T12:08:52.499Z] 🔵 Day of week: "monday"
[2026-07-03T12:08:52.499Z] 🔵 Business hours for monday: {"open":"09:00","close":"23:00","isOpen":true}
[2026-07-03T12:08:52.500Z] 🔵 All business hours: {"monday":{"open":"09:00","close":"23:00","isOpen":true},"tuesday":{"open":"09:00","close":"23:00","isOpen":true},"wednesday":{"open":"09:00","close":"23:00","isOpen":true},"thursday":{"open":"09:00","close":"23:00","isOpen":true},"friday":{"open":"09:00","close":"23:00","isOpen":true},"saturday":{"open":"09:00","close":"18:00","isOpen":true},"sunday":{"open":"09:00","close":"18:00","isOpen":false}}
[2026-07-03T12:08:52.501Z] ✅ Clinic is open on monday from 09:00 to 23:00 
[2026-07-03T12:08:52.505Z] 🔵 Checking availability for 1 providers 
[2026-07-03T12:08:52.552Z] ✅ Found 27 slots for clinic: muneeb 
[2026-07-03T12:10:31.676Z] 🔵 Availability Request: {"clinicId":"4ca4e344-a7c6-473c-b3be-21b90c1ae067","serviceIds":["24484414-7772-4f7f-8d9c-26d45503d5fc"],"providerId":"bffbce73-ff95-424d-ba0b-4cb440175f4d","date":"2026-07-10"}
[2026-07-03T12:10:31.676Z] 🔵 Using date: "2026-07-10"
[2026-07-03T12:10:31.760Z] 🔵 Clinic: "muneeb"
[2026-07-03T12:10:31.788Z] 🔵 Total duration: 60
[2026-07-03T12:10:31.789Z] 🔵 Using timezone: "America/New_York"
[2026-07-03T12:10:31.790Z] 🔵 Day of week: "friday"
[2026-07-03T12:10:31.790Z] 🔵 Business hours for friday: {"open":"09:00","close":"23:00","isOpen":true}
[2026-07-03T12:10:31.791Z] 🔵 All business hours: {"monday":{"open":"09:00","close":"23:00","isOpen":true},"tuesday":{"open":"09:00","close":"23:00","isOpen":true},"wednesday":{"open":"09:00","close":"23:00","isOpen":true},"thursday":{"open":"09:00","close":"23:00","isOpen":true},"friday":{"open":"09:00","close":"23:00","isOpen":true},"saturday":{"open":"09:00","close":"18:00","isOpen":true},"sunday":{"open":"09:00","close":"18:00","isOpen":false}}
[2026-07-03T12:10:31.793Z] ✅ Clinic is open on friday from 09:00 to 23:00 
[2026-07-03T12:10:31.798Z] 🔵 Checking availability for 1 providers 
[2026-07-03T12:10:31.858Z] ✅ Found 27 slots for clinic: muneeb 
[2026-07-03T12:13:30.786Z] 🔵 Availability Request: {"clinicId":"4ca4e344-a7c6-473c-b3be-21b90c1ae067","serviceIds":["24484414-7772-4f7f-8d9c-26d45503d5fc"],"providerId":null,"date":"2026-07-03"}
[2026-07-03T12:13:30.786Z] 🔵 Using date: "2026-07-03"
[2026-07-03T12:13:30.820Z] 🔵 Clinic: "muneeb"
[2026-07-03T12:13:30.828Z] 🔵 Total duration: 60
[2026-07-03T12:13:30.832Z] 🔵 Using timezone: "Asia/Karachi"
[2026-07-03T12:13:30.840Z] 🔵 Day of week: "friday"
[2026-07-03T12:13:30.841Z] 🔵 Business hours for friday: {"open":"09:00","close":"23:00","isOpen":true}
[2026-07-03T12:13:30.842Z] 🔵 All business hours: {"monday":{"open":"09:00","close":"23:00","isOpen":true},"tuesday":{"open":"09:00","close":"23:00","isOpen":true},"wednesday":{"open":"09:00","close":"23:00","isOpen":true},"thursday":{"open":"09:00","close":"23:00","isOpen":true},"friday":{"open":"09:00","close":"23:00","isOpen":true},"saturday":{"open":"09:00","close":"18:00","isOpen":true},"sunday":{"open":"09:00","close":"18:00","isOpen":false}}
[2026-07-03T12:13:30.848Z] ✅ Clinic is open on friday from 09:00 to 23:00 
[2026-07-03T12:13:30.878Z] 🔵 Checking availability for 6 providers 
[2026-07-03T12:13:30.902Z] ✅ Found 10 slots for clinic: muneeb 
[2026-07-03T12:25:45.627Z] 🔵 Availability Request: {"clinicId":"4ca4e344-a7c6-473c-b3be-21b90c1ae067","serviceIds":["4776d73c-16be-4861-928e-31dc4838b441"],"providerId":null,"date":"2026-07-03"}
[2026-07-03T12:25:45.888Z] 🔵 Using date: "2026-07-03"
[2026-07-03T12:25:45.977Z] 🔵 Clinic: "muneeb"
[2026-07-03T12:25:45.984Z] 🔵 Total duration: 60
[2026-07-03T12:25:45.985Z] 🔵 Using timezone: "Asia/Karachi"
[2026-07-03T12:25:45.986Z] 🔵 Day of week: "friday"
[2026-07-03T12:25:45.987Z] 🔵 Business hours for friday: {"open":"09:00","close":"23:00","isOpen":true}
[2026-07-03T12:25:45.987Z] 🔵 All business hours: {"monday":{"open":"09:00","close":"23:00","isOpen":true},"tuesday":{"open":"09:00","close":"23:00","isOpen":true},"wednesday":{"open":"09:00","close":"23:00","isOpen":true},"thursday":{"open":"09:00","close":"23:00","isOpen":true},"friday":{"open":"09:00","close":"23:00","isOpen":true},"saturday":{"open":"09:00","close":"18:00","isOpen":true},"sunday":{"open":"09:00","close":"18:00","isOpen":false}}
[2026-07-03T12:25:45.988Z] ✅ Clinic is open on friday from 09:00 to 23:00 
[2026-07-03T12:25:46.016Z] 🔵 Checking availability for 6 providers 
[2026-07-03T12:25:46.054Z] ✅ Found 10 slots for clinic: muneeb 
[2026-07-03T12:25:53.038Z] 🔵 Availability Request: {"clinicId":"4ca4e344-a7c6-473c-b3be-21b90c1ae067","serviceIds":["4776d73c-16be-4861-928e-31dc4838b441"],"providerId":null,"date":"2026-07-04"}
[2026-07-03T12:25:53.039Z] 🔵 Using date: "2026-07-04"
[2026-07-03T12:25:53.063Z] 🔵 Clinic: "muneeb"
[2026-07-03T12:25:53.070Z] 🔵 Total duration: 60
[2026-07-03T12:25:53.070Z] 🔵 Using timezone: "Asia/Karachi"
[2026-07-03T12:25:53.072Z] 🔵 Day of week: "saturday"
[2026-07-03T12:25:53.072Z] 🔵 Business hours for saturday: {"open":"09:00","close":"18:00","isOpen":true}
[2026-07-03T12:25:53.073Z] 🔵 All business hours: {"monday":{"open":"09:00","close":"23:00","isOpen":true},"tuesday":{"open":"09:00","close":"23:00","isOpen":true},"wednesday":{"open":"09:00","close":"23:00","isOpen":true},"thursday":{"open":"09:00","close":"23:00","isOpen":true},"friday":{"open":"09:00","close":"23:00","isOpen":true},"saturday":{"open":"09:00","close":"18:00","isOpen":true},"sunday":{"open":"09:00","close":"18:00","isOpen":false}}
[2026-07-03T12:25:53.074Z] ✅ Clinic is open on saturday from 09:00 to 18:00 
[2026-07-03T12:25:53.098Z] 🔵 Checking availability for 6 providers 
[2026-07-03T12:25:53.114Z] ✅ Found 17 slots for clinic: muneeb 
[2026-07-03T12:34:23.607Z] 🔵 Availability Request: {"clinicId":"4ca4e344-a7c6-473c-b3be-21b90c1ae067","serviceIds":["4776d73c-16be-4861-928e-31dc4838b441"],"providerId":null,"date":"2026-07-03"}
[2026-07-03T12:34:23.879Z] 🔵 Using date: "2026-07-03"
[2026-07-03T12:34:23.903Z] 🔵 Clinic: "muneeb"
[2026-07-03T12:34:23.912Z] 🔵 Total duration: 60
[2026-07-03T12:34:23.912Z] 🔵 Using timezone: "Asia/Karachi"
[2026-07-03T12:34:23.913Z] 🔵 Day of week: "friday"
[2026-07-03T12:34:23.914Z] 🔵 Business hours for friday: {"open":"09:00","close":"23:00","isOpen":true}
[2026-07-03T12:34:23.914Z] 🔵 All business hours: {"monday":{"open":"09:00","close":"23:00","isOpen":true},"tuesday":{"open":"09:00","close":"23:00","isOpen":true},"wednesday":{"open":"09:00","close":"23:00","isOpen":true},"thursday":{"open":"09:00","close":"23:00","isOpen":true},"friday":{"open":"09:00","close":"23:00","isOpen":true},"saturday":{"open":"09:00","close":"18:00","isOpen":true},"sunday":{"open":"09:00","close":"18:00","isOpen":false}}
[2026-07-03T12:34:23.914Z] ✅ Clinic is open on friday from 09:00 to 23:00 
[2026-07-03T12:34:23.935Z] 🔵 Checking availability for 6 providers 
[2026-07-03T12:34:23.953Z] ✅ Found 9 slots for clinic: muneeb 
[2026-07-03T12:44:34.930Z] 🔵 Availability Request: {"clinicId":"4ca4e344-a7c6-473c-b3be-21b90c1ae067","serviceIds":["4776d73c-16be-4861-928e-31dc4838b441"],"providerId":null,"date":"2026-07-03"}
[2026-07-03T12:44:34.930Z] 🔵 Using date: "2026-07-03"
[2026-07-03T12:44:35.033Z] 🔵 Clinic: "muneeb"
[2026-07-03T12:44:35.039Z] 🔵 Total duration: 60
[2026-07-03T12:44:35.040Z] 🔵 Using timezone: "Asia/Karachi"
[2026-07-03T12:44:35.043Z] 🔵 Day of week: "friday"
[2026-07-03T12:44:35.044Z] 🔵 Business hours for friday: {"open":"09:00","close":"23:00","isOpen":true}
[2026-07-03T12:44:35.049Z] 🔵 All business hours: {"monday":{"open":"09:00","close":"23:00","isOpen":true},"tuesday":{"open":"09:00","close":"23:00","isOpen":true},"wednesday":{"open":"09:00","close":"23:00","isOpen":true},"thursday":{"open":"09:00","close":"23:00","isOpen":true},"friday":{"open":"09:00","close":"23:00","isOpen":true},"saturday":{"open":"09:00","close":"18:00","isOpen":true},"sunday":{"open":"09:00","close":"18:00","isOpen":false}}
[2026-07-03T12:44:35.050Z] ✅ Clinic is open on friday from 09:00 to 23:00 
[2026-07-03T12:44:35.089Z] 🔵 Checking availability for 6 providers 
[2026-07-03T12:44:35.128Z] ✅ Found 9 slots for clinic: muneeb 
[2026-07-03T12:44:44.148Z] 🔵 Availability Request: {"clinicId":"4ca4e344-a7c6-473c-b3be-21b90c1ae067","serviceIds":["4776d73c-16be-4861-928e-31dc4838b441"],"providerId":null,"date":"2026-07-06"}
[2026-07-03T12:44:44.149Z] 🔵 Using date: "2026-07-06"
[2026-07-03T12:44:44.165Z] 🔵 Clinic: "muneeb"
[2026-07-03T12:44:44.170Z] 🔵 Total duration: 60
[2026-07-03T12:44:44.171Z] 🔵 Using timezone: "Asia/Karachi"
[2026-07-03T12:44:44.172Z] 🔵 Day of week: "monday"
[2026-07-03T12:44:44.172Z] 🔵 Business hours for monday: {"open":"09:00","close":"23:00","isOpen":true}
[2026-07-03T12:44:44.173Z] 🔵 All business hours: {"monday":{"open":"09:00","close":"23:00","isOpen":true},"tuesday":{"open":"09:00","close":"23:00","isOpen":true},"wednesday":{"open":"09:00","close":"23:00","isOpen":true},"thursday":{"open":"09:00","close":"23:00","isOpen":true},"friday":{"open":"09:00","close":"23:00","isOpen":true},"saturday":{"open":"09:00","close":"18:00","isOpen":true},"sunday":{"open":"09:00","close":"18:00","isOpen":false}}
[2026-07-03T12:44:44.175Z] ✅ Clinic is open on monday from 09:00 to 23:00 
[2026-07-03T12:44:44.197Z] 🔵 Checking availability for 6 providers 
[2026-07-03T12:44:44.220Z] ✅ Found 27 slots for clinic: muneeb 
[2026-07-03T12:44:47.532Z] 🔵 Availability Request: {"clinicId":"4ca4e344-a7c6-473c-b3be-21b90c1ae067","serviceIds":["4776d73c-16be-4861-928e-31dc4838b441"],"providerId":null,"date":"2026-07-04"}
[2026-07-03T12:44:47.533Z] 🔵 Using date: "2026-07-04"
[2026-07-03T12:44:47.551Z] 🔵 Clinic: "muneeb"
[2026-07-03T12:44:47.561Z] 🔵 Total duration: 60
[2026-07-03T12:44:47.562Z] 🔵 Using timezone: "Asia/Karachi"
[2026-07-03T12:44:47.569Z] 🔵 Day of week: "saturday"
[2026-07-03T12:44:47.569Z] 🔵 Business hours for saturday: {"open":"09:00","close":"18:00","isOpen":true}
[2026-07-03T12:44:47.570Z] 🔵 All business hours: {"monday":{"open":"09:00","close":"23:00","isOpen":true},"tuesday":{"open":"09:00","close":"23:00","isOpen":true},"wednesday":{"open":"09:00","close":"23:00","isOpen":true},"thursday":{"open":"09:00","close":"23:00","isOpen":true},"friday":{"open":"09:00","close":"23:00","isOpen":true},"saturday":{"open":"09:00","close":"18:00","isOpen":true},"sunday":{"open":"09:00","close":"18:00","isOpen":false}}
[2026-07-03T12:44:47.572Z] ✅ Clinic is open on saturday from 09:00 to 18:00 
[2026-07-03T12:44:47.596Z] 🔵 Checking availability for 6 providers 
[2026-07-03T12:44:47.617Z] ✅ Found 17 slots for clinic: muneeb 
[2026-07-03T12:53:22.542Z] 🔵 Availability Request: {"clinicId":"4ca4e344-a7c6-473c-b3be-21b90c1ae067","serviceIds":["4776d73c-16be-4861-928e-31dc4838b441"],"providerId":null,"date":"2026-07-03"}
[2026-07-03T12:53:22.543Z] 🔵 Using date: "2026-07-03"
[2026-07-03T12:53:22.576Z] 🔵 Clinic: "muneeb"
[2026-07-03T12:53:22.585Z] 🔵 Total duration: 60
[2026-07-03T12:53:22.585Z] 🔵 Using timezone: "Asia/Karachi"
[2026-07-03T12:53:22.589Z] 🔵 Day of week: "friday"
[2026-07-03T12:53:22.590Z] 🔵 Business hours for friday: {"open":"09:00","close":"23:00","isOpen":true}
[2026-07-03T12:53:22.590Z] 🔵 All business hours: {"monday":{"open":"09:00","close":"23:00","isOpen":true},"tuesday":{"open":"09:00","close":"23:00","isOpen":true},"wednesday":{"open":"09:00","close":"23:00","isOpen":true},"thursday":{"open":"09:00","close":"23:00","isOpen":true},"friday":{"open":"09:00","close":"23:00","isOpen":true},"saturday":{"open":"09:00","close":"18:00","isOpen":true},"sunday":{"open":"09:00","close":"18:00","isOpen":false}}
[2026-07-03T12:53:22.593Z] ✅ Clinic is open on friday from 09:00 to 23:00 
[2026-07-03T12:53:22.623Z] 🔵 Checking availability for 6 providers 
[2026-07-03T12:53:22.652Z] ✅ Found 9 slots for clinic: muneeb 
[2026-07-03T13:50:57.580Z] 🔵 Availability Request: {"clinicId":"4ca4e344-a7c6-473c-b3be-21b90c1ae067","serviceIds":["24484414-7772-4f7f-8d9c-26d45503d5fc"],"providerId":null,"date":"2026-07-01"}
[2026-07-03T13:50:57.611Z] 🔵 Using date: "2026-07-01"
[2026-07-03T13:50:57.647Z] 🔵 Clinic: "muneeb"
[2026-07-03T13:50:57.652Z] 🔵 Total duration: 60
[2026-07-03T13:50:57.652Z] 🔵 Using timezone: "Asia/Karachi"
[2026-07-03T13:50:57.656Z] 🔵 Day of week: "wednesday"
[2026-07-03T13:50:57.657Z] 🔵 Business hours for wednesday: {"open":"09:00","close":"23:00","isOpen":true}
[2026-07-03T13:50:57.661Z] 🔵 All business hours: {"monday":{"open":"09:00","close":"23:00","isOpen":true},"tuesday":{"open":"09:00","close":"23:00","isOpen":true},"wednesday":{"open":"09:00","close":"23:00","isOpen":true},"thursday":{"open":"09:00","close":"23:00","isOpen":true},"friday":{"open":"09:00","close":"23:00","isOpen":true},"saturday":{"open":"09:00","close":"18:00","isOpen":true},"sunday":{"open":"09:00","close":"18:00","isOpen":false}}
[2026-07-03T13:50:57.666Z] ✅ Clinic is open on wednesday from 09:00 to 23:00 
[2026-07-03T13:50:57.696Z] 🔵 Checking availability for 6 providers 
[2026-07-03T13:50:57.721Z] ✅ Found 0 slots for clinic: muneeb 
[2026-07-03T13:51:06.800Z] 🔵 Availability Request: {"clinicId":"4ca4e344-a7c6-473c-b3be-21b90c1ae067","serviceIds":["24484414-7772-4f7f-8d9c-26d45503d5fc"],"providerId":null,"date":"2026-07-04"}
[2026-07-03T13:51:06.801Z] 🔵 Using date: "2026-07-04"
[2026-07-03T13:51:06.816Z] 🔵 Clinic: "muneeb"
[2026-07-03T13:51:06.837Z] 🔵 Total duration: 60
[2026-07-03T13:51:06.838Z] 🔵 Using timezone: "Asia/Karachi"
[2026-07-03T13:51:06.843Z] 🔵 Day of week: "saturday"
[2026-07-03T13:51:06.844Z] 🔵 Business hours for saturday: {"open":"09:00","close":"18:00","isOpen":true}
[2026-07-03T13:51:06.846Z] 🔵 All business hours: {"monday":{"open":"09:00","close":"23:00","isOpen":true},"tuesday":{"open":"09:00","close":"23:00","isOpen":true},"wednesday":{"open":"09:00","close":"23:00","isOpen":true},"thursday":{"open":"09:00","close":"23:00","isOpen":true},"friday":{"open":"09:00","close":"23:00","isOpen":true},"saturday":{"open":"09:00","close":"18:00","isOpen":true},"sunday":{"open":"09:00","close":"18:00","isOpen":false}}
[2026-07-03T13:51:06.847Z] ✅ Clinic is open on saturday from 09:00 to 18:00 
[2026-07-03T13:51:06.882Z] 🔵 Checking availability for 6 providers 
[2026-07-03T13:51:06.919Z] ✅ Found 17 slots for clinic: muneeb 
[2026-07-03T13:52:26.626Z] 🔵 Availability Request: {"clinicId":"4ca4e344-a7c6-473c-b3be-21b90c1ae067","serviceIds":["4776d73c-16be-4861-928e-31dc4838b441"],"providerId":null,"date":"2026-07-03"}
[2026-07-03T13:52:26.626Z] 🔵 Using date: "2026-07-03"
[2026-07-03T13:52:26.655Z] 🔵 Clinic: "muneeb"
[2026-07-03T13:52:26.663Z] 🔵 Total duration: 60
[2026-07-03T13:52:26.664Z] 🔵 Using timezone: "Asia/Karachi"
[2026-07-03T13:52:26.665Z] 🔵 Day of week: "friday"
[2026-07-03T13:52:26.666Z] 🔵 Business hours for friday: {"open":"09:00","close":"23:00","isOpen":true}
[2026-07-03T13:52:26.666Z] 🔵 All business hours: {"monday":{"open":"09:00","close":"23:00","isOpen":true},"tuesday":{"open":"09:00","close":"23:00","isOpen":true},"wednesday":{"open":"09:00","close":"23:00","isOpen":true},"thursday":{"open":"09:00","close":"23:00","isOpen":true},"friday":{"open":"09:00","close":"23:00","isOpen":true},"saturday":{"open":"09:00","close":"18:00","isOpen":true},"sunday":{"open":"09:00","close":"18:00","isOpen":false}}
[2026-07-03T13:52:26.667Z] ✅ Clinic is open on friday from 09:00 to 23:00 
[2026-07-03T13:52:26.703Z] 🔵 Checking availability for 6 providers 
[2026-07-03T13:52:26.753Z] ✅ Found 7 slots for clinic: muneeb 
[2026-07-03T13:56:42.162Z] 🔵 Availability Request: {"clinicId":"4ca4e344-a7c6-473c-b3be-21b90c1ae067","serviceIds":["4776d73c-16be-4861-928e-31dc4838b441"],"providerId":null,"date":"2026-07-03"}
[2026-07-03T13:56:42.196Z] 🔵 Using date: "2026-07-03"
[2026-07-03T13:56:42.631Z] 🔵 Clinic: "muneeb"
[2026-07-03T13:56:42.702Z] 🔵 Total duration: 60
[2026-07-03T13:56:42.703Z] 🔵 Using timezone: "Asia/Karachi"
[2026-07-03T13:56:42.748Z] 🔵 Day of week: "friday"
[2026-07-03T13:56:42.749Z] 🔵 Business hours for friday: {"open":"09:00","close":"23:00","isOpen":true}
[2026-07-03T13:56:42.750Z] 🔵 All business hours: {"monday":{"open":"09:00","close":"23:00","isOpen":true},"tuesday":{"open":"09:00","close":"23:00","isOpen":true},"wednesday":{"open":"09:00","close":"23:00","isOpen":true},"thursday":{"open":"09:00","close":"23:00","isOpen":true},"friday":{"open":"09:00","close":"23:00","isOpen":true},"saturday":{"open":"09:00","close":"18:00","isOpen":true},"sunday":{"open":"09:00","close":"18:00","isOpen":false}}
[2026-07-03T13:56:42.751Z] ✅ Clinic is open on friday from 09:00 to 23:00 
[2026-07-03T13:56:43.049Z] 🔵 Checking availability for 6 providers 
[2026-07-03T13:56:43.139Z] ✅ Found 7 slots for clinic: muneeb 
[2026-07-03T13:59:14.607Z] 🔵 Availability Request: {"clinicId":"4ca4e344-a7c6-473c-b3be-21b90c1ae067","serviceIds":["24484414-7772-4f7f-8d9c-26d45503d5fc"],"providerId":null,"date":"2026-07-03"}
[2026-07-03T13:59:14.608Z] 🔵 Using date: "2026-07-03"
[2026-07-03T13:59:14.644Z] 🔵 Clinic: "muneeb"
[2026-07-03T13:59:14.649Z] 🔵 Total duration: 60
[2026-07-03T13:59:14.649Z] 🔵 Using timezone: "Asia/Karachi"
[2026-07-03T13:59:14.650Z] 🔵 Day of week: "friday"
[2026-07-03T13:59:14.651Z] 🔵 Business hours for friday: {"open":"09:00","close":"23:00","isOpen":true}
[2026-07-03T13:59:14.651Z] 🔵 All business hours: {"monday":{"open":"09:00","close":"23:00","isOpen":true},"tuesday":{"open":"09:00","close":"23:00","isOpen":true},"wednesday":{"open":"09:00","close":"23:00","isOpen":true},"thursday":{"open":"09:00","close":"23:00","isOpen":true},"friday":{"open":"09:00","close":"23:00","isOpen":true},"saturday":{"open":"09:00","close":"18:00","isOpen":true},"sunday":{"open":"09:00","close":"18:00","isOpen":false}}
[2026-07-03T13:59:14.653Z] ✅ Clinic is open on friday from 09:00 to 23:00 
[2026-07-03T13:59:14.686Z] 🔵 Checking availability for 6 providers 
[2026-07-03T13:59:14.718Z] ✅ Found 7 slots for clinic: muneeb 
[2026-07-03T13:59:19.766Z] 🔵 Availability Request: {"clinicId":"4ca4e344-a7c6-473c-b3be-21b90c1ae067","serviceIds":["24484414-7772-4f7f-8d9c-26d45503d5fc"],"providerId":null,"date":"2026-07-04"}
[2026-07-03T13:59:19.767Z] 🔵 Using date: "2026-07-04"
[2026-07-03T13:59:19.787Z] 🔵 Clinic: "muneeb"
[2026-07-03T13:59:19.792Z] 🔵 Total duration: 60
[2026-07-03T13:59:19.793Z] 🔵 Using timezone: "Asia/Karachi"
[2026-07-03T13:59:19.793Z] 🔵 Day of week: "saturday"
[2026-07-03T13:59:19.794Z] 🔵 Business hours for saturday: {"open":"09:00","close":"18:00","isOpen":true}
[2026-07-03T13:59:19.794Z] 🔵 All business hours: {"monday":{"open":"09:00","close":"23:00","isOpen":true},"tuesday":{"open":"09:00","close":"23:00","isOpen":true},"wednesday":{"open":"09:00","close":"23:00","isOpen":true},"thursday":{"open":"09:00","close":"23:00","isOpen":true},"friday":{"open":"09:00","close":"23:00","isOpen":true},"saturday":{"open":"09:00","close":"18:00","isOpen":true},"sunday":{"open":"09:00","close":"18:00","isOpen":false}}
[2026-07-03T13:59:19.795Z] ✅ Clinic is open on saturday from 09:00 to 18:00 
[2026-07-03T13:59:19.817Z] 🔵 Checking availability for 6 providers 
[2026-07-03T13:59:19.838Z] ✅ Found 17 slots for clinic: muneeb 
[2026-07-03T14:01:39.492Z] 🔵 Availability Request: {"clinicId":"4ca4e344-a7c6-473c-b3be-21b90c1ae067","serviceIds":["4776d73c-16be-4861-928e-31dc4838b441"],"providerId":null,"date":"2026-07-03"}
[2026-07-03T14:01:39.492Z] 🔵 Using date: "2026-07-03"
[2026-07-03T14:01:39.541Z] 🔵 Clinic: "muneeb"
[2026-07-03T14:01:39.547Z] 🔵 Total duration: 60
[2026-07-03T14:01:39.547Z] 🔵 Using timezone: "Asia/Karachi"
[2026-07-03T14:01:39.548Z] 🔵 Day of week: "friday"
[2026-07-03T14:01:39.549Z] 🔵 Business hours for friday: {"open":"09:00","close":"23:00","isOpen":true}
[2026-07-03T14:01:39.549Z] 🔵 All business hours: {"monday":{"open":"09:00","close":"23:00","isOpen":true},"tuesday":{"open":"09:00","close":"23:00","isOpen":true},"wednesday":{"open":"09:00","close":"23:00","isOpen":true},"thursday":{"open":"09:00","close":"23:00","isOpen":true},"friday":{"open":"09:00","close":"23:00","isOpen":true},"saturday":{"open":"09:00","close":"18:00","isOpen":true},"sunday":{"open":"09:00","close":"18:00","isOpen":false}}
[2026-07-03T14:01:39.550Z] ✅ Clinic is open on friday from 09:00 to 23:00 
[2026-07-03T14:01:39.624Z] 🔵 Checking availability for 6 providers 
[2026-07-03T14:01:39.687Z] ✅ Found 6 slots for clinic: muneeb 
[2026-07-03T14:09:14.840Z] 🔵 Availability Request: {"clinicId":"4ca4e344-a7c6-473c-b3be-21b90c1ae067","serviceIds":["4776d73c-16be-4861-928e-31dc4838b441"],"providerId":null,"date":"2026-07-03"}
[2026-07-03T14:09:14.842Z] 🔵 Using date: "2026-07-03"
[2026-07-03T14:09:14.871Z] 🔵 Clinic: "muneeb"
[2026-07-03T14:09:14.879Z] 🔵 Total duration: 60
[2026-07-03T14:09:14.880Z] 🔵 Using timezone: "Asia/Karachi"
[2026-07-03T14:09:14.881Z] 🔵 Day of week: "friday"
[2026-07-03T14:09:14.884Z] 🔵 Business hours for friday: {"open":"09:00","close":"23:00","isOpen":true}
[2026-07-03T14:09:14.884Z] 🔵 All business hours: {"monday":{"open":"09:00","close":"23:00","isOpen":true},"tuesday":{"open":"09:00","close":"23:00","isOpen":true},"wednesday":{"open":"09:00","close":"23:00","isOpen":true},"thursday":{"open":"09:00","close":"23:00","isOpen":true},"friday":{"open":"09:00","close":"23:00","isOpen":true},"saturday":{"open":"09:00","close":"18:00","isOpen":true},"sunday":{"open":"09:00","close":"18:00","isOpen":false}}
[2026-07-03T14:09:14.885Z] ✅ Clinic is open on friday from 09:00 to 23:00 
[2026-07-03T14:09:14.906Z] 🔵 Checking availability for 6 providers 
[2026-07-03T14:09:14.923Z] ✅ Found 6 slots for clinic: muneeb 
[2026-07-03T14:20:26.255Z] 🔵 Availability Request: {"clinicId":"4ca4e344-a7c6-473c-b3be-21b90c1ae067","serviceIds":["4776d73c-16be-4861-928e-31dc4838b441"],"providerId":null,"date":"2026-07-03"}
[2026-07-03T14:20:26.256Z] 🔵 Using date: "2026-07-03"
[2026-07-03T14:20:26.290Z] 🔵 Clinic: "muneeb"
[2026-07-03T14:20:26.295Z] 🔵 Total duration: 60
[2026-07-03T14:20:26.296Z] 🔵 Using timezone: "Asia/Karachi"
[2026-07-03T14:20:26.297Z] 🔵 Day of week: "friday"
[2026-07-03T14:20:26.298Z] 🔵 Business hours for friday: {"open":"09:00","close":"23:00","isOpen":true}
[2026-07-03T14:20:26.301Z] 🔵 All business hours: {"monday":{"open":"09:00","close":"23:00","isOpen":true},"tuesday":{"open":"09:00","close":"23:00","isOpen":true},"wednesday":{"open":"09:00","close":"23:00","isOpen":true},"thursday":{"open":"09:00","close":"23:00","isOpen":true},"friday":{"open":"09:00","close":"23:00","isOpen":true},"saturday":{"open":"09:00","close":"18:00","isOpen":true},"sunday":{"open":"09:00","close":"18:00","isOpen":false}}
[2026-07-03T14:20:26.302Z] ✅ Clinic is open on friday from 09:00 to 23:00 
[2026-07-03T14:20:26.331Z] 🔵 Checking availability for 6 providers 
[2026-07-03T14:20:26.351Z] ✅ Found 6 slots for clinic: muneeb 
[2026-07-03T14:20:30.582Z] 🔵 Availability Request: {"clinicId":"4ca4e344-a7c6-473c-b3be-21b90c1ae067","serviceIds":["4776d73c-16be-4861-928e-31dc4838b441"],"providerId":null,"date":"2026-07-06"}
[2026-07-03T14:20:30.583Z] 🔵 Using date: "2026-07-06"
[2026-07-03T14:20:30.604Z] 🔵 Clinic: "muneeb"
[2026-07-03T14:20:30.609Z] 🔵 Total duration: 60
[2026-07-03T14:20:30.609Z] 🔵 Using timezone: "Asia/Karachi"
[2026-07-03T14:20:30.612Z] 🔵 Day of week: "monday"
[2026-07-03T14:20:30.613Z] 🔵 Business hours for monday: {"open":"09:00","close":"23:00","isOpen":true}
[2026-07-03T14:20:30.613Z] 🔵 All business hours: {"monday":{"open":"09:00","close":"23:00","isOpen":true},"tuesday":{"open":"09:00","close":"23:00","isOpen":true},"wednesday":{"open":"09:00","close":"23:00","isOpen":true},"thursday":{"open":"09:00","close":"23:00","isOpen":true},"friday":{"open":"09:00","close":"23:00","isOpen":true},"saturday":{"open":"09:00","close":"18:00","isOpen":true},"sunday":{"open":"09:00","close":"18:00","isOpen":false}}
[2026-07-03T14:20:30.614Z] ✅ Clinic is open on monday from 09:00 to 23:00 
[2026-07-03T14:20:30.672Z] 🔵 Checking availability for 6 providers 
[2026-07-03T14:20:30.726Z] ✅ Found 27 slots for clinic: muneeb 
[2026-07-03T14:21:35.285Z] 🔵 Availability Request: {"clinicId":"4ca4e344-a7c6-473c-b3be-21b90c1ae067","serviceIds":["4776d73c-16be-4861-928e-31dc4838b441"],"providerId":null,"date":"2026-07-06"}
[2026-07-03T14:21:35.286Z] 🔵 Using date: "2026-07-06"
[2026-07-03T14:21:35.615Z] 🔵 Clinic: "muneeb"
[2026-07-03T14:21:35.701Z] 🔵 Total duration: 60
[2026-07-03T14:21:35.704Z] 🔵 Using timezone: "Asia/Karachi"
[2026-07-03T14:21:35.755Z] 🔵 Day of week: "monday"
[2026-07-03T14:21:35.759Z] 🔵 Business hours for monday: {"open":"09:00","close":"23:00","isOpen":true}
[2026-07-03T14:21:35.760Z] 🔵 All business hours: {"monday":{"open":"09:00","close":"23:00","isOpen":true},"tuesday":{"open":"09:00","close":"23:00","isOpen":true},"wednesday":{"open":"09:00","close":"23:00","isOpen":true},"thursday":{"open":"09:00","close":"23:00","isOpen":true},"friday":{"open":"09:00","close":"23:00","isOpen":true},"saturday":{"open":"09:00","close":"18:00","isOpen":true},"sunday":{"open":"09:00","close":"18:00","isOpen":false}}
[2026-07-03T14:21:35.762Z] ✅ Clinic is open on monday from 09:00 to 23:00 
[2026-07-03T14:21:35.850Z] 🔵 Checking availability for 6 providers 
[2026-07-03T14:21:35.931Z] ✅ Found 27 slots for clinic: muneeb 
[2026-07-03T14:21:57.760Z] 🔵 Availability Request: {"clinicId":"4ca4e344-a7c6-473c-b3be-21b90c1ae067","serviceIds":["4776d73c-16be-4861-928e-31dc4838b441"],"providerId":null,"date":"2026-07-03"}
[2026-07-03T14:21:57.760Z] 🔵 Using date: "2026-07-03"
[2026-07-03T14:21:57.781Z] 🔵 Clinic: "muneeb"
[2026-07-03T14:21:57.787Z] 🔵 Total duration: 60
[2026-07-03T14:21:57.788Z] 🔵 Using timezone: "Asia/Karachi"
[2026-07-03T14:21:57.788Z] 🔵 Day of week: "friday"
[2026-07-03T14:21:57.789Z] 🔵 Business hours for friday: {"open":"09:00","close":"23:00","isOpen":true}
[2026-07-03T14:21:57.790Z] 🔵 All business hours: {"monday":{"open":"09:00","close":"23:00","isOpen":true},"tuesday":{"open":"09:00","close":"23:00","isOpen":true},"wednesday":{"open":"09:00","close":"23:00","isOpen":true},"thursday":{"open":"09:00","close":"23:00","isOpen":true},"friday":{"open":"09:00","close":"23:00","isOpen":true},"saturday":{"open":"09:00","close":"18:00","isOpen":true},"sunday":{"open":"09:00","close":"18:00","isOpen":false}}
[2026-07-03T14:21:57.791Z] ✅ Clinic is open on friday from 09:00 to 23:00 
[2026-07-03T14:21:57.818Z] 🔵 Checking availability for 6 providers 
[2026-07-03T14:21:57.848Z] ✅ Found 6 slots for clinic: muneeb 
[2026-07-03T14:22:01.318Z] 🔵 Availability Request: {"clinicId":"4ca4e344-a7c6-473c-b3be-21b90c1ae067","serviceIds":["4776d73c-16be-4861-928e-31dc4838b441"],"providerId":null,"date":"2026-07-06"}
[2026-07-03T14:22:01.319Z] 🔵 Using date: "2026-07-06"
[2026-07-03T14:22:01.338Z] 🔵 Clinic: "muneeb"
[2026-07-03T14:22:01.344Z] 🔵 Total duration: 60
[2026-07-03T14:22:01.344Z] 🔵 Using timezone: "Asia/Karachi"
[2026-07-03T14:22:01.345Z] 🔵 Day of week: "monday"
[2026-07-03T14:22:01.345Z] 🔵 Business hours for monday: {"open":"09:00","close":"23:00","isOpen":true}
[2026-07-03T14:22:01.346Z] 🔵 All business hours: {"monday":{"open":"09:00","close":"23:00","isOpen":true},"tuesday":{"open":"09:00","close":"23:00","isOpen":true},"wednesday":{"open":"09:00","close":"23:00","isOpen":true},"thursday":{"open":"09:00","close":"23:00","isOpen":true},"friday":{"open":"09:00","close":"23:00","isOpen":true},"saturday":{"open":"09:00","close":"18:00","isOpen":true},"sunday":{"open":"09:00","close":"18:00","isOpen":false}}
[2026-07-03T14:22:01.347Z] ✅ Clinic is open on monday from 09:00 to 23:00 
[2026-07-03T14:22:01.368Z] 🔵 Checking availability for 6 providers 
[2026-07-03T14:22:01.386Z] ✅ Found 27 slots for clinic: muneeb 
[2026-07-03T16:19:30.344Z] 🔵 Availability Request: {"clinicId":"4ca4e344-a7c6-473c-b3be-21b90c1ae067","serviceIds":["4776d73c-16be-4861-928e-31dc4838b441"],"providerId":null,"date":"2026-07-03"}
[2026-07-03T16:19:30.380Z] 🔵 Using date: "2026-07-03"
[2026-07-03T16:19:30.425Z] 🔵 Clinic: "muneeb"
[2026-07-03T16:19:30.440Z] 🔵 Total duration: 60
[2026-07-03T16:19:30.441Z] 🔵 Using timezone: "Asia/Karachi"
[2026-07-03T16:19:30.442Z] 🔵 Day of week: "friday"
[2026-07-03T16:19:30.443Z] 🔵 Business hours for friday: {"open":"09:00","close":"23:00","isOpen":true}
[2026-07-03T16:19:30.444Z] 🔵 All business hours: {"monday":{"open":"09:00","close":"23:00","isOpen":true},"tuesday":{"open":"09:00","close":"23:00","isOpen":true},"wednesday":{"open":"09:00","close":"23:00","isOpen":true},"thursday":{"open":"09:00","close":"23:00","isOpen":true},"friday":{"open":"09:00","close":"23:00","isOpen":true},"saturday":{"open":"09:00","close":"18:00","isOpen":true},"sunday":{"open":"09:00","close":"18:00","isOpen":false}}
[2026-07-03T16:19:30.446Z] ✅ Clinic is open on friday from 09:00 to 23:00 
[2026-07-03T16:19:30.510Z] 🔵 Checking availability for 6 providers 
[2026-07-03T16:19:30.542Z] ✅ Found 2 slots for clinic: muneeb 
[2026-07-03T16:19:35.956Z] 🔵 Availability Request: {"clinicId":"4ca4e344-a7c6-473c-b3be-21b90c1ae067","serviceIds":["4776d73c-16be-4861-928e-31dc4838b441"],"providerId":null,"date":"2026-07-06"}
[2026-07-03T16:19:35.956Z] 🔵 Using date: "2026-07-06"
[2026-07-03T16:19:36.082Z] 🔵 Clinic: "muneeb"
[2026-07-03T16:19:36.139Z] 🔵 Total duration: 60
[2026-07-03T16:19:36.140Z] 🔵 Using timezone: "Asia/Karachi"
[2026-07-03T16:19:36.141Z] 🔵 Day of week: "monday"
[2026-07-03T16:19:36.142Z] 🔵 Business hours for monday: {"open":"09:00","close":"23:00","isOpen":true}
[2026-07-03T16:19:36.143Z] 🔵 All business hours: {"monday":{"open":"09:00","close":"23:00","isOpen":true},"tuesday":{"open":"09:00","close":"23:00","isOpen":true},"wednesday":{"open":"09:00","close":"23:00","isOpen":true},"thursday":{"open":"09:00","close":"23:00","isOpen":true},"friday":{"open":"09:00","close":"23:00","isOpen":true},"saturday":{"open":"09:00","close":"18:00","isOpen":true},"sunday":{"open":"09:00","close":"18:00","isOpen":false}}
[2026-07-03T16:19:36.148Z] ✅ Clinic is open on monday from 09:00 to 23:00 
[2026-07-03T16:19:36.308Z] 🔵 Checking availability for 6 providers 
[2026-07-03T16:19:36.957Z] ✅ Found 27 slots for clinic: muneeb 
[2026-07-03T16:23:32.360Z] 🔵 Availability Request: {"clinicId":"4ca4e344-a7c6-473c-b3be-21b90c1ae067","serviceIds":["4776d73c-16be-4861-928e-31dc4838b441"],"providerId":null,"date":"2026-07-03"}
[2026-07-03T16:23:32.364Z] 🔵 Using date: "2026-07-03"
[2026-07-03T16:23:32.482Z] 🔵 Clinic: "muneeb"
[2026-07-03T16:23:32.497Z] 🔵 Total duration: 60
[2026-07-03T16:23:32.498Z] 🔵 Using timezone: "Asia/Karachi"
[2026-07-03T16:23:32.499Z] 🔵 Day of week: "friday"
[2026-07-03T16:23:32.499Z] 🔵 Business hours for friday: {"open":"09:00","close":"23:00","isOpen":true}
[2026-07-03T16:23:32.502Z] 🔵 All business hours: {"monday":{"open":"09:00","close":"23:00","isOpen":true},"tuesday":{"open":"09:00","close":"23:00","isOpen":true},"wednesday":{"open":"09:00","close":"23:00","isOpen":true},"thursday":{"open":"09:00","close":"23:00","isOpen":true},"friday":{"open":"09:00","close":"23:00","isOpen":true},"saturday":{"open":"09:00","close":"18:00","isOpen":true},"sunday":{"open":"09:00","close":"18:00","isOpen":false}}
[2026-07-03T16:23:32.503Z] ✅ Clinic is open on friday from 09:00 to 23:00 
[2026-07-03T16:23:32.557Z] 🔵 Checking availability for 6 providers 
[2026-07-03T16:23:32.578Z] ✅ Found 2 slots for clinic: muneeb 
[2026-07-03T16:23:37.627Z] 🔵 Availability Request: {"clinicId":"4ca4e344-a7c6-473c-b3be-21b90c1ae067","serviceIds":["4776d73c-16be-4861-928e-31dc4838b441"],"providerId":null,"date":"2026-07-06"}
[2026-07-03T16:23:37.630Z] 🔵 Using date: "2026-07-06"
[2026-07-03T16:23:37.687Z] 🔵 Clinic: "muneeb"
[2026-07-03T16:23:37.711Z] 🔵 Total duration: 60
[2026-07-03T16:23:37.712Z] 🔵 Using timezone: "Asia/Karachi"
[2026-07-03T16:23:37.713Z] 🔵 Day of week: "monday"
[2026-07-03T16:23:37.714Z] 🔵 Business hours for monday: {"open":"09:00","close":"23:00","isOpen":true}
[2026-07-03T16:23:37.714Z] 🔵 All business hours: {"monday":{"open":"09:00","close":"23:00","isOpen":true},"tuesday":{"open":"09:00","close":"23:00","isOpen":true},"wednesday":{"open":"09:00","close":"23:00","isOpen":true},"thursday":{"open":"09:00","close":"23:00","isOpen":true},"friday":{"open":"09:00","close":"23:00","isOpen":true},"saturday":{"open":"09:00","close":"18:00","isOpen":true},"sunday":{"open":"09:00","close":"18:00","isOpen":false}}
[2026-07-03T16:23:37.721Z] ✅ Clinic is open on monday from 09:00 to 23:00 
[2026-07-03T16:23:37.742Z] 🔵 Checking availability for 6 providers 
[2026-07-03T16:23:37.771Z] ✅ Found 27 slots for clinic: muneeb 
[2026-07-03T16:27:42.449Z] 🔵 Availability Request: {"clinicId":"4ca4e344-a7c6-473c-b3be-21b90c1ae067","serviceIds":["24484414-7772-4f7f-8d9c-26d45503d5fc"],"providerId":null,"date":"2026-07-03"}
[2026-07-03T16:27:42.450Z] 🔵 Using date: "2026-07-03"
[2026-07-03T16:27:42.486Z] 🔵 Clinic: "muneeb"
[2026-07-03T16:27:42.500Z] 🔵 Total duration: 60
[2026-07-03T16:27:42.501Z] 🔵 Using timezone: "Asia/Karachi"
[2026-07-03T16:27:42.502Z] 🔵 Day of week: "friday"
[2026-07-03T16:27:42.503Z] 🔵 Business hours for friday: {"open":"09:00","close":"23:00","isOpen":true}
[2026-07-03T16:27:42.510Z] 🔵 All business hours: {"monday":{"open":"09:00","close":"23:00","isOpen":true},"tuesday":{"open":"09:00","close":"23:00","isOpen":true},"wednesday":{"open":"09:00","close":"23:00","isOpen":true},"thursday":{"open":"09:00","close":"23:00","isOpen":true},"friday":{"open":"09:00","close":"23:00","isOpen":true},"saturday":{"open":"09:00","close":"18:00","isOpen":true},"sunday":{"open":"09:00","close":"18:00","isOpen":false}}
[2026-07-03T16:27:42.513Z] ✅ Clinic is open on friday from 09:00 to 23:00 
[2026-07-03T16:27:42.563Z] 🔵 Checking availability for 6 providers 
[2026-07-03T16:27:42.597Z] ✅ Found 2 slots for clinic: muneeb 
[2026-07-03T16:27:47.386Z] 🔵 Availability Request: {"clinicId":"4ca4e344-a7c6-473c-b3be-21b90c1ae067","serviceIds":["24484414-7772-4f7f-8d9c-26d45503d5fc"],"providerId":null,"date":"2026-07-06"}
[2026-07-03T16:27:47.387Z] 🔵 Using date: "2026-07-06"
[2026-07-03T16:27:47.407Z] 🔵 Clinic: "muneeb"
[2026-07-03T16:27:47.413Z] 🔵 Total duration: 60
[2026-07-03T16:27:47.414Z] 🔵 Using timezone: "Asia/Karachi"
[2026-07-03T16:27:47.415Z] 🔵 Day of week: "monday"
[2026-07-03T16:27:47.416Z] 🔵 Business hours for monday: {"open":"09:00","close":"23:00","isOpen":true}
[2026-07-03T16:27:47.417Z] 🔵 All business hours: {"monday":{"open":"09:00","close":"23:00","isOpen":true},"tuesday":{"open":"09:00","close":"23:00","isOpen":true},"wednesday":{"open":"09:00","close":"23:00","isOpen":true},"thursday":{"open":"09:00","close":"23:00","isOpen":true},"friday":{"open":"09:00","close":"23:00","isOpen":true},"saturday":{"open":"09:00","close":"18:00","isOpen":true},"sunday":{"open":"09:00","close":"18:00","isOpen":false}}
[2026-07-03T16:27:47.418Z] ✅ Clinic is open on monday from 09:00 to 23:00 
[2026-07-03T16:27:47.446Z] 🔵 Checking availability for 6 providers 
[2026-07-03T16:27:47.492Z] ✅ Found 27 slots for clinic: muneeb 
[2026-07-03T16:34:24.166Z] 🔵 Availability Request: {"clinicId":"4ca4e344-a7c6-473c-b3be-21b90c1ae067","serviceIds":["24484414-7772-4f7f-8d9c-26d45503d5fc"],"providerId":null,"date":"2026-07-03"}
[2026-07-03T16:34:24.430Z] 🔵 Using date: "2026-07-03"
[2026-07-03T16:34:24.452Z] 🔵 Clinic: "muneeb"
[2026-07-03T16:34:24.465Z] 🔵 Total duration: 60
[2026-07-03T16:34:24.466Z] 🔵 Using timezone: "Asia/Karachi"
[2026-07-03T16:34:24.474Z] 🔵 Day of week: "friday"
[2026-07-03T16:34:24.531Z] 🔵 Business hours for friday: {"open":"09:00","close":"23:00","isOpen":true}
[2026-07-03T16:34:24.531Z] 🔵 All business hours: {"monday":{"open":"09:00","close":"23:00","isOpen":true},"tuesday":{"open":"09:00","close":"23:00","isOpen":true},"wednesday":{"open":"09:00","close":"23:00","isOpen":true},"thursday":{"open":"09:00","close":"23:00","isOpen":true},"friday":{"open":"09:00","close":"23:00","isOpen":true},"saturday":{"open":"09:00","close":"18:00","isOpen":true},"sunday":{"open":"09:00","close":"18:00","isOpen":false}}
[2026-07-03T16:34:24.532Z] ✅ Clinic is open on friday from 09:00 to 23:00 
[2026-07-03T16:34:24.568Z] 🔵 Checking availability for 6 providers 
[2026-07-03T16:34:24.589Z] ✅ Found 1 slots for clinic: muneeb 
[2026-07-03T16:34:29.764Z] 🔵 Availability Request: {"clinicId":"4ca4e344-a7c6-473c-b3be-21b90c1ae067","serviceIds":["24484414-7772-4f7f-8d9c-26d45503d5fc"],"providerId":null,"date":"2026-07-07"}
[2026-07-03T16:34:29.765Z] 🔵 Using date: "2026-07-07"
[2026-07-03T16:34:29.789Z] 🔵 Clinic: "muneeb"
[2026-07-03T16:34:29.796Z] 🔵 Total duration: 60
[2026-07-03T16:34:29.797Z] 🔵 Using timezone: "Asia/Karachi"
[2026-07-03T16:34:29.798Z] 🔵 Day of week: "tuesday"
[2026-07-03T16:34:29.798Z] 🔵 Business hours for tuesday: {"open":"09:00","close":"23:00","isOpen":true}
[2026-07-03T16:34:29.799Z] 🔵 All business hours: {"monday":{"open":"09:00","close":"23:00","isOpen":true},"tuesday":{"open":"09:00","close":"23:00","isOpen":true},"wednesday":{"open":"09:00","close":"23:00","isOpen":true},"thursday":{"open":"09:00","close":"23:00","isOpen":true},"friday":{"open":"09:00","close":"23:00","isOpen":true},"saturday":{"open":"09:00","close":"18:00","isOpen":true},"sunday":{"open":"09:00","close":"18:00","isOpen":false}}
[2026-07-03T16:34:29.801Z] ✅ Clinic is open on tuesday from 09:00 to 23:00 
[2026-07-03T16:34:29.830Z] 🔵 Checking availability for 6 providers 
[2026-07-03T16:34:29.878Z] ✅ Found 27 slots for clinic: muneeb 
[2026-07-03T17:20:12.283Z] 🔵 Availability Request: {"clinicId":"4ca4e344-a7c6-473c-b3be-21b90c1ae067","serviceIds":["24484414-7772-4f7f-8d9c-26d45503d5fc"],"providerId":null,"date":"2026-07-03"}
[2026-07-03T17:20:12.548Z] 🔵 Using date: "2026-07-03"
[2026-07-03T17:20:12.591Z] 🔵 Clinic: "muneeb"
[2026-07-03T17:20:12.600Z] 🔵 Total duration: 60
[2026-07-03T17:20:12.604Z] 🔵 Using timezone: "Asia/Karachi"
[2026-07-03T17:20:12.608Z] 🔵 Day of week: "friday"
[2026-07-03T17:20:12.608Z] 🔵 Business hours for friday: {"open":"09:00","close":"23:00","isOpen":true}
[2026-07-03T17:20:12.609Z] 🔵 All business hours: {"monday":{"open":"09:00","close":"23:00","isOpen":true},"tuesday":{"open":"09:00","close":"23:00","isOpen":true},"wednesday":{"open":"09:00","close":"23:00","isOpen":true},"thursday":{"open":"09:00","close":"23:00","isOpen":true},"friday":{"open":"09:00","close":"23:00","isOpen":true},"saturday":{"open":"09:00","close":"18:00","isOpen":true},"sunday":{"open":"09:00","close":"18:00","isOpen":false}}
[2026-07-03T17:20:12.610Z] ✅ Clinic is open on friday from 09:00 to 23:00 
[2026-07-03T17:20:12.650Z] 🔵 Checking availability for 6 providers 
[2026-07-03T17:20:12.680Z] ✅ Found 0 slots for clinic: muneeb 
[2026-07-03T17:20:16.570Z] 🔵 Availability Request: {"clinicId":"4ca4e344-a7c6-473c-b3be-21b90c1ae067","serviceIds":["24484414-7772-4f7f-8d9c-26d45503d5fc"],"providerId":null,"date":"2026-07-08"}
[2026-07-03T17:20:16.572Z] 🔵 Using date: "2026-07-08"
[2026-07-03T17:20:16.617Z] 🔵 Clinic: "muneeb"
[2026-07-03T17:20:16.631Z] 🔵 Total duration: 60
[2026-07-03T17:20:16.631Z] 🔵 Using timezone: "Asia/Karachi"
[2026-07-03T17:20:16.637Z] 🔵 Day of week: "wednesday"
[2026-07-03T17:20:16.638Z] 🔵 Business hours for wednesday: {"open":"09:00","close":"23:00","isOpen":true}
[2026-07-03T17:20:16.638Z] 🔵 All business hours: {"monday":{"open":"09:00","close":"23:00","isOpen":true},"tuesday":{"open":"09:00","close":"23:00","isOpen":true},"wednesday":{"open":"09:00","close":"23:00","isOpen":true},"thursday":{"open":"09:00","close":"23:00","isOpen":true},"friday":{"open":"09:00","close":"23:00","isOpen":true},"saturday":{"open":"09:00","close":"18:00","isOpen":true},"sunday":{"open":"09:00","close":"18:00","isOpen":false}}
[2026-07-03T17:20:16.639Z] ✅ Clinic is open on wednesday from 09:00 to 23:00 
[2026-07-03T17:20:16.681Z] 🔵 Checking availability for 6 providers 
[2026-07-03T17:20:16.750Z] ✅ Found 27 slots for clinic: muneeb 
[2026-07-03T17:24:59.886Z] 🔵 Availability Request: {"clinicId":"4ca4e344-a7c6-473c-b3be-21b90c1ae067","serviceIds":["4776d73c-16be-4861-928e-31dc4838b441"],"providerId":null,"date":"2026-07-03"}
[2026-07-03T17:24:59.903Z] 🔵 Using date: "2026-07-03"
[2026-07-03T17:24:59.941Z] 🔵 Clinic: "muneeb"
[2026-07-03T17:24:59.948Z] 🔵 Total duration: 60
[2026-07-03T17:24:59.949Z] 🔵 Using timezone: "Asia/Karachi"
[2026-07-03T17:24:59.950Z] 🔵 Day of week: "friday"
[2026-07-03T17:24:59.951Z] 🔵 Business hours for friday: {"open":"09:00","close":"23:00","isOpen":true}
[2026-07-03T17:24:59.952Z] 🔵 All business hours: {"monday":{"open":"09:00","close":"23:00","isOpen":true},"tuesday":{"open":"09:00","close":"23:00","isOpen":true},"wednesday":{"open":"09:00","close":"23:00","isOpen":true},"thursday":{"open":"09:00","close":"23:00","isOpen":true},"friday":{"open":"09:00","close":"23:00","isOpen":true},"saturday":{"open":"09:00","close":"18:00","isOpen":true},"sunday":{"open":"09:00","close":"18:00","isOpen":false}}
[2026-07-03T17:24:59.953Z] ✅ Clinic is open on friday from 09:00 to 23:00 
[2026-07-03T17:25:00.001Z] 🔵 Checking availability for 6 providers 
[2026-07-03T17:25:00.062Z] ✅ Found 0 slots for clinic: muneeb 
[2026-07-03T17:25:03.919Z] 🔵 Availability Request: {"clinicId":"4ca4e344-a7c6-473c-b3be-21b90c1ae067","serviceIds":["4776d73c-16be-4861-928e-31dc4838b441"],"providerId":null,"date":"2026-07-16"}
[2026-07-03T17:25:03.920Z] 🔵 Using date: "2026-07-16"
[2026-07-03T17:25:03.966Z] 🔵 Clinic: "muneeb"
[2026-07-03T17:25:03.978Z] 🔵 Total duration: 60
[2026-07-03T17:25:03.979Z] 🔵 Using timezone: "Asia/Karachi"
[2026-07-03T17:25:03.984Z] 🔵 Day of week: "thursday"
[2026-07-03T17:25:03.984Z] 🔵 Business hours for thursday: {"open":"09:00","close":"23:00","isOpen":true}
[2026-07-03T17:25:03.986Z] 🔵 All business hours: {"monday":{"open":"09:00","close":"23:00","isOpen":true},"tuesday":{"open":"09:00","close":"23:00","isOpen":true},"wednesday":{"open":"09:00","close":"23:00","isOpen":true},"thursday":{"open":"09:00","close":"23:00","isOpen":true},"friday":{"open":"09:00","close":"23:00","isOpen":true},"saturday":{"open":"09:00","close":"18:00","isOpen":true},"sunday":{"open":"09:00","close":"18:00","isOpen":false}}
[2026-07-03T17:25:03.987Z] ✅ Clinic is open on thursday from 09:00 to 23:00 
[2026-07-03T17:25:04.025Z] 🔵 Checking availability for 6 providers 
[2026-07-03T17:25:04.077Z] ✅ Found 27 slots for clinic: muneeb 
[2026-07-03T17:34:24.930Z] 🔵 Availability Request: {"clinicId":"4ca4e344-a7c6-473c-b3be-21b90c1ae067","serviceIds":["4776d73c-16be-4861-928e-31dc4838b441"],"providerId":null,"date":"2026-07-03"}
[2026-07-03T17:34:24.951Z] 🔵 Using date: "2026-07-03"
[2026-07-03T17:34:24.996Z] 🔵 Clinic: "muneeb"
[2026-07-03T17:34:25.007Z] 🔵 Total duration: 60
[2026-07-03T17:34:25.008Z] 🔵 Using timezone: "Asia/Karachi"
[2026-07-03T17:34:25.009Z] 🔵 Day of week: "friday"
[2026-07-03T17:34:25.009Z] 🔵 Business hours for friday: {"open":"09:00","close":"23:00","isOpen":true}
[2026-07-03T17:34:25.010Z] 🔵 All business hours: {"monday":{"open":"09:00","close":"23:00","isOpen":true},"tuesday":{"open":"09:00","close":"23:00","isOpen":true},"wednesday":{"open":"09:00","close":"23:00","isOpen":true},"thursday":{"open":"09:00","close":"23:00","isOpen":true},"friday":{"open":"09:00","close":"23:00","isOpen":true},"saturday":{"open":"09:00","close":"18:00","isOpen":true},"sunday":{"open":"09:00","close":"18:00","isOpen":false}}
[2026-07-03T17:34:25.016Z] ✅ Clinic is open on friday from 09:00 to 23:00 
[2026-07-03T17:34:25.097Z] 🔵 Checking availability for 6 providers 
[2026-07-03T17:34:25.133Z] ✅ Found 0 slots for clinic: muneeb 
[2026-07-03T17:34:28.144Z] 🔵 Availability Request: {"clinicId":"4ca4e344-a7c6-473c-b3be-21b90c1ae067","serviceIds":["4776d73c-16be-4861-928e-31dc4838b441"],"providerId":null,"date":"2026-07-17"}
[2026-07-03T17:34:28.146Z] 🔵 Using date: "2026-07-17"
[2026-07-03T17:34:28.173Z] 🔵 Clinic: "muneeb"
[2026-07-03T17:34:28.185Z] 🔵 Total duration: 60
[2026-07-03T17:34:28.185Z] 🔵 Using timezone: "Asia/Karachi"
[2026-07-03T17:34:28.186Z] 🔵 Day of week: "friday"
[2026-07-03T17:34:28.187Z] 🔵 Business hours for friday: {"open":"09:00","close":"23:00","isOpen":true}
[2026-07-03T17:34:28.187Z] 🔵 All business hours: {"monday":{"open":"09:00","close":"23:00","isOpen":true},"tuesday":{"open":"09:00","close":"23:00","isOpen":true},"wednesday":{"open":"09:00","close":"23:00","isOpen":true},"thursday":{"open":"09:00","close":"23:00","isOpen":true},"friday":{"open":"09:00","close":"23:00","isOpen":true},"saturday":{"open":"09:00","close":"18:00","isOpen":true},"sunday":{"open":"09:00","close":"18:00","isOpen":false}}
[2026-07-03T17:34:28.189Z] ✅ Clinic is open on friday from 09:00 to 23:00 
[2026-07-03T17:34:28.219Z] 🔵 Checking availability for 6 providers 
[2026-07-03T17:34:28.285Z] ✅ Found 27 slots for clinic: muneeb 
[2026-07-04T05:19:57.972Z] 🔵 Availability Request: {"clinicId":"4ca4e344-a7c6-473c-b3be-21b90c1ae067","serviceIds":["4776d73c-16be-4861-928e-31dc4838b441"],"providerId":null,"date":"2026-07-04"}
[2026-07-04T05:19:58.265Z] 🔵 Using date: "2026-07-04"
[2026-07-04T05:19:58.344Z] 🔵 Clinic: "muneeb"
[2026-07-04T05:19:58.350Z] 🔵 Total duration: 60
[2026-07-04T05:19:58.350Z] 🔵 Using timezone: "Asia/Karachi"
[2026-07-04T05:19:58.351Z] 🔵 Day of week: "saturday"
[2026-07-04T05:19:58.352Z] 🔵 Business hours for saturday: {"open":"09:00","close":"18:00","isOpen":true}
[2026-07-04T05:19:58.353Z] 🔵 All business hours: {"monday":{"open":"09:00","close":"23:00","isOpen":true},"tuesday":{"open":"09:00","close":"23:00","isOpen":true},"wednesday":{"open":"09:00","close":"23:00","isOpen":true},"thursday":{"open":"09:00","close":"23:00","isOpen":true},"friday":{"open":"09:00","close":"23:00","isOpen":true},"saturday":{"open":"09:00","close":"18:00","isOpen":true},"sunday":{"open":"09:00","close":"18:00","isOpen":false}}
[2026-07-04T05:19:58.354Z] ✅ Clinic is open on saturday from 09:00 to 18:00 
[2026-07-04T05:19:58.378Z] 🔵 Checking availability for 6 providers 
[2026-07-04T05:19:58.406Z] ✅ Found 14 slots for clinic: muneeb 
[2026-07-04T05:20:08.267Z] 🔵 Availability Request: {"clinicId":"4ca4e344-a7c6-473c-b3be-21b90c1ae067","serviceIds":["4776d73c-16be-4861-928e-31dc4838b441"],"providerId":null,"date":"2026-07-08"}
[2026-07-04T05:20:08.267Z] 🔵 Using date: "2026-07-08"
[2026-07-04T05:20:08.283Z] 🔵 Clinic: "muneeb"
[2026-07-04T05:20:08.289Z] 🔵 Total duration: 60
[2026-07-04T05:20:08.290Z] 🔵 Using timezone: "Asia/Karachi"
[2026-07-04T05:20:08.291Z] 🔵 Day of week: "wednesday"
[2026-07-04T05:20:08.292Z] 🔵 Business hours for wednesday: {"open":"09:00","close":"23:00","isOpen":true}
[2026-07-04T05:20:08.292Z] 🔵 All business hours: {"monday":{"open":"09:00","close":"23:00","isOpen":true},"tuesday":{"open":"09:00","close":"23:00","isOpen":true},"wednesday":{"open":"09:00","close":"23:00","isOpen":true},"thursday":{"open":"09:00","close":"23:00","isOpen":true},"friday":{"open":"09:00","close":"23:00","isOpen":true},"saturday":{"open":"09:00","close":"18:00","isOpen":true},"sunday":{"open":"09:00","close":"18:00","isOpen":false}}
[2026-07-04T05:20:08.293Z] ✅ Clinic is open on wednesday from 09:00 to 23:00 
[2026-07-04T05:20:08.312Z] 🔵 Checking availability for 6 providers 
[2026-07-04T05:20:08.333Z] ✅ Found 27 slots for clinic: muneeb 
[2026-07-04T05:24:02.026Z] 🔵 Availability Request: {"clinicId":"4ca4e344-a7c6-473c-b3be-21b90c1ae067","serviceIds":["4776d73c-16be-4861-928e-31dc4838b441"],"providerId":null,"date":"2026-07-04"}
[2026-07-04T05:24:02.028Z] 🔵 Using date: "2026-07-04"
[2026-07-04T05:24:02.051Z] 🔵 Clinic: "muneeb"
[2026-07-04T05:24:02.056Z] 🔵 Total duration: 60
[2026-07-04T05:24:02.056Z] 🔵 Using timezone: "Asia/Karachi"
[2026-07-04T05:24:02.058Z] 🔵 Day of week: "saturday"
[2026-07-04T05:24:02.059Z] 🔵 Business hours for saturday: {"open":"09:00","close":"18:00","isOpen":true}
[2026-07-04T05:24:02.060Z] 🔵 All business hours: {"monday":{"open":"09:00","close":"23:00","isOpen":true},"tuesday":{"open":"09:00","close":"23:00","isOpen":true},"wednesday":{"open":"09:00","close":"23:00","isOpen":true},"thursday":{"open":"09:00","close":"23:00","isOpen":true},"friday":{"open":"09:00","close":"23:00","isOpen":true},"saturday":{"open":"09:00","close":"18:00","isOpen":true},"sunday":{"open":"09:00","close":"18:00","isOpen":false}}
[2026-07-04T05:24:02.064Z] ✅ Clinic is open on saturday from 09:00 to 18:00 
[2026-07-04T05:24:02.086Z] 🔵 Checking availability for 6 providers 
[2026-07-04T05:24:02.104Z] ✅ Found 14 slots for clinic: muneeb 
[2026-07-04T05:24:13.069Z] 🔵 Availability Request: {"clinicId":"4ca4e344-a7c6-473c-b3be-21b90c1ae067","serviceIds":["4776d73c-16be-4861-928e-31dc4838b441"],"providerId":null,"date":"2026-07-09"}
[2026-07-04T05:24:13.070Z] 🔵 Using date: "2026-07-09"
[2026-07-04T05:24:13.150Z] 🔵 Clinic: "muneeb"
[2026-07-04T05:24:13.171Z] 🔵 Total duration: 60
[2026-07-04T05:24:13.171Z] 🔵 Using timezone: "Asia/Karachi"
[2026-07-04T05:24:13.172Z] 🔵 Day of week: "thursday"
[2026-07-04T05:24:13.172Z] 🔵 Business hours for thursday: {"open":"09:00","close":"23:00","isOpen":true}
[2026-07-04T05:24:13.172Z] 🔵 All business hours: {"monday":{"open":"09:00","close":"23:00","isOpen":true},"tuesday":{"open":"09:00","close":"23:00","isOpen":true},"wednesday":{"open":"09:00","close":"23:00","isOpen":true},"thursday":{"open":"09:00","close":"23:00","isOpen":true},"friday":{"open":"09:00","close":"23:00","isOpen":true},"saturday":{"open":"09:00","close":"18:00","isOpen":true},"sunday":{"open":"09:00","close":"18:00","isOpen":false}}
[2026-07-04T05:24:13.173Z] ✅ Clinic is open on thursday from 09:00 to 23:00 
[2026-07-04T05:24:13.209Z] 🔵 Checking availability for 6 providers 
[2026-07-04T05:24:13.234Z] ✅ Found 27 slots for clinic: muneeb 
[2026-07-04T05:31:46.359Z] 🔵 Availability Request: {"clinicId":"4ca4e344-a7c6-473c-b3be-21b90c1ae067","serviceIds":["4776d73c-16be-4861-928e-31dc4838b441"],"providerId":null,"date":"2026-07-04"}
[2026-07-04T05:31:46.361Z] 🔵 Using date: "2026-07-04"
[2026-07-04T05:31:46.408Z] 🔵 Clinic: "muneeb"
[2026-07-04T05:31:46.427Z] 🔵 Total duration: 60
[2026-07-04T05:31:46.427Z] 🔵 Using timezone: "Asia/Karachi"
[2026-07-04T05:31:46.431Z] 🔵 Day of week: "saturday"
[2026-07-04T05:31:46.431Z] 🔵 Business hours for saturday: {"open":"09:00","close":"18:00","isOpen":true}
[2026-07-04T05:31:46.432Z] 🔵 All business hours: {"monday":{"open":"09:00","close":"23:00","isOpen":true},"tuesday":{"open":"09:00","close":"23:00","isOpen":true},"wednesday":{"open":"09:00","close":"23:00","isOpen":true},"thursday":{"open":"09:00","close":"23:00","isOpen":true},"friday":{"open":"09:00","close":"23:00","isOpen":true},"saturday":{"open":"09:00","close":"18:00","isOpen":true},"sunday":{"open":"09:00","close":"18:00","isOpen":false}}
[2026-07-04T05:31:46.433Z] ✅ Clinic is open on saturday from 09:00 to 18:00 
[2026-07-04T05:31:46.466Z] 🔵 Checking availability for 6 providers 
[2026-07-04T05:31:46.485Z] ✅ Found 13 slots for clinic: muneeb 
[2026-07-04T05:32:54.284Z] 🔵 Availability Request: {"clinicId":"4ca4e344-a7c6-473c-b3be-21b90c1ae067","serviceIds":["4776d73c-16be-4861-928e-31dc4838b441"],"providerId":null,"date":"2026-07-04"}
[2026-07-04T05:32:54.286Z] 🔵 Using date: "2026-07-04"
[2026-07-04T05:32:54.313Z] 🔵 Clinic: "muneeb"
[2026-07-04T05:32:54.317Z] 🔵 Total duration: 60
[2026-07-04T05:32:54.318Z] 🔵 Using timezone: "Asia/Karachi"
[2026-07-04T05:32:54.319Z] 🔵 Day of week: "saturday"
[2026-07-04T05:32:54.320Z] 🔵 Business hours for saturday: {"open":"09:00","close":"18:00","isOpen":true}
[2026-07-04T05:32:54.320Z] 🔵 All business hours: {"monday":{"open":"09:00","close":"23:00","isOpen":true},"tuesday":{"open":"09:00","close":"23:00","isOpen":true},"wednesday":{"open":"09:00","close":"23:00","isOpen":true},"thursday":{"open":"09:00","close":"23:00","isOpen":true},"friday":{"open":"09:00","close":"23:00","isOpen":true},"saturday":{"open":"09:00","close":"18:00","isOpen":true},"sunday":{"open":"09:00","close":"18:00","isOpen":false}}
[2026-07-04T05:32:54.321Z] ✅ Clinic is open on saturday from 09:00 to 18:00 
[2026-07-04T05:32:54.352Z] 🔵 Checking availability for 6 providers 
[2026-07-04T05:32:54.393Z] ✅ Found 13 slots for clinic: muneeb 
[2026-07-04T05:33:00.874Z] 🔵 Availability Request: {"clinicId":"4ca4e344-a7c6-473c-b3be-21b90c1ae067","serviceIds":["4776d73c-16be-4861-928e-31dc4838b441"],"providerId":null,"date":"2026-07-10"}
[2026-07-04T05:33:00.875Z] 🔵 Using date: "2026-07-10"
[2026-07-04T05:33:00.907Z] 🔵 Clinic: "muneeb"
[2026-07-04T05:33:00.911Z] 🔵 Total duration: 60
[2026-07-04T05:33:00.912Z] 🔵 Using timezone: "Asia/Karachi"
[2026-07-04T05:33:00.915Z] 🔵 Day of week: "friday"
[2026-07-04T05:33:00.915Z] 🔵 Business hours for friday: {"open":"09:00","close":"23:00","isOpen":true}
[2026-07-04T05:33:00.924Z] 🔵 All business hours: {"monday":{"open":"09:00","close":"23:00","isOpen":true},"tuesday":{"open":"09:00","close":"23:00","isOpen":true},"wednesday":{"open":"09:00","close":"23:00","isOpen":true},"thursday":{"open":"09:00","close":"23:00","isOpen":true},"friday":{"open":"09:00","close":"23:00","isOpen":true},"saturday":{"open":"09:00","close":"18:00","isOpen":true},"sunday":{"open":"09:00","close":"18:00","isOpen":false}}
[2026-07-04T05:33:00.925Z] ✅ Clinic is open on friday from 09:00 to 23:00 
[2026-07-04T05:33:00.962Z] 🔵 Checking availability for 6 providers 
[2026-07-04T05:33:00.996Z] ✅ Found 27 slots for clinic: muneeb 
[2026-07-04T05:39:44.689Z] 🔵 Availability Request: {"clinicId":"4ca4e344-a7c6-473c-b3be-21b90c1ae067","serviceIds":["4776d73c-16be-4861-928e-31dc4838b441"],"providerId":null,"date":"2026-07-04"}
[2026-07-04T05:39:44.690Z] 🔵 Using date: "2026-07-04"
[2026-07-04T05:39:44.717Z] 🔵 Clinic: "muneeb"
[2026-07-04T05:39:44.724Z] 🔵 Total duration: 60
[2026-07-04T05:39:44.725Z] 🔵 Using timezone: "Asia/Karachi"
[2026-07-04T05:39:44.727Z] 🔵 Day of week: "saturday"
[2026-07-04T05:39:44.728Z] 🔵 Business hours for saturday: {"open":"09:00","close":"18:00","isOpen":true}
[2026-07-04T05:39:44.728Z] 🔵 All business hours: {"monday":{"open":"09:00","close":"23:00","isOpen":true},"tuesday":{"open":"09:00","close":"23:00","isOpen":true},"wednesday":{"open":"09:00","close":"23:00","isOpen":true},"thursday":{"open":"09:00","close":"23:00","isOpen":true},"friday":{"open":"09:00","close":"23:00","isOpen":true},"saturday":{"open":"09:00","close":"18:00","isOpen":true},"sunday":{"open":"09:00","close":"18:00","isOpen":false}}
[2026-07-04T05:39:44.729Z] ✅ Clinic is open on saturday from 09:00 to 18:00 
[2026-07-04T05:39:44.752Z] 🔵 Checking availability for 6 providers 
[2026-07-04T05:39:44.774Z] ✅ Found 13 slots for clinic: muneeb 
[2026-07-04T05:39:50.524Z] 🔵 Availability Request: {"clinicId":"4ca4e344-a7c6-473c-b3be-21b90c1ae067","serviceIds":["4776d73c-16be-4861-928e-31dc4838b441"],"providerId":null,"date":"2026-07-11"}
[2026-07-04T05:39:50.525Z] 🔵 Using date: "2026-07-11"
[2026-07-04T05:39:50.542Z] 🔵 Clinic: "muneeb"
[2026-07-04T05:39:50.547Z] 🔵 Total duration: 60
[2026-07-04T05:39:50.549Z] 🔵 Using timezone: "Asia/Karachi"
[2026-07-04T05:39:50.550Z] 🔵 Day of week: "saturday"
[2026-07-04T05:39:50.551Z] 🔵 Business hours for saturday: {"open":"09:00","close":"18:00","isOpen":true}
[2026-07-04T05:39:50.551Z] 🔵 All business hours: {"monday":{"open":"09:00","close":"23:00","isOpen":true},"tuesday":{"open":"09:00","close":"23:00","isOpen":true},"wednesday":{"open":"09:00","close":"23:00","isOpen":true},"thursday":{"open":"09:00","close":"23:00","isOpen":true},"friday":{"open":"09:00","close":"23:00","isOpen":true},"saturday":{"open":"09:00","close":"18:00","isOpen":true},"sunday":{"open":"09:00","close":"18:00","isOpen":false}}
[2026-07-04T05:39:50.552Z] ✅ Clinic is open on saturday from 09:00 to 18:00 
[2026-07-04T05:39:50.572Z] 🔵 Checking availability for 6 providers 
[2026-07-04T05:39:50.587Z] ✅ Found 17 slots for clinic: muneeb 
[2026-07-04T05:40:36.883Z] 🔵 Availability Request: {"clinicId":"4ca4e344-a7c6-473c-b3be-21b90c1ae067","serviceIds":["4776d73c-16be-4861-928e-31dc4838b441"],"providerId":null,"date":"2026-07-04"}
[2026-07-04T05:40:36.884Z] 🔵 Using date: "2026-07-04"
[2026-07-04T05:40:36.921Z] 🔵 Clinic: "muneeb"
[2026-07-04T05:40:36.925Z] 🔵 Total duration: 60
[2026-07-04T05:40:36.926Z] 🔵 Using timezone: "Asia/Karachi"
[2026-07-04T05:40:36.927Z] 🔵 Day of week: "saturday"
[2026-07-04T05:40:36.927Z] 🔵 Business hours for saturday: {"open":"09:00","close":"18:00","isOpen":true}
[2026-07-04T05:40:36.928Z] 🔵 All business hours: {"monday":{"open":"09:00","close":"23:00","isOpen":true},"tuesday":{"open":"09:00","close":"23:00","isOpen":true},"wednesday":{"open":"09:00","close":"23:00","isOpen":true},"thursday":{"open":"09:00","close":"23:00","isOpen":true},"friday":{"open":"09:00","close":"23:00","isOpen":true},"saturday":{"open":"09:00","close":"18:00","isOpen":true},"sunday":{"open":"09:00","close":"18:00","isOpen":false}}
[2026-07-04T05:40:36.928Z] ✅ Clinic is open on saturday from 09:00 to 18:00 
[2026-07-04T05:40:36.956Z] 🔵 Checking availability for 6 providers 
[2026-07-04T05:40:36.990Z] ✅ Found 13 slots for clinic: muneeb 
[2026-07-04T05:40:39.854Z] 🔵 Availability Request: {"clinicId":"4ca4e344-a7c6-473c-b3be-21b90c1ae067","serviceIds":["4776d73c-16be-4861-928e-31dc4838b441"],"providerId":null,"date":"2026-07-11"}
[2026-07-04T05:40:39.855Z] 🔵 Using date: "2026-07-11"
[2026-07-04T05:40:39.868Z] 🔵 Clinic: "muneeb"
[2026-07-04T05:40:39.872Z] 🔵 Total duration: 60
[2026-07-04T05:40:39.873Z] 🔵 Using timezone: "Asia/Karachi"
[2026-07-04T05:40:39.874Z] 🔵 Day of week: "saturday"
[2026-07-04T05:40:39.874Z] 🔵 Business hours for saturday: {"open":"09:00","close":"18:00","isOpen":true}
[2026-07-04T05:40:39.875Z] 🔵 All business hours: {"monday":{"open":"09:00","close":"23:00","isOpen":true},"tuesday":{"open":"09:00","close":"23:00","isOpen":true},"wednesday":{"open":"09:00","close":"23:00","isOpen":true},"thursday":{"open":"09:00","close":"23:00","isOpen":true},"friday":{"open":"09:00","close":"23:00","isOpen":true},"saturday":{"open":"09:00","close":"18:00","isOpen":true},"sunday":{"open":"09:00","close":"18:00","isOpen":false}}
[2026-07-04T05:40:39.876Z] ✅ Clinic is open on saturday from 09:00 to 18:00 
[2026-07-04T05:40:39.899Z] 🔵 Checking availability for 6 providers 
[2026-07-04T05:40:39.918Z] ✅ Found 17 slots for clinic: muneeb 
[2026-07-04T06:27:16.926Z] 🔵 Availability Request: {"clinicId":"4ca4e344-a7c6-473c-b3be-21b90c1ae067","serviceIds":["4776d73c-16be-4861-928e-31dc4838b441"],"providerId":null,"date":"2026-07-04"}
[2026-07-04T06:27:16.955Z] 🔵 Using date: "2026-07-04"
[2026-07-04T06:27:16.978Z] 🔵 Clinic: "muneeb"
[2026-07-04T06:27:16.985Z] 🔵 Total duration: 60
[2026-07-04T06:27:16.988Z] 🔵 Using timezone: "Asia/Karachi"
[2026-07-04T06:27:17.002Z] 🔵 Day of week: "saturday"
[2026-07-04T06:27:17.003Z] 🔵 Business hours for saturday: {"open":"09:00","close":"18:00","isOpen":true}
[2026-07-04T06:27:17.004Z] 🔵 All business hours: {"monday":{"open":"09:00","close":"23:00","isOpen":true},"tuesday":{"open":"09:00","close":"23:00","isOpen":true},"wednesday":{"open":"09:00","close":"23:00","isOpen":true},"thursday":{"open":"09:00","close":"23:00","isOpen":true},"friday":{"open":"09:00","close":"23:00","isOpen":true},"saturday":{"open":"09:00","close":"18:00","isOpen":true},"sunday":{"open":"09:00","close":"18:00","isOpen":false}}
[2026-07-04T06:27:17.005Z] ✅ Clinic is open on saturday from 09:00 to 18:00 
[2026-07-04T06:27:17.050Z] 🔵 Checking availability for 6 providers 
[2026-07-04T06:27:17.077Z] ✅ Found 12 slots for clinic: muneeb 
[2026-07-04T06:27:30.888Z] 🔵 Availability Request: {"clinicId":"4ca4e344-a7c6-473c-b3be-21b90c1ae067","serviceIds":["4776d73c-16be-4861-928e-31dc4838b441"],"providerId":null,"date":"2026-07-13"}
[2026-07-04T06:27:30.889Z] 🔵 Using date: "2026-07-13"
[2026-07-04T06:27:30.956Z] 🔵 Clinic: "muneeb"
[2026-07-04T06:27:30.962Z] 🔵 Total duration: 60
[2026-07-04T06:27:30.963Z] 🔵 Using timezone: "Asia/Karachi"
[2026-07-04T06:27:30.964Z] 🔵 Day of week: "monday"
[2026-07-04T06:27:30.964Z] 🔵 Business hours for monday: {"open":"09:00","close":"23:00","isOpen":true}
[2026-07-04T06:27:30.966Z] 🔵 All business hours: {"monday":{"open":"09:00","close":"23:00","isOpen":true},"tuesday":{"open":"09:00","close":"23:00","isOpen":true},"wednesday":{"open":"09:00","close":"23:00","isOpen":true},"thursday":{"open":"09:00","close":"23:00","isOpen":true},"friday":{"open":"09:00","close":"23:00","isOpen":true},"saturday":{"open":"09:00","close":"18:00","isOpen":true},"sunday":{"open":"09:00","close":"18:00","isOpen":false}}
[2026-07-04T06:27:30.967Z] ✅ Clinic is open on monday from 09:00 to 23:00 
[2026-07-04T06:27:30.996Z] 🔵 Checking availability for 6 providers 
[2026-07-04T06:27:31.033Z] ✅ Found 27 slots for clinic: muneeb 
[2026-07-04T06:36:42.462Z] 🔵 Availability Request: {"clinicId":"4ca4e344-a7c6-473c-b3be-21b90c1ae067","serviceIds":["4776d73c-16be-4861-928e-31dc4838b441"],"providerId":null,"date":"2026-07-04"}
[2026-07-04T06:36:42.463Z] 🔵 Using date: "2026-07-04"
[2026-07-04T06:36:42.488Z] 🔵 Clinic: "muneeb"
[2026-07-04T06:36:42.495Z] 🔵 Total duration: 60
[2026-07-04T06:36:42.496Z] 🔵 Using timezone: "Asia/Karachi"
[2026-07-04T06:36:42.497Z] 🔵 Day of week: "saturday"
[2026-07-04T06:36:42.497Z] 🔵 Business hours for saturday: {"open":"09:00","close":"18:00","isOpen":true}
[2026-07-04T06:36:42.497Z] 🔵 All business hours: {"monday":{"open":"09:00","close":"23:00","isOpen":true},"tuesday":{"open":"09:00","close":"23:00","isOpen":true},"wednesday":{"open":"09:00","close":"23:00","isOpen":true},"thursday":{"open":"09:00","close":"23:00","isOpen":true},"friday":{"open":"09:00","close":"23:00","isOpen":true},"saturday":{"open":"09:00","close":"18:00","isOpen":true},"sunday":{"open":"09:00","close":"18:00","isOpen":false}}
[2026-07-04T06:36:42.498Z] ✅ Clinic is open on saturday from 09:00 to 18:00 
[2026-07-04T06:36:42.533Z] 🔵 Checking availability for 6 providers 
[2026-07-04T06:36:42.559Z] ✅ Found 11 slots for clinic: muneeb 
[2026-07-04T06:36:48.939Z] 🔵 Availability Request: {"clinicId":"4ca4e344-a7c6-473c-b3be-21b90c1ae067","serviceIds":["4776d73c-16be-4861-928e-31dc4838b441"],"providerId":null,"date":"2026-07-24"}
[2026-07-04T06:36:48.940Z] 🔵 Using date: "2026-07-24"
[2026-07-04T06:36:48.954Z] 🔵 Clinic: "muneeb"
[2026-07-04T06:36:48.959Z] 🔵 Total duration: 60
[2026-07-04T06:36:48.960Z] 🔵 Using timezone: "Asia/Karachi"
[2026-07-04T06:36:48.961Z] 🔵 Day of week: "friday"
[2026-07-04T06:36:48.962Z] 🔵 Business hours for friday: {"open":"09:00","close":"23:00","isOpen":true}
[2026-07-04T06:36:48.963Z] 🔵 All business hours: {"monday":{"open":"09:00","close":"23:00","isOpen":true},"tuesday":{"open":"09:00","close":"23:00","isOpen":true},"wednesday":{"open":"09:00","close":"23:00","isOpen":true},"thursday":{"open":"09:00","close":"23:00","isOpen":true},"friday":{"open":"09:00","close":"23:00","isOpen":true},"saturday":{"open":"09:00","close":"18:00","isOpen":true},"sunday":{"open":"09:00","close":"18:00","isOpen":false}}
[2026-07-04T06:36:48.964Z] ✅ Clinic is open on friday from 09:00 to 23:00 
[2026-07-04T06:36:48.992Z] 🔵 Checking availability for 6 providers 
[2026-07-04T06:36:49.008Z] ✅ Found 27 slots for clinic: muneeb 
[2026-07-04T06:58:13.198Z] 🔵 Availability Request: {"clinicId":"4ca4e344-a7c6-473c-b3be-21b90c1ae067","serviceIds":["4776d73c-16be-4861-928e-31dc4838b441"],"providerId":null,"date":"2026-07-04"}
[2026-07-04T06:58:13.466Z] 🔵 Using date: "2026-07-04"
[2026-07-04T06:58:13.506Z] 🔵 Clinic: "muneeb"
[2026-07-04T06:58:13.517Z] 🔵 Total duration: 60
[2026-07-04T06:58:13.518Z] 🔵 Using timezone: "Asia/Karachi"
[2026-07-04T06:58:13.519Z] 🔵 Day of week: "saturday"
[2026-07-04T06:58:13.519Z] 🔵 Business hours for saturday: {"open":"09:00","close":"18:00","isOpen":true}
[2026-07-04T06:58:13.520Z] 🔵 All business hours: {"monday":{"open":"09:00","close":"23:00","isOpen":true},"tuesday":{"open":"09:00","close":"23:00","isOpen":true},"wednesday":{"open":"09:00","close":"23:00","isOpen":true},"thursday":{"open":"09:00","close":"23:00","isOpen":true},"friday":{"open":"09:00","close":"23:00","isOpen":true},"saturday":{"open":"09:00","close":"18:00","isOpen":true},"sunday":{"open":"09:00","close":"18:00","isOpen":false}}
[2026-07-04T06:58:13.520Z] ✅ Clinic is open on saturday from 09:00 to 18:00 
[2026-07-04T06:58:13.547Z] 🔵 Checking availability for 6 providers 
[2026-07-04T06:58:13.569Z] ✅ Found 11 slots for clinic: muneeb 
[2026-07-04T06:58:23.800Z] 🔵 Availability Request: {"clinicId":"4ca4e344-a7c6-473c-b3be-21b90c1ae067","serviceIds":["4776d73c-16be-4861-928e-31dc4838b441"],"providerId":null,"date":"2026-07-20"}
[2026-07-04T06:58:23.800Z] 🔵 Using date: "2026-07-20"
[2026-07-04T06:58:23.867Z] 🔵 Clinic: "muneeb"
[2026-07-04T06:58:23.876Z] 🔵 Total duration: 60
[2026-07-04T06:58:23.877Z] 🔵 Using timezone: "Asia/Karachi"
[2026-07-04T06:58:23.881Z] 🔵 Day of week: "monday"
[2026-07-04T06:58:23.881Z] 🔵 Business hours for monday: {"open":"09:00","close":"23:00","isOpen":true}
[2026-07-04T06:58:23.884Z] 🔵 All business hours: {"monday":{"open":"09:00","close":"23:00","isOpen":true},"tuesday":{"open":"09:00","close":"23:00","isOpen":true},"wednesday":{"open":"09:00","close":"23:00","isOpen":true},"thursday":{"open":"09:00","close":"23:00","isOpen":true},"friday":{"open":"09:00","close":"23:00","isOpen":true},"saturday":{"open":"09:00","close":"18:00","isOpen":true},"sunday":{"open":"09:00","close":"18:00","isOpen":false}}
[2026-07-04T06:58:23.886Z] ✅ Clinic is open on monday from 09:00 to 23:00 
[2026-07-04T06:58:23.918Z] 🔵 Checking availability for 6 providers 
[2026-07-04T06:58:23.954Z] ✅ Found 27 slots for clinic: muneeb 
[2026-07-04T08:15:12.202Z] 🔵 Availability Request: {"clinicId":"4ca4e344-a7c6-473c-b3be-21b90c1ae067","serviceIds":["4776d73c-16be-4861-928e-31dc4838b441"],"providerId":null,"date":"2026-07-04"}
[2026-07-04T08:15:12.224Z] 🔵 Using date: "2026-07-04"
[2026-07-04T08:15:12.244Z] 🔵 Clinic: "muneeb"
[2026-07-04T08:15:12.252Z] 🔵 Total duration: 60
[2026-07-04T08:15:12.252Z] 🔵 Using timezone: "Asia/Karachi"
[2026-07-04T08:15:12.253Z] 🔵 Day of week: "saturday"
[2026-07-04T08:15:12.254Z] 🔵 Business hours for saturday: {"open":"09:00","close":"18:00","isOpen":true}
[2026-07-04T08:15:12.254Z] 🔵 All business hours: {"monday":{"open":"09:00","close":"23:00","isOpen":true},"tuesday":{"open":"09:00","close":"23:00","isOpen":true},"wednesday":{"open":"09:00","close":"23:00","isOpen":true},"thursday":{"open":"09:00","close":"23:00","isOpen":true},"friday":{"open":"09:00","close":"23:00","isOpen":true},"saturday":{"open":"09:00","close":"18:00","isOpen":true},"sunday":{"open":"09:00","close":"18:00","isOpen":false}}
[2026-07-04T08:15:12.255Z] ✅ Clinic is open on saturday from 09:00 to 18:00 
[2026-07-04T08:15:12.304Z] 🔵 Checking availability for 6 providers 
[2026-07-04T08:15:12.396Z] ✅ Found 8 slots for clinic: muneeb 
[2026-07-04T08:15:16.873Z] 🔵 Availability Request: {"clinicId":"4ca4e344-a7c6-473c-b3be-21b90c1ae067","serviceIds":["4776d73c-16be-4861-928e-31dc4838b441"],"providerId":null,"date":"2026-07-21"}
[2026-07-04T08:15:16.877Z] 🔵 Using date: "2026-07-21"
[2026-07-04T08:15:16.893Z] 🔵 Clinic: "muneeb"
[2026-07-04T08:15:16.899Z] 🔵 Total duration: 60
[2026-07-04T08:15:16.899Z] 🔵 Using timezone: "Asia/Karachi"
[2026-07-04T08:15:16.901Z] 🔵 Day of week: "tuesday"
[2026-07-04T08:15:16.901Z] 🔵 Business hours for tuesday: {"open":"09:00","close":"23:00","isOpen":true}
[2026-07-04T08:15:16.902Z] 🔵 All business hours: {"monday":{"open":"09:00","close":"23:00","isOpen":true},"tuesday":{"open":"09:00","close":"23:00","isOpen":true},"wednesday":{"open":"09:00","close":"23:00","isOpen":true},"thursday":{"open":"09:00","close":"23:00","isOpen":true},"friday":{"open":"09:00","close":"23:00","isOpen":true},"saturday":{"open":"09:00","close":"18:00","isOpen":true},"sunday":{"open":"09:00","close":"18:00","isOpen":false}}
[2026-07-04T08:15:16.903Z] ✅ Clinic is open on tuesday from 09:00 to 23:00 
[2026-07-04T08:15:16.922Z] 🔵 Checking availability for 6 providers 
[2026-07-04T08:15:16.940Z] ✅ Found 27 slots for clinic: muneeb 
[2026-07-06T16:59:58.955Z] 🔵 Availability Request: {"clinicId":"4ca4e344-a7c6-473c-b3be-21b90c1ae067","serviceIds":["4776d73c-16be-4861-928e-31dc4838b441"],"providerId":null,"date":"2026-07-06"}
[2026-07-06T16:59:58.994Z] 🔵 Using date: "2026-07-06"
[2026-07-06T16:59:59.048Z] 🔵 Clinic: "muneeb"
[2026-07-06T16:59:59.056Z] 🔵 Total duration: 60
[2026-07-06T16:59:59.058Z] 🔵 Using timezone: "Asia/Karachi"
[2026-07-06T16:59:59.064Z] 🔵 Day of week: "monday"
[2026-07-06T16:59:59.066Z] 🔵 Business hours for monday: {"open":"09:00","close":"23:00","isOpen":true}
[2026-07-06T16:59:59.066Z] 🔵 All business hours: {"monday":{"open":"09:00","close":"23:00","isOpen":true},"tuesday":{"open":"09:00","close":"23:00","isOpen":true},"wednesday":{"open":"09:00","close":"23:00","isOpen":true},"thursday":{"open":"09:00","close":"23:00","isOpen":true},"friday":{"open":"09:00","close":"23:00","isOpen":true},"saturday":{"open":"09:00","close":"18:00","isOpen":true},"sunday":{"open":"09:00","close":"18:00","isOpen":false}}
[2026-07-06T16:59:59.071Z] ✅ Clinic is open on monday from 09:00 to 23:00 
[2026-07-06T16:59:59.127Z] 🔵 Checking availability for 6 providers 
[2026-07-06T16:59:59.238Z] ✅ Found 1 slots for clinic: muneeb 
[2026-07-06T17:00:08.295Z] 🔵 Availability Request: {"clinicId":"4ca4e344-a7c6-473c-b3be-21b90c1ae067","serviceIds":["4776d73c-16be-4861-928e-31dc4838b441"],"providerId":null,"date":"2026-07-23"}
[2026-07-06T17:00:08.296Z] 🔵 Using date: "2026-07-23"
[2026-07-06T17:00:08.330Z] 🔵 Clinic: "muneeb"
[2026-07-06T17:00:08.340Z] 🔵 Total duration: 60
[2026-07-06T17:00:08.341Z] 🔵 Using timezone: "Asia/Karachi"
[2026-07-06T17:00:08.342Z] 🔵 Day of week: "thursday"
[2026-07-06T17:00:08.343Z] 🔵 Business hours for thursday: {"open":"09:00","close":"23:00","isOpen":true}
[2026-07-06T17:00:08.344Z] 🔵 All business hours: {"monday":{"open":"09:00","close":"23:00","isOpen":true},"tuesday":{"open":"09:00","close":"23:00","isOpen":true},"wednesday":{"open":"09:00","close":"23:00","isOpen":true},"thursday":{"open":"09:00","close":"23:00","isOpen":true},"friday":{"open":"09:00","close":"23:00","isOpen":true},"saturday":{"open":"09:00","close":"18:00","isOpen":true},"sunday":{"open":"09:00","close":"18:00","isOpen":false}}
[2026-07-06T17:00:08.346Z] ✅ Clinic is open on thursday from 09:00 to 23:00 
[2026-07-06T17:00:08.382Z] 🔵 Checking availability for 6 providers 
[2026-07-06T17:00:08.431Z] ✅ Found 27 slots for clinic: muneeb 
[2026-07-06T17:58:00.807Z] 🔵 Availability Request: {"clinicId":"4ca4e344-a7c6-473c-b3be-21b90c1ae067","serviceIds":["4776d73c-16be-4861-928e-31dc4838b441"],"providerId":"d3e3aec9-5e11-4601-8b59-d22cbed98fa0","date":"2026-07-06"}
[2026-07-06T17:58:01.081Z] 🔵 Using date: "2026-07-06"
[2026-07-06T17:58:01.199Z] 🔵 Clinic: "muneeb"
[2026-07-06T17:58:01.211Z] 🔵 Total duration: 60
[2026-07-06T17:58:01.212Z] 🔵 Using timezone: "Asia/Karachi"
[2026-07-06T17:58:01.216Z] 🔵 Day of week: "monday"
[2026-07-06T17:58:01.218Z] 🔵 Business hours for monday: {"open":"09:00","close":"23:00","isOpen":true}
[2026-07-06T17:58:01.219Z] 🔵 All business hours: {"monday":{"open":"09:00","close":"23:00","isOpen":true},"tuesday":{"open":"09:00","close":"23:00","isOpen":true},"wednesday":{"open":"09:00","close":"23:00","isOpen":true},"thursday":{"open":"09:00","close":"23:00","isOpen":true},"friday":{"open":"09:00","close":"23:00","isOpen":true},"saturday":{"open":"09:00","close":"18:00","isOpen":true},"sunday":{"open":"09:00","close":"18:00","isOpen":false}}
[2026-07-06T17:58:01.220Z] ✅ Clinic is open on monday from 09:00 to 23:00 
[2026-07-06T17:58:01.228Z] 🔵 Checking availability for 1 providers 
[2026-07-06T17:58:01.350Z] ✅ Found 25 slots for clinic: muneeb 
[2026-07-06T17:58:56.634Z] 🔵 Availability Request: {"clinicId":"4ca4e344-a7c6-473c-b3be-21b90c1ae067","serviceIds":["4776d73c-16be-4861-928e-31dc4838b441"],"providerId":"d3e3aec9-5e11-4601-8b59-d22cbed98fa0","date":"2026-07-24"}
[2026-07-06T17:58:56.636Z] 🔵 Using date: "2026-07-24"
[2026-07-06T17:58:56.758Z] 🔵 Clinic: "muneeb"
[2026-07-06T17:58:56.770Z] 🔵 Total duration: 60
[2026-07-06T17:58:56.771Z] 🔵 Using timezone: "Asia/Karachi"
[2026-07-06T17:58:56.777Z] 🔵 Day of week: "friday"
[2026-07-06T17:58:56.778Z] 🔵 Business hours for friday: {"open":"09:00","close":"23:00","isOpen":true}
[2026-07-06T17:58:56.779Z] 🔵 All business hours: {"monday":{"open":"09:00","close":"23:00","isOpen":true},"tuesday":{"open":"09:00","close":"23:00","isOpen":true},"wednesday":{"open":"09:00","close":"23:00","isOpen":true},"thursday":{"open":"09:00","close":"23:00","isOpen":true},"friday":{"open":"09:00","close":"23:00","isOpen":true},"saturday":{"open":"09:00","close":"18:00","isOpen":true},"sunday":{"open":"09:00","close":"18:00","isOpen":false}}
[2026-07-06T17:58:56.780Z] ✅ Clinic is open on friday from 09:00 to 23:00 
[2026-07-06T17:58:56.784Z] 🔵 Checking availability for 1 providers 
[2026-07-06T17:58:56.864Z] ✅ Found 24 slots for clinic: muneeb 
[2026-07-06T17:59:40.567Z] 🔵 Availability Request: {"clinicId":"4ca4e344-a7c6-473c-b3be-21b90c1ae067","serviceIds":["4776d73c-16be-4861-928e-31dc4838b441"],"providerId":"d3e3aec9-5e11-4601-8b59-d22cbed98fa0","date":"2026-07-24"}
[2026-07-06T17:59:40.574Z] 🔵 Using date: "2026-07-24"
[2026-07-06T17:59:40.901Z] 🔵 Clinic: "muneeb"
[2026-07-06T17:59:40.916Z] 🔵 Total duration: 60
[2026-07-06T17:59:40.930Z] 🔵 Using timezone: "Asia/Karachi"
[2026-07-06T17:59:40.931Z] 🔵 Day of week: "friday"
[2026-07-06T17:59:40.932Z] 🔵 Business hours for friday: {"open":"09:00","close":"23:00","isOpen":true}
[2026-07-06T17:59:40.933Z] 🔵 All business hours: {"monday":{"open":"09:00","close":"23:00","isOpen":true},"tuesday":{"open":"09:00","close":"23:00","isOpen":true},"wednesday":{"open":"09:00","close":"23:00","isOpen":true},"thursday":{"open":"09:00","close":"23:00","isOpen":true},"friday":{"open":"09:00","close":"23:00","isOpen":true},"saturday":{"open":"09:00","close":"18:00","isOpen":true},"sunday":{"open":"09:00","close":"18:00","isOpen":false}}
[2026-07-06T17:59:40.935Z] ✅ Clinic is open on friday from 09:00 to 23:00 
[2026-07-06T17:59:40.952Z] 🔵 Checking availability for 1 providers 
[2026-07-06T17:59:41.052Z] ✅ Found 21 slots for clinic: muneeb 
[2026-07-06T17:59:46.552Z] 🔵 Availability Request: {"clinicId":"4ca4e344-a7c6-473c-b3be-21b90c1ae067","serviceIds":["4776d73c-16be-4861-928e-31dc4838b441"],"providerId":"d3e3aec9-5e11-4601-8b59-d22cbed98fa0","date":"2026-07-24"}
[2026-07-06T17:59:46.554Z] 🔵 Using date: "2026-07-24"
[2026-07-06T17:59:46.613Z] 🔵 Clinic: "muneeb"
[2026-07-06T17:59:46.629Z] 🔵 Total duration: 60
[2026-07-06T17:59:46.630Z] 🔵 Using timezone: "Asia/Karachi"
[2026-07-06T17:59:46.636Z] 🔵 Day of week: "friday"
[2026-07-06T17:59:46.643Z] 🔵 Business hours for friday: {"open":"09:00","close":"23:00","isOpen":true}
[2026-07-06T17:59:46.644Z] 🔵 All business hours: {"monday":{"open":"09:00","close":"23:00","isOpen":true},"tuesday":{"open":"09:00","close":"23:00","isOpen":true},"wednesday":{"open":"09:00","close":"23:00","isOpen":true},"thursday":{"open":"09:00","close":"23:00","isOpen":true},"friday":{"open":"09:00","close":"23:00","isOpen":true},"saturday":{"open":"09:00","close":"18:00","isOpen":true},"sunday":{"open":"09:00","close":"18:00","isOpen":false}}
[2026-07-06T17:59:46.645Z] ✅ Clinic is open on friday from 09:00 to 23:00 
[2026-07-06T17:59:46.656Z] 🔵 Checking availability for 1 providers 
[2026-07-06T17:59:46.712Z] ✅ Found 21 slots for clinic: muneeb 
[2026-07-06T18:01:51.508Z] 🔵 Availability Request: {"clinicId":"4ca4e344-a7c6-473c-b3be-21b90c1ae067","serviceIds":["4776d73c-16be-4861-928e-31dc4838b441"],"providerId":"d3e3aec9-5e11-4601-8b59-d22cbed98fa0","date":"2026-07-24"}
[2026-07-06T18:01:51.509Z] 🔵 Using date: "2026-07-24"
[2026-07-06T18:01:51.613Z] 🔵 Clinic: "muneeb"
[2026-07-06T18:01:51.620Z] 🔵 Total duration: 60
[2026-07-06T18:01:51.620Z] 🔵 Using timezone: "Asia/Karachi"
[2026-07-06T18:01:51.621Z] 🔵 Day of week: "friday"
[2026-07-06T18:01:51.622Z] 🔵 Business hours for friday: {"open":"09:00","close":"23:00","isOpen":true}
[2026-07-06T18:01:51.623Z] 🔵 All business hours: {"monday":{"open":"09:00","close":"23:00","isOpen":true},"tuesday":{"open":"09:00","close":"23:00","isOpen":true},"wednesday":{"open":"09:00","close":"23:00","isOpen":true},"thursday":{"open":"09:00","close":"23:00","isOpen":true},"friday":{"open":"09:00","close":"23:00","isOpen":true},"saturday":{"open":"09:00","close":"18:00","isOpen":true},"sunday":{"open":"09:00","close":"18:00","isOpen":false}}
[2026-07-06T18:01:51.623Z] ✅ Clinic is open on friday from 09:00 to 23:00 
[2026-07-06T18:01:51.628Z] 🔵 Checking availability for 1 providers 
[2026-07-06T18:01:51.741Z] ✅ Found 21 slots for clinic: muneeb 
[2026-07-06T18:07:18.586Z] 🔵 Availability Request: {"clinicId":"4ca4e344-a7c6-473c-b3be-21b90c1ae067","serviceIds":["4776d73c-16be-4861-928e-31dc4838b441"],"providerId":"d3e3aec9-5e11-4601-8b59-d22cbed98fa0","date":"2026-07-20"}
[2026-07-06T18:07:18.588Z] 🔵 Using date: "2026-07-20"
[2026-07-06T18:07:18.704Z] 🔵 Clinic: "muneeb"
[2026-07-06T18:07:18.732Z] 🔵 Total duration: 60
[2026-07-06T18:07:18.740Z] 🔵 Using timezone: "Asia/Karachi"
[2026-07-06T18:07:18.741Z] 🔵 Day of week: "monday"
[2026-07-06T18:07:18.742Z] 🔵 Business hours for monday: {"open":"09:00","close":"23:00","isOpen":true}
[2026-07-06T18:07:18.743Z] 🔵 All business hours: {"monday":{"open":"09:00","close":"23:00","isOpen":true},"tuesday":{"open":"09:00","close":"23:00","isOpen":true},"wednesday":{"open":"09:00","close":"23:00","isOpen":true},"thursday":{"open":"09:00","close":"23:00","isOpen":true},"friday":{"open":"09:00","close":"23:00","isOpen":true},"saturday":{"open":"09:00","close":"18:00","isOpen":true},"sunday":{"open":"09:00","close":"18:00","isOpen":false}}
[2026-07-06T18:07:18.744Z] ✅ Clinic is open on monday from 09:00 to 23:00 
[2026-07-06T18:07:18.758Z] 🔵 Checking availability for 1 providers 
[2026-07-06T18:07:18.858Z] ✅ Found 27 slots for clinic: muneeb 
[2026-07-06T18:07:26.524Z] 🔵 Availability Request: {"clinicId":"4ca4e344-a7c6-473c-b3be-21b90c1ae067","serviceIds":["4776d73c-16be-4861-928e-31dc4838b441"],"providerId":"d3e3aec9-5e11-4601-8b59-d22cbed98fa0","date":"2026-07-19"}
[2026-07-06T18:07:26.546Z] 🔵 Using date: "2026-07-19"
[2026-07-06T18:07:26.645Z] 🔵 Clinic: "muneeb"
[2026-07-06T18:07:26.658Z] 🔵 Total duration: 60
[2026-07-06T18:07:26.659Z] 🔵 Using timezone: "Asia/Karachi"
[2026-07-06T18:07:26.660Z] 🔵 Day of week: "sunday"
[2026-07-06T18:07:26.661Z] 🔵 Business hours for sunday: {"open":"09:00","close":"18:00","isOpen":false}
[2026-07-06T18:07:26.662Z] 🔵 All business hours: {"monday":{"open":"09:00","close":"23:00","isOpen":true},"tuesday":{"open":"09:00","close":"23:00","isOpen":true},"wednesday":{"open":"09:00","close":"23:00","isOpen":true},"thursday":{"open":"09:00","close":"23:00","isOpen":true},"friday":{"open":"09:00","close":"23:00","isOpen":true},"saturday":{"open":"09:00","close":"18:00","isOpen":true},"sunday":{"open":"09:00","close":"18:00","isOpen":false}}
[2026-07-06T18:08:59.873Z] 🔵 Availability Request: {"clinicId":"4ca4e344-a7c6-473c-b3be-21b90c1ae067","serviceIds":["4776d73c-16be-4861-928e-31dc4838b441"],"providerId":"d3e3aec9-5e11-4601-8b59-d22cbed98fa0","date":"2026-07-06"}
[2026-07-06T18:08:59.875Z] 🔵 Using date: "2026-07-06"
[2026-07-06T18:08:59.969Z] 🔵 Clinic: "muneeb"
[2026-07-06T18:08:59.986Z] 🔵 Total duration: 60
[2026-07-06T18:08:59.992Z] 🔵 Using timezone: "Asia/Karachi"
[2026-07-06T18:09:00.002Z] 🔵 Day of week: "monday"
[2026-07-06T18:09:00.003Z] 🔵 Business hours for monday: {"open":"09:00","close":"23:00","isOpen":true}
[2026-07-06T18:09:00.004Z] 🔵 All business hours: {"monday":{"open":"09:00","close":"23:00","isOpen":true},"tuesday":{"open":"09:00","close":"23:00","isOpen":true},"wednesday":{"open":"09:00","close":"23:00","isOpen":true},"thursday":{"open":"09:00","close":"23:00","isOpen":true},"friday":{"open":"09:00","close":"23:00","isOpen":true},"saturday":{"open":"09:00","close":"18:00","isOpen":true},"sunday":{"open":"09:00","close":"18:00","isOpen":false}}
[2026-07-06T18:09:00.007Z] ✅ Clinic is open on monday from 09:00 to 23:00 
[2026-07-06T18:09:00.068Z] 🔵 Checking availability for 1 providers 
[2026-07-06T18:09:00.159Z] ✅ Found 25 slots for clinic: muneeb 
[2026-07-06T18:09:14.534Z] 🔵 Availability Request: {"clinicId":"4ca4e344-a7c6-473c-b3be-21b90c1ae067","serviceIds":["4776d73c-16be-4861-928e-31dc4838b441"],"providerId":"d3e3aec9-5e11-4601-8b59-d22cbed98fa0","date":"2026-07-12"}
[2026-07-06T18:09:14.535Z] 🔵 Using date: "2026-07-12"
[2026-07-06T18:09:14.706Z] 🔵 Clinic: "muneeb"
[2026-07-06T18:09:14.725Z] 🔵 Total duration: 60
[2026-07-06T18:09:14.726Z] 🔵 Using timezone: "Asia/Karachi"
[2026-07-06T18:09:14.737Z] 🔵 Day of week: "sunday"
[2026-07-06T18:09:14.744Z] 🔵 Business hours for sunday: {"open":"09:00","close":"18:00","isOpen":false}
[2026-07-06T18:09:14.749Z] 🔵 All business hours: {"monday":{"open":"09:00","close":"23:00","isOpen":true},"tuesday":{"open":"09:00","close":"23:00","isOpen":true},"wednesday":{"open":"09:00","close":"23:00","isOpen":true},"thursday":{"open":"09:00","close":"23:00","isOpen":true},"friday":{"open":"09:00","close":"23:00","isOpen":true},"saturday":{"open":"09:00","close":"18:00","isOpen":true},"sunday":{"open":"09:00","close":"18:00","isOpen":false}}
[2026-07-07T05:09:11.838Z] 🔵 Availability Request: {"clinicId":"4ca4e344-a7c6-473c-b3be-21b90c1ae067","serviceIds":["4776d73c-16be-4861-928e-31dc4838b441"],"providerId":"d3e3aec9-5e11-4601-8b59-d22cbed98fa0","date":"2026-07-07"}
[2026-07-07T05:09:11.865Z] 🔵 Using date: "2026-07-07"
[2026-07-07T05:09:11.894Z] 🔵 Clinic: "muneeb"
[2026-07-07T05:09:11.901Z] 🔵 Total duration: 60
[2026-07-07T05:09:11.902Z] 🔵 Using timezone: "Asia/Karachi"
[2026-07-07T05:09:11.907Z] 🔵 Day of week: "tuesday"
[2026-07-07T05:09:11.908Z] 🔵 Business hours for tuesday: {"open":"09:00","close":"23:00","isOpen":true}
[2026-07-07T05:09:11.911Z] 🔵 All business hours: {"monday":{"open":"09:00","close":"23:00","isOpen":true},"tuesday":{"open":"09:00","close":"23:00","isOpen":true},"wednesday":{"open":"09:00","close":"23:00","isOpen":true},"thursday":{"open":"09:00","close":"23:00","isOpen":true},"friday":{"open":"09:00","close":"23:00","isOpen":true},"saturday":{"open":"09:00","close":"18:00","isOpen":true},"sunday":{"open":"09:00","close":"18:00","isOpen":false}}
[2026-07-07T05:09:11.912Z] ✅ Clinic is open on tuesday from 09:00 to 23:00 
[2026-07-07T05:09:11.915Z] 🔵 Checking availability for 1 providers 
[2026-07-07T05:09:11.982Z] ✅ Found 27 slots for clinic: muneeb 
[2026-07-07T05:09:19.611Z] 🔵 Availability Request: {"clinicId":"4ca4e344-a7c6-473c-b3be-21b90c1ae067","serviceIds":["4776d73c-16be-4861-928e-31dc4838b441"],"providerId":"d3e3aec9-5e11-4601-8b59-d22cbed98fa0","date":"2026-07-12"}
[2026-07-07T05:09:19.612Z] 🔵 Using date: "2026-07-12"
[2026-07-07T05:09:19.647Z] 🔵 Clinic: "muneeb"
[2026-07-07T05:09:19.654Z] 🔵 Total duration: 60
[2026-07-07T05:09:19.654Z] 🔵 Using timezone: "Asia/Karachi"
[2026-07-07T05:09:19.656Z] 🔵 Day of week: "sunday"
[2026-07-07T05:09:19.660Z] 🔵 Business hours for sunday: {"open":"09:00","close":"18:00","isOpen":false}
[2026-07-07T05:09:19.661Z] 🔵 All business hours: {"monday":{"open":"09:00","close":"23:00","isOpen":true},"tuesday":{"open":"09:00","close":"23:00","isOpen":true},"wednesday":{"open":"09:00","close":"23:00","isOpen":true},"thursday":{"open":"09:00","close":"23:00","isOpen":true},"friday":{"open":"09:00","close":"23:00","isOpen":true},"saturday":{"open":"09:00","close":"18:00","isOpen":true},"sunday":{"open":"09:00","close":"18:00","isOpen":false}}
[2026-07-07T05:14:25.815Z] 🔵 Availability Request: {"clinicId":"4ca4e344-a7c6-473c-b3be-21b90c1ae067","serviceIds":["4776d73c-16be-4861-928e-31dc4838b441"],"providerId":"d3e3aec9-5e11-4601-8b59-d22cbed98fa0","date":"2026-07-07"}
[2026-07-07T05:14:25.836Z] 🔵 Using date: "2026-07-07"
[2026-07-07T05:14:25.850Z] 🔵 Clinic: "muneeb"
[2026-07-07T05:14:25.855Z] 🔵 Total duration: 60
[2026-07-07T05:14:25.856Z] 🔵 Using timezone: "Asia/Karachi"
[2026-07-07T05:14:25.857Z] 🔵 Day of week: "tuesday"
[2026-07-07T05:14:25.858Z] 🔵 Business hours for tuesday: {"open":"09:00","close":"23:00","isOpen":true}
[2026-07-07T05:14:25.858Z] 🔵 All business hours: {"monday":{"open":"09:00","close":"23:00","isOpen":true},"tuesday":{"open":"09:00","close":"23:00","isOpen":true},"wednesday":{"open":"09:00","close":"23:00","isOpen":true},"thursday":{"open":"09:00","close":"23:00","isOpen":true},"friday":{"open":"09:00","close":"23:00","isOpen":true},"saturday":{"open":"09:00","close":"18:00","isOpen":true},"sunday":{"open":"09:00","close":"18:00","isOpen":false}}
[2026-07-07T05:14:25.859Z] ✅ Clinic is open on tuesday from 09:00 to 23:00 
[2026-07-07T05:14:25.863Z] 🔵 Checking availability for 1 providers 
[2026-07-07T05:14:25.895Z] ✅ Found 27 slots for clinic: muneeb 
[2026-07-07T05:14:34.018Z] 🔵 Availability Request: {"clinicId":"4ca4e344-a7c6-473c-b3be-21b90c1ae067","serviceIds":["4776d73c-16be-4861-928e-31dc4838b441"],"providerId":"d3e3aec9-5e11-4601-8b59-d22cbed98fa0","date":"2026-07-12"}
[2026-07-07T05:14:34.019Z] 🔵 Using date: "2026-07-12"
[2026-07-07T05:14:34.046Z] 🔵 Clinic: "muneeb"
[2026-07-07T05:14:34.050Z] 🔵 Total duration: 60
[2026-07-07T05:14:34.051Z] 🔵 Using timezone: "Asia/Karachi"
[2026-07-07T05:14:34.052Z] 🔵 Day of week: "sunday"
[2026-07-07T05:14:34.054Z] 🔵 Business hours for sunday: {"open":"09:00","close":"18:00","isOpen":false}
[2026-07-07T05:14:34.054Z] 🔵 All business hours: {"monday":{"open":"09:00","close":"23:00","isOpen":true},"tuesday":{"open":"09:00","close":"23:00","isOpen":true},"wednesday":{"open":"09:00","close":"23:00","isOpen":true},"thursday":{"open":"09:00","close":"23:00","isOpen":true},"friday":{"open":"09:00","close":"23:00","isOpen":true},"saturday":{"open":"09:00","close":"18:00","isOpen":true},"sunday":{"open":"09:00","close":"18:00","isOpen":false}}
[2026-07-07T05:17:49.142Z] 🔵 Availability Request: {"clinicId":"4ca4e344-a7c6-473c-b3be-21b90c1ae067","serviceIds":["4776d73c-16be-4861-928e-31dc4838b441"],"providerId":"d3e3aec9-5e11-4601-8b59-d22cbed98fa0","date":"2026-07-12"}
[2026-07-07T05:17:49.163Z] 🔵 Using date: "2026-07-12"
[2026-07-07T05:17:49.242Z] 🔵 Clinic: "muneeb"
[2026-07-07T05:17:49.253Z] 🔵 Total duration: 60
[2026-07-07T05:17:49.253Z] 🔵 Using timezone: "Asia/Karachi"
[2026-07-07T05:17:49.254Z] 🔵 Day of week: "sunday"
[2026-07-07T05:17:49.254Z] 🔵 Business hours for sunday: {"open":"09:00","close":"18:00","isOpen":false}
[2026-07-07T05:17:49.255Z] 🔵 All business hours: {"monday":{"open":"09:00","close":"23:00","isOpen":true},"tuesday":{"open":"09:00","close":"23:00","isOpen":true},"wednesday":{"open":"09:00","close":"23:00","isOpen":true},"thursday":{"open":"09:00","close":"23:00","isOpen":true},"friday":{"open":"09:00","close":"23:00","isOpen":true},"saturday":{"open":"09:00","close":"18:00","isOpen":true},"sunday":{"open":"09:00","close":"18:00","isOpen":false}}
[2026-07-07T05:18:57.665Z] 🔵 Availability Request: {"clinicId":"4ca4e344-a7c6-473c-b3be-21b90c1ae067","serviceIds":["4776d73c-16be-4861-928e-31dc4838b441"],"providerId":"d3e3aec9-5e11-4601-8b59-d22cbed98fa0","date":"2026-07-07"}
[2026-07-07T05:18:57.670Z] 🔵 Using date: "2026-07-07"
[2026-07-07T05:18:57.696Z] 🔵 Clinic: "muneeb"
[2026-07-07T05:18:57.702Z] 🔵 Total duration: 60
[2026-07-07T05:18:57.702Z] 🔵 Using timezone: "Asia/Karachi"
[2026-07-07T05:18:57.703Z] 🔵 Day of week: "tuesday"
[2026-07-07T05:18:57.704Z] 🔵 Business hours for tuesday: {"open":"09:00","close":"23:00","isOpen":true}
[2026-07-07T05:18:57.704Z] 🔵 All business hours: {"monday":{"open":"09:00","close":"23:00","isOpen":true},"tuesday":{"open":"09:00","close":"23:00","isOpen":true},"wednesday":{"open":"09:00","close":"23:00","isOpen":true},"thursday":{"open":"09:00","close":"23:00","isOpen":true},"friday":{"open":"09:00","close":"23:00","isOpen":true},"saturday":{"open":"09:00","close":"18:00","isOpen":true},"sunday":{"open":"09:00","close":"18:00","isOpen":false}}
[2026-07-07T05:18:57.705Z] ✅ Clinic is open on tuesday from 09:00 to 23:00 
[2026-07-07T05:18:57.709Z] 🔵 Checking availability for 1 providers 
[2026-07-07T05:18:57.740Z] ✅ Found 27 slots for clinic: muneeb 
[2026-07-07T05:19:06.452Z] 🔵 Availability Request: {"clinicId":"4ca4e344-a7c6-473c-b3be-21b90c1ae067","serviceIds":["4776d73c-16be-4861-928e-31dc4838b441"],"providerId":"d3e3aec9-5e11-4601-8b59-d22cbed98fa0","date":"2026-07-12"}
[2026-07-07T05:19:06.453Z] 🔵 Using date: "2026-07-12"
[2026-07-07T05:19:06.473Z] 🔵 Clinic: "muneeb"
[2026-07-07T05:19:06.483Z] 🔵 Total duration: 60
[2026-07-07T05:19:06.484Z] 🔵 Using timezone: "Asia/Karachi"
[2026-07-07T05:19:06.485Z] 🔵 Day of week: "sunday"
[2026-07-07T05:19:06.486Z] 🔵 Business hours for sunday: {"open":"09:00","close":"18:00","isOpen":false}
[2026-07-07T05:19:06.486Z] 🔵 All business hours: {"monday":{"open":"09:00","close":"23:00","isOpen":true},"tuesday":{"open":"09:00","close":"23:00","isOpen":true},"wednesday":{"open":"09:00","close":"23:00","isOpen":true},"thursday":{"open":"09:00","close":"23:00","isOpen":true},"friday":{"open":"09:00","close":"23:00","isOpen":true},"saturday":{"open":"09:00","close":"18:00","isOpen":true},"sunday":{"open":"09:00","close":"18:00","isOpen":false}}
[2026-07-07T05:19:22.041Z] 🔵 Availability Request: {"clinicId":"4ca4e344-a7c6-473c-b3be-21b90c1ae067","serviceIds":["4776d73c-16be-4861-928e-31dc4838b441"],"providerId":"d3e3aec9-5e11-4601-8b59-d22cbed98fa0","date":"2026-07-11"}
[2026-07-07T05:19:22.054Z] 🔵 Using date: "2026-07-11"
[2026-07-07T05:19:22.171Z] 🔵 Clinic: "muneeb"
[2026-07-07T05:19:22.180Z] 🔵 Total duration: 60
[2026-07-07T05:19:22.180Z] 🔵 Using timezone: "Asia/Karachi"
[2026-07-07T05:19:22.182Z] 🔵 Day of week: "saturday"
[2026-07-07T05:19:22.182Z] 🔵 Business hours for saturday: {"open":"09:00","close":"18:00","isOpen":true}
[2026-07-07T05:19:22.183Z] 🔵 All business hours: {"monday":{"open":"09:00","close":"23:00","isOpen":true},"tuesday":{"open":"09:00","close":"23:00","isOpen":true},"wednesday":{"open":"09:00","close":"23:00","isOpen":true},"thursday":{"open":"09:00","close":"23:00","isOpen":true},"friday":{"open":"09:00","close":"23:00","isOpen":true},"saturday":{"open":"09:00","close":"18:00","isOpen":true},"sunday":{"open":"09:00","close":"18:00","isOpen":false}}
[2026-07-07T05:19:22.184Z] ✅ Clinic is open on saturday from 09:00 to 18:00 
[2026-07-07T05:19:22.187Z] 🔵 Checking availability for 1 providers 
[2026-07-07T05:19:22.242Z] ✅ Found 12 slots for clinic: muneeb 
[2026-07-07T05:19:41.570Z] 🔵 Availability Request: {"clinicId":"4ca4e344-a7c6-473c-b3be-21b90c1ae067","serviceIds":["4776d73c-16be-4861-928e-31dc4838b441"],"providerId":"d3e3aec9-5e11-4601-8b59-d22cbed98fa0","date":"2026-07-12"}
[2026-07-07T05:19:41.571Z] 🔵 Using date: "2026-07-12"
[2026-07-07T05:19:41.666Z] 🔵 Clinic: "muneeb"
[2026-07-07T05:19:41.678Z] 🔵 Total duration: 60
[2026-07-07T05:19:41.678Z] 🔵 Using timezone: "Asia/Karachi"
[2026-07-07T05:19:41.680Z] 🔵 Day of week: "sunday"
[2026-07-07T05:19:41.680Z] 🔵 Business hours for sunday: {"open":"09:00","close":"18:00","isOpen":false}
[2026-07-07T05:19:41.681Z] 🔵 All business hours: {"monday":{"open":"09:00","close":"23:00","isOpen":true},"tuesday":{"open":"09:00","close":"23:00","isOpen":true},"wednesday":{"open":"09:00","close":"23:00","isOpen":true},"thursday":{"open":"09:00","close":"23:00","isOpen":true},"friday":{"open":"09:00","close":"23:00","isOpen":true},"saturday":{"open":"09:00","close":"18:00","isOpen":true},"sunday":{"open":"09:00","close":"18:00","isOpen":false}}
[2026-07-07T05:21:04.209Z] 🔵 Availability Request: {"clinicId":"4ca4e344-a7c6-473c-b3be-21b90c1ae067","serviceIds":["4776d73c-16be-4861-928e-31dc4838b441"],"providerId":"d3e3aec9-5e11-4601-8b59-d22cbed98fa0","date":"2026-07-12"}
[2026-07-07T05:21:04.209Z] 🔵 Using date: "2026-07-12"
[2026-07-07T05:21:04.227Z] 🔵 Clinic: "muneeb"
[2026-07-07T05:21:04.235Z] 🔵 Total duration: 60
[2026-07-07T05:21:04.235Z] 🔵 Using timezone: "Asia/Karachi"
[2026-07-07T05:21:04.236Z] 🔵 Day of week: "sunday"
[2026-07-07T05:21:04.236Z] 🔵 Business hours for sunday: {"open":"09:00","close":"18:00","isOpen":false}
[2026-07-07T05:21:04.237Z] 🔵 All business hours: {"monday":{"open":"09:00","close":"23:00","isOpen":true},"tuesday":{"open":"09:00","close":"23:00","isOpen":true},"wednesday":{"open":"09:00","close":"23:00","isOpen":true},"thursday":{"open":"09:00","close":"23:00","isOpen":true},"friday":{"open":"09:00","close":"23:00","isOpen":true},"saturday":{"open":"09:00","close":"18:00","isOpen":true},"sunday":{"open":"09:00","close":"18:00","isOpen":false}}
[2026-07-07T05:21:59.466Z] 🔵 Availability Request: {"clinicId":"4ca4e344-a7c6-473c-b3be-21b90c1ae067","serviceIds":["4776d73c-16be-4861-928e-31dc4838b441"],"providerId":"d3e3aec9-5e11-4601-8b59-d22cbed98fa0","date":"2026-07-07"}
[2026-07-07T05:21:59.469Z] 🔵 Using date: "2026-07-07"
[2026-07-07T05:21:59.535Z] 🔵 Clinic: "muneeb"
[2026-07-07T05:21:59.542Z] 🔵 Total duration: 60
[2026-07-07T05:21:59.543Z] 🔵 Using timezone: "Asia/Karachi"
[2026-07-07T05:21:59.543Z] 🔵 Day of week: "tuesday"
[2026-07-07T05:21:59.544Z] 🔵 Business hours for tuesday: {"open":"09:00","close":"23:00","isOpen":true}
[2026-07-07T05:21:59.544Z] 🔵 All business hours: {"monday":{"open":"09:00","close":"23:00","isOpen":true},"tuesday":{"open":"09:00","close":"23:00","isOpen":true},"wednesday":{"open":"09:00","close":"23:00","isOpen":true},"thursday":{"open":"09:00","close":"23:00","isOpen":true},"friday":{"open":"09:00","close":"23:00","isOpen":true},"saturday":{"open":"09:00","close":"18:00","isOpen":true},"sunday":{"open":"09:00","close":"18:00","isOpen":false}}
[2026-07-07T05:21:59.545Z] ✅ Clinic is open on tuesday from 09:00 to 23:00 
[2026-07-07T05:21:59.548Z] 🔵 Checking availability for 1 providers 
[2026-07-07T05:21:59.589Z] ✅ Found 27 slots for clinic: muneeb 
[2026-07-07T05:25:24.852Z] 🔵 Availability Request: {"clinicId":"4ca4e344-a7c6-473c-b3be-21b90c1ae067","serviceIds":["4776d73c-16be-4861-928e-31dc4838b441"],"providerId":"d3e3aec9-5e11-4601-8b59-d22cbed98fa0","date":"2026-07-07"}
[2026-07-07T05:25:24.855Z] 🔵 Using date: "2026-07-07"
[2026-07-07T05:25:24.950Z] 🔵 Clinic: "muneeb"
[2026-07-07T05:25:24.966Z] 🔵 Total duration: 60
[2026-07-07T05:25:24.967Z] 🔵 Using timezone: "Asia/Karachi"
[2026-07-07T05:25:24.968Z] 🔵 Day of week: "tuesday"
[2026-07-07T05:25:24.970Z] 🔵 Business hours for tuesday: {"open":"09:00","close":"23:00","isOpen":true}
[2026-07-07T05:25:24.971Z] 🔵 All business hours: {"monday":{"open":"09:00","close":"23:00","isOpen":true},"tuesday":{"open":"09:00","close":"23:00","isOpen":true},"wednesday":{"open":"09:00","close":"23:00","isOpen":true},"thursday":{"open":"09:00","close":"23:00","isOpen":true},"friday":{"open":"09:00","close":"23:00","isOpen":true},"saturday":{"open":"09:00","close":"18:00","isOpen":true},"sunday":{"open":"09:00","close":"18:00","isOpen":false}}
[2026-07-07T05:25:24.971Z] ✅ Clinic is open on tuesday from 09:00 to 23:00 
[2026-07-07T05:25:24.983Z] 🔵 Checking availability for 1 providers 
[2026-07-07T05:25:25.073Z] ✅ Found 25 slots for clinic: muneeb 
[2026-07-07T05:25:31.784Z] 🔵 Availability Request: {"clinicId":"4ca4e344-a7c6-473c-b3be-21b90c1ae067","serviceIds":["4776d73c-16be-4861-928e-31dc4838b441"],"providerId":"d3e3aec9-5e11-4601-8b59-d22cbed98fa0","date":"2026-07-12"}
[2026-07-07T05:25:31.785Z] 🔵 Using date: "2026-07-12"
[2026-07-07T05:25:31.808Z] 🔵 Clinic: "muneeb"
[2026-07-07T05:25:31.813Z] 🔵 Total duration: 60
[2026-07-07T05:25:31.814Z] 🔵 Using timezone: "Asia/Karachi"
[2026-07-07T05:25:31.815Z] 🔵 Day of week: "sunday"
[2026-07-07T05:25:31.816Z] 🔵 Business hours for sunday: {"open":"09:00","close":"18:00","isOpen":false}
[2026-07-07T05:25:31.817Z] 🔵 All business hours: {"monday":{"open":"09:00","close":"23:00","isOpen":true},"tuesday":{"open":"09:00","close":"23:00","isOpen":true},"wednesday":{"open":"09:00","close":"23:00","isOpen":true},"thursday":{"open":"09:00","close":"23:00","isOpen":true},"friday":{"open":"09:00","close":"23:00","isOpen":true},"saturday":{"open":"09:00","close":"18:00","isOpen":true},"sunday":{"open":"09:00","close":"18:00","isOpen":false}}
[2026-07-07T05:27:36.457Z] 🔵 Availability Request: {"clinicId":"4ca4e344-a7c6-473c-b3be-21b90c1ae067","serviceIds":["4776d73c-16be-4861-928e-31dc4838b441"],"providerId":"d3e3aec9-5e11-4601-8b59-d22cbed98fa0","date":"2026-07-12"}
[2026-07-07T05:27:36.457Z] 🔵 Using date: "2026-07-12"
[2026-07-07T05:27:36.483Z] 🔵 Clinic: "muneeb"
[2026-07-07T05:27:36.488Z] 🔵 Total duration: 60
[2026-07-07T05:27:36.489Z] 🔵 Using timezone: "Asia/Karachi"
[2026-07-07T05:27:36.489Z] 🔵 Day of week: "sunday"
[2026-07-07T05:27:36.490Z] 🔵 Business hours for sunday: {"open":"09:00","close":"18:00","isOpen":false}
[2026-07-07T05:27:36.490Z] 🔵 All business hours: {"monday":{"open":"09:00","close":"23:00","isOpen":true},"tuesday":{"open":"09:00","close":"23:00","isOpen":true},"wednesday":{"open":"09:00","close":"23:00","isOpen":true},"thursday":{"open":"09:00","close":"23:00","isOpen":true},"friday":{"open":"09:00","close":"23:00","isOpen":true},"saturday":{"open":"09:00","close":"18:00","isOpen":true},"sunday":{"open":"09:00","close":"18:00","isOpen":false}}
[2026-07-07T05:45:06.603Z] 🔵 Availability Request: {"clinicId":"4ca4e344-a7c6-473c-b3be-21b90c1ae067","serviceIds":["4776d73c-16be-4861-928e-31dc4838b441"],"providerId":"d3e3aec9-5e11-4601-8b59-d22cbed98fa0","date":"2026-07-07"}
[2026-07-07T05:45:06.631Z] 🔵 Using date: "2026-07-07"
[2026-07-07T05:45:06.651Z] 🔵 Clinic: "muneeb"
[2026-07-07T05:45:06.657Z] 🔵 Total duration: 60
[2026-07-07T05:45:06.658Z] 🔵 Using timezone: "Asia/Karachi"
[2026-07-07T05:45:06.660Z] 🔵 Day of week: "tuesday"
[2026-07-07T05:45:06.661Z] 🔵 Business hours for tuesday: {"open":"09:00","close":"23:00","isOpen":true}
[2026-07-07T05:45:06.662Z] 🔵 All business hours: {"monday":{"open":"09:00","close":"23:00","isOpen":true},"tuesday":{"open":"09:00","close":"23:00","isOpen":true},"wednesday":{"open":"09:00","close":"23:00","isOpen":true},"thursday":{"open":"09:00","close":"23:00","isOpen":true},"friday":{"open":"09:00","close":"23:00","isOpen":true},"saturday":{"open":"09:00","close":"18:00","isOpen":true},"sunday":{"open":"09:00","close":"18:00","isOpen":false}}
[2026-07-07T05:45:06.662Z] ✅ Clinic is open on tuesday from 09:00 to 23:00 
[2026-07-07T05:45:06.666Z] 🔵 Checking availability for 1 providers 
[2026-07-07T05:45:06.703Z] ✅ Found 25 slots for clinic: muneeb 
[2026-07-07T05:47:34.507Z] 🔵 Availability Request: {"clinicId":"4ca4e344-a7c6-473c-b3be-21b90c1ae067","serviceIds":["4776d73c-16be-4861-928e-31dc4838b441"],"providerId":"d3e3aec9-5e11-4601-8b59-d22cbed98fa0","date":"2026-07-07"}
[2026-07-07T05:47:34.509Z] 🔵 Using date: "2026-07-07"
[2026-07-07T05:47:34.581Z] 🔵 Clinic: "muneeb"
[2026-07-07T05:47:34.593Z] 🔵 Total duration: 60
[2026-07-07T05:47:34.593Z] 🔵 Using timezone: "Asia/Karachi"
[2026-07-07T05:47:34.594Z] 🔵 Day of week: "tuesday"
[2026-07-07T05:47:34.595Z] 🔵 Business hours for tuesday: {"open":"09:00","close":"23:00","isOpen":true}
[2026-07-07T05:47:34.595Z] 🔵 All business hours: {"monday":{"open":"09:00","close":"23:00","isOpen":true},"tuesday":{"open":"09:00","close":"23:00","isOpen":true},"wednesday":{"open":"09:00","close":"23:00","isOpen":true},"thursday":{"open":"09:00","close":"23:00","isOpen":true},"friday":{"open":"09:00","close":"23:00","isOpen":true},"saturday":{"open":"09:00","close":"18:00","isOpen":true},"sunday":{"open":"09:00","close":"18:00","isOpen":false}}
[2026-07-07T05:47:34.596Z] ✅ Clinic is open on tuesday from 09:00 to 23:00 
[2026-07-07T05:47:34.599Z] 🔵 Checking availability for 1 providers 
[2026-07-07T05:47:34.645Z] ✅ Found 25 slots for clinic: muneeb 
[2026-07-07T05:47:46.477Z] 🔵 Availability Request: {"clinicId":"4ca4e344-a7c6-473c-b3be-21b90c1ae067","serviceIds":["4776d73c-16be-4861-928e-31dc4838b441"],"providerId":"d3e3aec9-5e11-4601-8b59-d22cbed98fa0","date":"2026-07-07"}
[2026-07-07T05:47:46.486Z] 🔵 Using date: "2026-07-07"
[2026-07-07T05:47:46.615Z] 🔵 Clinic: "muneeb"
[2026-07-07T05:47:46.628Z] 🔵 Total duration: 60
[2026-07-07T05:47:46.629Z] 🔵 Using timezone: "Asia/Karachi"
[2026-07-07T05:47:46.630Z] 🔵 Day of week: "tuesday"
[2026-07-07T05:47:46.630Z] 🔵 Business hours for tuesday: {"open":"09:00","close":"23:00","isOpen":true}
[2026-07-07T05:47:46.630Z] 🔵 All business hours: {"monday":{"open":"09:00","close":"23:00","isOpen":true},"tuesday":{"open":"09:00","close":"23:00","isOpen":true},"wednesday":{"open":"09:00","close":"23:00","isOpen":true},"thursday":{"open":"09:00","close":"23:00","isOpen":true},"friday":{"open":"09:00","close":"23:00","isOpen":true},"saturday":{"open":"09:00","close":"18:00","isOpen":true},"sunday":{"open":"09:00","close":"18:00","isOpen":false}}
[2026-07-07T05:47:46.631Z] ✅ Clinic is open on tuesday from 09:00 to 23:00 
[2026-07-07T05:47:46.635Z] 🔵 Checking availability for 1 providers 
[2026-07-07T05:47:46.698Z] ✅ Found 25 slots for clinic: muneeb 
[2026-07-07T05:51:24.331Z] 🔵 Availability Request: {"clinicId":"4ca4e344-a7c6-473c-b3be-21b90c1ae067","serviceIds":["24484414-7772-4f7f-8d9c-26d45503d5fc"],"providerId":"d3e3aec9-5e11-4601-8b59-d22cbed98fa0","date":"2026-07-07"}
[2026-07-07T05:51:24.332Z] 🔵 Using date: "2026-07-07"
[2026-07-07T05:51:24.486Z] 🔵 Clinic: "muneeb"
[2026-07-07T05:51:24.510Z] 🔵 Total duration: 60
[2026-07-07T05:51:24.511Z] 🔵 Using timezone: "Asia/Karachi"
[2026-07-07T05:51:24.513Z] 🔵 Day of week: "tuesday"
[2026-07-07T05:51:24.517Z] 🔵 Business hours for tuesday: {"open":"09:00","close":"23:00","isOpen":true}
[2026-07-07T05:51:24.520Z] 🔵 All business hours: {"monday":{"open":"09:00","close":"23:00","isOpen":true},"tuesday":{"open":"09:00","close":"23:00","isOpen":true},"wednesday":{"open":"09:00","close":"23:00","isOpen":true},"thursday":{"open":"09:00","close":"23:00","isOpen":true},"friday":{"open":"09:00","close":"23:00","isOpen":true},"saturday":{"open":"09:00","close":"18:00","isOpen":true},"sunday":{"open":"09:00","close":"18:00","isOpen":false}}
[2026-07-07T05:51:24.528Z] ✅ Clinic is open on tuesday from 09:00 to 23:00 
[2026-07-07T05:51:24.544Z] 🔵 Checking availability for 1 providers 
[2026-07-07T05:51:24.609Z] ✅ Found 22 slots for clinic: muneeb 
[2026-07-07T05:51:42.222Z] 🔵 Availability Request: {"clinicId":"4ca4e344-a7c6-473c-b3be-21b90c1ae067","serviceIds":["24484414-7772-4f7f-8d9c-26d45503d5fc"],"providerId":"d3e3aec9-5e11-4601-8b59-d22cbed98fa0","date":"2026-07-06"}
[2026-07-07T05:51:42.223Z] 🔵 Using date: "2026-07-06"
[2026-07-07T05:51:42.332Z] 🔵 Clinic: "muneeb"
[2026-07-07T05:51:42.341Z] 🔵 Total duration: 60
[2026-07-07T05:51:42.344Z] 🔵 Using timezone: "Asia/Karachi"
[2026-07-07T05:51:42.350Z] 🔵 Day of week: "monday"
[2026-07-07T05:51:42.352Z] 🔵 Business hours for monday: {"open":"09:00","close":"23:00","isOpen":true}
[2026-07-07T05:51:42.354Z] 🔵 All business hours: {"monday":{"open":"09:00","close":"23:00","isOpen":true},"tuesday":{"open":"09:00","close":"23:00","isOpen":true},"wednesday":{"open":"09:00","close":"23:00","isOpen":true},"thursday":{"open":"09:00","close":"23:00","isOpen":true},"friday":{"open":"09:00","close":"23:00","isOpen":true},"saturday":{"open":"09:00","close":"18:00","isOpen":true},"sunday":{"open":"09:00","close":"18:00","isOpen":false}}
[2026-07-07T05:51:42.357Z] ✅ Clinic is open on monday from 09:00 to 23:00 
[2026-07-07T05:51:42.363Z] 🔵 Checking availability for 1 providers 
[2026-07-07T05:51:42.419Z] ✅ Found 25 slots for clinic: muneeb 
[2026-07-07T05:57:52.317Z] 🔵 Availability Request: {"clinicId":"4ca4e344-a7c6-473c-b3be-21b90c1ae067","serviceIds":["4776d73c-16be-4861-928e-31dc4838b441"],"providerId":"d3e3aec9-5e11-4601-8b59-d22cbed98fa0","date":"2026-07-29"}
[2026-07-07T05:57:52.586Z] 🔵 Using date: "2026-07-29"
[2026-07-07T05:57:52.698Z] 🔵 Clinic: "muneeb"
[2026-07-07T05:57:52.709Z] 🔵 Total duration: 60
[2026-07-07T05:57:52.710Z] 🔵 Using timezone: "Asia/Karachi"
[2026-07-07T05:57:52.724Z] 🔵 Day of week: "wednesday"
[2026-07-07T05:57:52.724Z] 🔵 Business hours for wednesday: {"open":"09:00","close":"23:00","isOpen":true}
[2026-07-07T05:57:52.728Z] 🔵 All business hours: {"monday":{"open":"09:00","close":"23:00","isOpen":true},"tuesday":{"open":"09:00","close":"23:00","isOpen":true},"wednesday":{"open":"09:00","close":"23:00","isOpen":true},"thursday":{"open":"09:00","close":"23:00","isOpen":true},"friday":{"open":"09:00","close":"23:00","isOpen":true},"saturday":{"open":"09:00","close":"18:00","isOpen":true},"sunday":{"open":"09:00","close":"18:00","isOpen":false}}
[2026-07-07T05:57:52.729Z] ✅ Clinic is open on wednesday from 09:00 to 23:00 
[2026-07-07T05:57:52.736Z] 🔵 Checking availability for 1 providers 
[2026-07-07T05:57:52.834Z] ✅ Found 24 slots for clinic: muneeb 
[2026-07-07T05:57:56.767Z] 🔵 Availability Request: {"clinicId":"4ca4e344-a7c6-473c-b3be-21b90c1ae067","serviceIds":["4776d73c-16be-4861-928e-31dc4838b441"],"providerId":"d3e3aec9-5e11-4601-8b59-d22cbed98fa0","date":"2026-07-30"}
[2026-07-07T05:57:56.775Z] 🔵 Using date: "2026-07-30"
[2026-07-07T05:57:56.793Z] 🔵 Clinic: "muneeb"
[2026-07-07T05:57:56.802Z] 🔵 Total duration: 60
[2026-07-07T05:57:56.802Z] 🔵 Using timezone: "Asia/Karachi"
[2026-07-07T05:57:56.803Z] 🔵 Day of week: "thursday"
[2026-07-07T05:57:56.804Z] 🔵 Business hours for thursday: {"open":"09:00","close":"23:00","isOpen":true}
[2026-07-07T05:57:56.806Z] 🔵 All business hours: {"monday":{"open":"09:00","close":"23:00","isOpen":true},"tuesday":{"open":"09:00","close":"23:00","isOpen":true},"wednesday":{"open":"09:00","close":"23:00","isOpen":true},"thursday":{"open":"09:00","close":"23:00","isOpen":true},"friday":{"open":"09:00","close":"23:00","isOpen":true},"saturday":{"open":"09:00","close":"18:00","isOpen":true},"sunday":{"open":"09:00","close":"18:00","isOpen":false}}
[2026-07-07T05:57:56.807Z] ✅ Clinic is open on thursday from 09:00 to 23:00 
[2026-07-07T05:57:56.812Z] 🔵 Checking availability for 1 providers 
[2026-07-07T05:57:56.824Z] ✅ Found 0 slots for clinic: muneeb 
[2026-07-07T05:58:03.038Z] 🔵 Availability Request: {"clinicId":"4ca4e344-a7c6-473c-b3be-21b90c1ae067","serviceIds":["4776d73c-16be-4861-928e-31dc4838b441"],"providerId":"d3e3aec9-5e11-4601-8b59-d22cbed98fa0","date":"2026-07-29"}
[2026-07-07T05:58:03.042Z] 🔵 Using date: "2026-07-29"
[2026-07-07T05:58:03.080Z] 🔵 Clinic: "muneeb"
[2026-07-07T05:58:03.093Z] 🔵 Total duration: 60
[2026-07-07T05:58:03.095Z] 🔵 Using timezone: "Asia/Karachi"
[2026-07-07T05:58:03.099Z] 🔵 Day of week: "wednesday"
[2026-07-07T05:58:03.100Z] 🔵 Business hours for wednesday: {"open":"09:00","close":"23:00","isOpen":true}
[2026-07-07T05:58:03.100Z] 🔵 All business hours: {"monday":{"open":"09:00","close":"23:00","isOpen":true},"tuesday":{"open":"09:00","close":"23:00","isOpen":true},"wednesday":{"open":"09:00","close":"23:00","isOpen":true},"thursday":{"open":"09:00","close":"23:00","isOpen":true},"friday":{"open":"09:00","close":"23:00","isOpen":true},"saturday":{"open":"09:00","close":"18:00","isOpen":true},"sunday":{"open":"09:00","close":"18:00","isOpen":false}}
[2026-07-07T05:58:03.101Z] ✅ Clinic is open on wednesday from 09:00 to 23:00 
[2026-07-07T05:58:03.106Z] 🔵 Checking availability for 1 providers 
[2026-07-07T05:58:03.132Z] ✅ Found 24 slots for clinic: muneeb 
[2026-07-07T06:14:05.581Z] 🔵 Availability Request: {"clinicId":"4ca4e344-a7c6-473c-b3be-21b90c1ae067","serviceIds":["4776d73c-16be-4861-928e-31dc4838b441"],"providerId":"d3e3aec9-5e11-4601-8b59-d22cbed98fa0","date":"2026-07-07"}
[2026-07-07T06:14:05.607Z] 🔵 Using date: "2026-07-07"
[2026-07-07T06:14:05.641Z] 🔵 Clinic: "muneeb"
[2026-07-07T06:14:05.646Z] 🔵 Total duration: 60
[2026-07-07T06:14:05.647Z] 🔵 Using timezone: "Asia/Karachi"
[2026-07-07T06:14:05.654Z] 🔵 Day of week: "tuesday"
[2026-07-07T06:14:05.655Z] 🔵 Business hours for tuesday: {"open":"09:00","close":"23:00","isOpen":true}
[2026-07-07T06:14:05.657Z] 🔵 All business hours: {"monday":{"open":"09:00","close":"23:00","isOpen":true},"tuesday":{"open":"09:00","close":"23:00","isOpen":true},"wednesday":{"open":"09:00","close":"23:00","isOpen":true},"thursday":{"open":"09:00","close":"23:00","isOpen":true},"friday":{"open":"09:00","close":"23:00","isOpen":true},"saturday":{"open":"09:00","close":"18:00","isOpen":true},"sunday":{"open":"09:00","close":"18:00","isOpen":false}}
[2026-07-07T06:14:05.658Z] ✅ Clinic is open on tuesday from 09:00 to 23:00 
[2026-07-07T06:14:05.662Z] 🔵 Checking availability for 1 providers 
[2026-07-07T06:14:05.701Z] ✅ Found 22 slots for clinic: muneeb 
[2026-07-07T06:14:34.278Z] 🔵 Availability Request: {"clinicId":"4ca4e344-a7c6-473c-b3be-21b90c1ae067","serviceIds":["4776d73c-16be-4861-928e-31dc4838b441"],"providerId":"d3e3aec9-5e11-4601-8b59-d22cbed98fa0","date":"2026-07-07"}
[2026-07-07T06:14:34.279Z] 🔵 Using date: "2026-07-07"
[2026-07-07T06:14:34.357Z] 🔵 Clinic: "muneeb"
[2026-07-07T06:14:34.367Z] 🔵 Total duration: 60
[2026-07-07T06:14:34.368Z] 🔵 Using timezone: "Asia/Karachi"
[2026-07-07T06:14:34.371Z] 🔵 Day of week: "tuesday"
[2026-07-07T06:14:34.373Z] 🔵 Business hours for tuesday: {"open":"09:00","close":"23:00","isOpen":true}
[2026-07-07T06:14:34.374Z] 🔵 All business hours: {"monday":{"open":"09:00","close":"23:00","isOpen":true},"tuesday":{"open":"09:00","close":"23:00","isOpen":true},"wednesday":{"open":"09:00","close":"23:00","isOpen":true},"thursday":{"open":"09:00","close":"23:00","isOpen":true},"friday":{"open":"09:00","close":"23:00","isOpen":true},"saturday":{"open":"09:00","close":"18:00","isOpen":true},"sunday":{"open":"09:00","close":"18:00","isOpen":false}}
[2026-07-07T06:14:34.374Z] ✅ Clinic is open on tuesday from 09:00 to 23:00 
[2026-07-07T06:14:34.378Z] 🔵 Checking availability for 1 providers 
[2026-07-07T06:14:34.426Z] ✅ Found 20 slots for clinic: muneeb 
[2026-07-07T06:14:43.796Z] 🔵 Availability Request: {"clinicId":"4ca4e344-a7c6-473c-b3be-21b90c1ae067","serviceIds":["4776d73c-16be-4861-928e-31dc4838b441"],"providerId":"d3e3aec9-5e11-4601-8b59-d22cbed98fa0","date":"2026-07-29"}
[2026-07-07T06:14:43.798Z] 🔵 Using date: "2026-07-29"
[2026-07-07T06:14:43.873Z] 🔵 Clinic: "muneeb"
[2026-07-07T06:14:43.884Z] 🔵 Total duration: 60
[2026-07-07T06:14:43.885Z] 🔵 Using timezone: "Asia/Karachi"
[2026-07-07T06:14:43.896Z] 🔵 Day of week: "wednesday"
[2026-07-07T06:14:43.898Z] 🔵 Business hours for wednesday: {"open":"09:00","close":"23:00","isOpen":true}
[2026-07-07T06:14:43.900Z] 🔵 All business hours: {"monday":{"open":"09:00","close":"23:00","isOpen":true},"tuesday":{"open":"09:00","close":"23:00","isOpen":true},"wednesday":{"open":"09:00","close":"23:00","isOpen":true},"thursday":{"open":"09:00","close":"23:00","isOpen":true},"friday":{"open":"09:00","close":"23:00","isOpen":true},"saturday":{"open":"09:00","close":"18:00","isOpen":true},"sunday":{"open":"09:00","close":"18:00","isOpen":false}}
[2026-07-07T06:14:43.907Z] ✅ Clinic is open on wednesday from 09:00 to 23:00 
[2026-07-07T06:14:43.912Z] 🔵 Checking availability for 1 providers 
[2026-07-07T06:14:43.958Z] ✅ Found 24 slots for clinic: muneeb 
[2026-07-07T06:57:19.464Z] 🔵 Availability Request: {"clinicId":"4ca4e344-a7c6-473c-b3be-21b90c1ae067","serviceIds":["24484414-7772-4f7f-8d9c-26d45503d5fc"],"providerId":"d3e3aec9-5e11-4601-8b59-d22cbed98fa0","date":"2026-07-07"}
[2026-07-07T06:57:19.515Z] 🔵 Using date: "2026-07-07"
[2026-07-07T06:57:19.626Z] 🔵 Clinic: "muneeb"
[2026-07-07T06:57:19.634Z] 🔵 Total duration: 60
[2026-07-07T06:57:19.635Z] 🔵 Using timezone: "Asia/Karachi"
[2026-07-07T06:57:19.707Z] 🔵 Day of week: "tuesday"
[2026-07-07T06:57:19.709Z] 🔵 Business hours for tuesday: {"open":"09:00","close":"23:00","isOpen":true}
[2026-07-07T06:57:19.711Z] 🔵 All business hours: {"monday":{"open":"09:00","close":"23:00","isOpen":true},"tuesday":{"open":"09:00","close":"23:00","isOpen":true},"wednesday":{"open":"09:00","close":"23:00","isOpen":true},"thursday":{"open":"09:00","close":"23:00","isOpen":true},"friday":{"open":"09:00","close":"23:00","isOpen":true},"saturday":{"open":"09:00","close":"18:00","isOpen":true},"sunday":{"open":"09:00","close":"18:00","isOpen":false}}
[2026-07-07T06:57:19.714Z] ✅ Clinic is open on tuesday from 09:00 to 23:00 
[2026-07-07T06:57:19.725Z] 🔵 Checking availability for 1 providers 
[2026-07-07T06:57:19.892Z] ✅ Found 20 slots for clinic: muneeb 
[2026-07-07T07:01:00.266Z] 🔵 Availability Request: {"clinicId":"4ca4e344-a7c6-473c-b3be-21b90c1ae067","serviceIds":["24484414-7772-4f7f-8d9c-26d45503d5fc"],"providerId":"d3e3aec9-5e11-4601-8b59-d22cbed98fa0","date":"2026-07-07"}
[2026-07-07T07:01:00.267Z] 🔵 Using date: "2026-07-07"
[2026-07-07T07:01:00.402Z] 🔵 Clinic: "muneeb"
[2026-07-07T07:01:00.415Z] 🔵 Total duration: 60
[2026-07-07T07:01:00.415Z] 🔵 Using timezone: "Asia/Karachi"
[2026-07-07T07:01:00.417Z] 🔵 Day of week: "tuesday"
[2026-07-07T07:01:00.417Z] 🔵 Business hours for tuesday: {"open":"09:00","close":"23:00","isOpen":true}
[2026-07-07T07:01:00.418Z] 🔵 All business hours: {"monday":{"open":"09:00","close":"23:00","isOpen":true},"tuesday":{"open":"09:00","close":"23:00","isOpen":true},"wednesday":{"open":"09:00","close":"23:00","isOpen":true},"thursday":{"open":"09:00","close":"23:00","isOpen":true},"friday":{"open":"09:00","close":"23:00","isOpen":true},"saturday":{"open":"09:00","close":"18:00","isOpen":true},"sunday":{"open":"09:00","close":"18:00","isOpen":false}}
[2026-07-07T07:01:00.419Z] ✅ Clinic is open on tuesday from 09:00 to 23:00 
[2026-07-07T07:01:00.430Z] 🔵 Checking availability for 1 providers 
[2026-07-07T07:01:00.494Z] ✅ Found 20 slots for clinic: muneeb 
[2026-07-07T07:03:10.845Z] 🔵 Availability Request: {"clinicId":"4ca4e344-a7c6-473c-b3be-21b90c1ae067","serviceIds":["24484414-7772-4f7f-8d9c-26d45503d5fc"],"providerId":"d3e3aec9-5e11-4601-8b59-d22cbed98fa0","date":"2026-07-07"}
[2026-07-07T07:03:10.846Z] 🔵 Using date: "2026-07-07"
[2026-07-07T07:03:10.957Z] 🔵 Clinic: "muneeb"
[2026-07-07T07:03:10.970Z] 🔵 Total duration: 60
[2026-07-07T07:03:10.971Z] 🔵 Using timezone: "Asia/Karachi"
[2026-07-07T07:03:10.973Z] 🔵 Day of week: "tuesday"
[2026-07-07T07:03:10.974Z] 🔵 Business hours for tuesday: {"open":"09:00","close":"23:00","isOpen":true}
[2026-07-07T07:03:10.975Z] 🔵 All business hours: {"monday":{"open":"09:00","close":"23:00","isOpen":true},"tuesday":{"open":"09:00","close":"23:00","isOpen":true},"wednesday":{"open":"09:00","close":"23:00","isOpen":true},"thursday":{"open":"09:00","close":"23:00","isOpen":true},"friday":{"open":"09:00","close":"23:00","isOpen":true},"saturday":{"open":"09:00","close":"18:00","isOpen":true},"sunday":{"open":"09:00","close":"18:00","isOpen":false}}
[2026-07-07T07:03:10.976Z] ✅ Clinic is open on tuesday from 09:00 to 23:00 
[2026-07-07T07:03:10.981Z] 🔵 Checking availability for 1 providers 
[2026-07-07T07:03:11.024Z] ✅ Found 20 slots for clinic: muneeb 
[2026-07-07T07:22:37.752Z] 🔵 Availability Request: {"clinicId":"4ca4e344-a7c6-473c-b3be-21b90c1ae067","serviceIds":["4776d73c-16be-4861-928e-31dc4838b441"],"providerId":"d3e3aec9-5e11-4601-8b59-d22cbed98fa0","date":"2026-07-07"}
[2026-07-07T07:22:37.757Z] 🔵 Using date: "2026-07-07"
[2026-07-07T07:22:37.787Z] 🔵 Clinic: "muneeb"
[2026-07-07T07:22:37.793Z] 🔵 Total duration: 60
[2026-07-07T07:22:37.793Z] 🔵 Using timezone: "Asia/Karachi"
[2026-07-07T07:22:37.794Z] 🔵 Day of week: "tuesday"
[2026-07-07T07:22:37.795Z] 🔵 Business hours for tuesday: {"open":"09:00","close":"23:00","isOpen":true}
[2026-07-07T07:22:37.796Z] 🔵 All business hours: {"monday":{"open":"09:00","close":"23:00","isOpen":true},"tuesday":{"open":"09:00","close":"23:00","isOpen":true},"wednesday":{"open":"09:00","close":"23:00","isOpen":true},"thursday":{"open":"09:00","close":"23:00","isOpen":true},"friday":{"open":"09:00","close":"23:00","isOpen":true},"saturday":{"open":"09:00","close":"18:00","isOpen":true},"sunday":{"open":"09:00","close":"18:00","isOpen":false}}
[2026-07-07T07:22:37.796Z] ✅ Clinic is open on tuesday from 09:00 to 23:00 
[2026-07-07T07:22:37.800Z] 🔵 Checking availability for 1 providers 
[2026-07-07T07:22:37.839Z] ✅ Found 20 slots for clinic: muneeb 
[2026-07-07T07:22:53.539Z] 🔵 Availability Request: {"clinicId":"4ca4e344-a7c6-473c-b3be-21b90c1ae067","serviceIds":["24484414-7772-4f7f-8d9c-26d45503d5fc"],"providerId":"d3e3aec9-5e11-4601-8b59-d22cbed98fa0","date":"2026-07-07"}
[2026-07-07T07:22:53.539Z] 🔵 Using date: "2026-07-07"
[2026-07-07T07:22:53.603Z] 🔵 Clinic: "muneeb"
[2026-07-07T07:22:53.616Z] 🔵 Total duration: 60
[2026-07-07T07:22:53.617Z] 🔵 Using timezone: "Asia/Karachi"
[2026-07-07T07:22:53.620Z] 🔵 Day of week: "tuesday"
[2026-07-07T07:22:53.626Z] 🔵 Business hours for tuesday: {"open":"09:00","close":"23:00","isOpen":true}
[2026-07-07T07:22:53.627Z] 🔵 All business hours: {"monday":{"open":"09:00","close":"23:00","isOpen":true},"tuesday":{"open":"09:00","close":"23:00","isOpen":true},"wednesday":{"open":"09:00","close":"23:00","isOpen":true},"thursday":{"open":"09:00","close":"23:00","isOpen":true},"friday":{"open":"09:00","close":"23:00","isOpen":true},"saturday":{"open":"09:00","close":"18:00","isOpen":true},"sunday":{"open":"09:00","close":"18:00","isOpen":false}}
[2026-07-07T07:22:53.628Z] ✅ Clinic is open on tuesday from 09:00 to 23:00 
[2026-07-07T07:22:53.632Z] 🔵 Checking availability for 1 providers 
[2026-07-07T07:22:53.662Z] ✅ Found 20 slots for clinic: muneeb 
[2026-07-07T07:22:56.597Z] 🔵 Availability Request: {"clinicId":"4ca4e344-a7c6-473c-b3be-21b90c1ae067","serviceIds":["4776d73c-16be-4861-928e-31dc4838b441"],"providerId":"d3e3aec9-5e11-4601-8b59-d22cbed98fa0","date":"2026-07-07"}
[2026-07-07T07:22:56.597Z] 🔵 Using date: "2026-07-07"
[2026-07-07T07:22:56.620Z] 🔵 Clinic: "muneeb"
[2026-07-07T07:22:56.628Z] 🔵 Total duration: 60
[2026-07-07T07:22:56.629Z] 🔵 Using timezone: "Asia/Karachi"
[2026-07-07T07:22:56.630Z] 🔵 Day of week: "tuesday"
[2026-07-07T07:22:56.631Z] 🔵 Business hours for tuesday: {"open":"09:00","close":"23:00","isOpen":true}
[2026-07-07T07:22:56.632Z] 🔵 All business hours: {"monday":{"open":"09:00","close":"23:00","isOpen":true},"tuesday":{"open":"09:00","close":"23:00","isOpen":true},"wednesday":{"open":"09:00","close":"23:00","isOpen":true},"thursday":{"open":"09:00","close":"23:00","isOpen":true},"friday":{"open":"09:00","close":"23:00","isOpen":true},"saturday":{"open":"09:00","close":"18:00","isOpen":true},"sunday":{"open":"09:00","close":"18:00","isOpen":false}}
[2026-07-07T07:22:56.633Z] ✅ Clinic is open on tuesday from 09:00 to 23:00 
[2026-07-07T07:22:56.639Z] 🔵 Checking availability for 1 providers 
[2026-07-07T07:22:56.658Z] ✅ Found 20 slots for clinic: muneeb 
[2026-07-07T07:22:59.874Z] 🔵 Availability Request: {"clinicId":"4ca4e344-a7c6-473c-b3be-21b90c1ae067","serviceIds":["967e0ea6-9422-4579-93e6-23ea3201b1c9"],"providerId":"d3e3aec9-5e11-4601-8b59-d22cbed98fa0","date":"2026-07-07"}
[2026-07-07T07:22:59.875Z] 🔵 Using date: "2026-07-07"
[2026-07-07T07:22:59.895Z] 🔵 Clinic: "muneeb"
[2026-07-07T07:22:59.901Z] 🔵 Total duration: 60
[2026-07-07T07:22:59.904Z] 🔵 Using timezone: "Asia/Karachi"
[2026-07-07T07:22:59.906Z] 🔵 Day of week: "tuesday"
[2026-07-07T07:22:59.907Z] 🔵 Business hours for tuesday: {"open":"09:00","close":"23:00","isOpen":true}
[2026-07-07T07:22:59.908Z] 🔵 All business hours: {"monday":{"open":"09:00","close":"23:00","isOpen":true},"tuesday":{"open":"09:00","close":"23:00","isOpen":true},"wednesday":{"open":"09:00","close":"23:00","isOpen":true},"thursday":{"open":"09:00","close":"23:00","isOpen":true},"friday":{"open":"09:00","close":"23:00","isOpen":true},"saturday":{"open":"09:00","close":"18:00","isOpen":true},"sunday":{"open":"09:00","close":"18:00","isOpen":false}}
[2026-07-07T07:22:59.909Z] ✅ Clinic is open on tuesday from 09:00 to 23:00 
[2026-07-07T07:22:59.913Z] 🔵 Checking availability for 1 providers 
[2026-07-07T07:22:59.928Z] ✅ Found 20 slots for clinic: muneeb 
[2026-07-07T07:24:08.610Z] 🔵 Availability Request: {"clinicId":"4ca4e344-a7c6-473c-b3be-21b90c1ae067","serviceIds":["967e0ea6-9422-4579-93e6-23ea3201b1c9"],"providerId":"d3e3aec9-5e11-4601-8b59-d22cbed98fa0","date":"2026-07-07"}
[2026-07-07T07:24:08.610Z] 🔵 Using date: "2026-07-07"
[2026-07-07T07:24:08.685Z] 🔵 Clinic: "muneeb"
[2026-07-07T07:24:08.690Z] 🔵 Total duration: 60
[2026-07-07T07:24:08.691Z] 🔵 Using timezone: "Asia/Karachi"
[2026-07-07T07:24:08.692Z] 🔵 Day of week: "tuesday"
[2026-07-07T07:24:08.692Z] 🔵 Business hours for tuesday: {"open":"09:00","close":"23:00","isOpen":true}
[2026-07-07T07:24:08.693Z] 🔵 All business hours: {"monday":{"open":"09:00","close":"23:00","isOpen":true},"tuesday":{"open":"09:00","close":"23:00","isOpen":true},"wednesday":{"open":"09:00","close":"23:00","isOpen":true},"thursday":{"open":"09:00","close":"23:00","isOpen":true},"friday":{"open":"09:00","close":"23:00","isOpen":true},"saturday":{"open":"09:00","close":"18:00","isOpen":true},"sunday":{"open":"09:00","close":"18:00","isOpen":false}}
[2026-07-07T07:24:08.693Z] ✅ Clinic is open on tuesday from 09:00 to 23:00 
[2026-07-07T07:24:08.698Z] 🔵 Checking availability for 1 providers 
[2026-07-07T07:24:08.713Z] 🔵 Availability Request: {"clinicId":"4ca4e344-a7c6-473c-b3be-21b90c1ae067","serviceIds":["24484414-7772-4f7f-8d9c-26d45503d5fc"],"providerId":"d3e3aec9-5e11-4601-8b59-d22cbed98fa0","date":"2026-07-07"}
[2026-07-07T07:24:08.713Z] 🔵 Using date: "2026-07-07"
[2026-07-07T07:24:08.741Z] ✅ Found 20 slots for clinic: muneeb 
[2026-07-07T07:24:08.744Z] 🔵 Clinic: "muneeb"
[2026-07-07T07:24:08.748Z] 🔵 Total duration: 60
[2026-07-07T07:24:08.749Z] 🔵 Using timezone: "Asia/Karachi"
[2026-07-07T07:24:08.749Z] 🔵 Day of week: "tuesday"
[2026-07-07T07:24:08.750Z] 🔵 Business hours for tuesday: {"open":"09:00","close":"23:00","isOpen":true}
[2026-07-07T07:24:08.750Z] 🔵 All business hours: {"monday":{"open":"09:00","close":"23:00","isOpen":true},"tuesday":{"open":"09:00","close":"23:00","isOpen":true},"wednesday":{"open":"09:00","close":"23:00","isOpen":true},"thursday":{"open":"09:00","close":"23:00","isOpen":true},"friday":{"open":"09:00","close":"23:00","isOpen":true},"saturday":{"open":"09:00","close":"18:00","isOpen":true},"sunday":{"open":"09:00","close":"18:00","isOpen":false}}
[2026-07-07T07:24:08.751Z] ✅ Clinic is open on tuesday from 09:00 to 23:00 
[2026-07-07T07:24:08.754Z] 🔵 Checking availability for 1 providers 
[2026-07-07T07:24:08.799Z] ✅ Found 20 slots for clinic: muneeb 
[2026-07-07T07:24:33.408Z] 🔵 Availability Request: {"clinicId":"4ca4e344-a7c6-473c-b3be-21b90c1ae067","serviceIds":["4776d73c-16be-4861-928e-31dc4838b441"],"providerId":"d3e3aec9-5e11-4601-8b59-d22cbed98fa0","date":"2026-07-07"}
[2026-07-07T07:24:33.409Z] 🔵 Using date: "2026-07-07"
[2026-07-07T07:24:33.523Z] 🔵 Clinic: "muneeb"
[2026-07-07T07:24:33.537Z] 🔵 Total duration: 60
[2026-07-07T07:24:33.538Z] 🔵 Using timezone: "Asia/Karachi"
[2026-07-07T07:24:33.539Z] 🔵 Day of week: "tuesday"
[2026-07-07T07:24:33.540Z] 🔵 Business hours for tuesday: {"open":"09:00","close":"23:00","isOpen":true}
[2026-07-07T07:24:33.541Z] 🔵 All business hours: {"monday":{"open":"09:00","close":"23:00","isOpen":true},"tuesday":{"open":"09:00","close":"23:00","isOpen":true},"wednesday":{"open":"09:00","close":"23:00","isOpen":true},"thursday":{"open":"09:00","close":"23:00","isOpen":true},"friday":{"open":"09:00","close":"23:00","isOpen":true},"saturday":{"open":"09:00","close":"18:00","isOpen":true},"sunday":{"open":"09:00","close":"18:00","isOpen":false}}
[2026-07-07T07:24:33.541Z] ✅ Clinic is open on tuesday from 09:00 to 23:00 
[2026-07-07T07:24:33.551Z] 🔵 Checking availability for 1 providers 
[2026-07-07T07:24:33.596Z] ✅ Found 20 slots for clinic: muneeb 
[2026-07-07T07:25:52.634Z] 🔵 Availability Request: {"clinicId":"4ca4e344-a7c6-473c-b3be-21b90c1ae067","serviceIds":["4776d73c-16be-4861-928e-31dc4838b441"],"providerId":"d3e3aec9-5e11-4601-8b59-d22cbed98fa0","date":"2026-07-05"}
[2026-07-07T07:25:52.635Z] 🔵 Using date: "2026-07-05"
[2026-07-07T07:25:52.701Z] 🔵 Clinic: "muneeb"
[2026-07-07T07:25:52.709Z] 🔵 Total duration: 60
[2026-07-07T07:25:52.711Z] 🔵 Using timezone: "Asia/Karachi"
[2026-07-07T07:25:52.714Z] 🔵 Day of week: "sunday"
[2026-07-07T07:25:52.715Z] 🔵 Business hours for sunday: {"open":"09:00","close":"18:00","isOpen":false}
[2026-07-07T07:25:52.716Z] 🔵 All business hours: {"monday":{"open":"09:00","close":"23:00","isOpen":true},"tuesday":{"open":"09:00","close":"23:00","isOpen":true},"wednesday":{"open":"09:00","close":"23:00","isOpen":true},"thursday":{"open":"09:00","close":"23:00","isOpen":true},"friday":{"open":"09:00","close":"23:00","isOpen":true},"saturday":{"open":"09:00","close":"18:00","isOpen":true},"sunday":{"open":"09:00","close":"18:00","isOpen":false}}
[2026-07-07T07:25:55.789Z] 🔵 Availability Request: {"clinicId":"4ca4e344-a7c6-473c-b3be-21b90c1ae067","serviceIds":["4776d73c-16be-4861-928e-31dc4838b441"],"providerId":"d3e3aec9-5e11-4601-8b59-d22cbed98fa0","date":"2026-07-05"}
[2026-07-07T07:25:55.790Z] 🔵 Using date: "2026-07-05"
[2026-07-07T07:25:55.835Z] 🔵 Clinic: "muneeb"
[2026-07-07T07:25:55.845Z] 🔵 Total duration: 60
[2026-07-07T07:25:55.846Z] 🔵 Using timezone: "Asia/Karachi"
[2026-07-07T07:25:55.855Z] 🔵 Day of week: "sunday"
[2026-07-07T07:25:55.856Z] 🔵 Business hours for sunday: {"open":"09:00","close":"18:00","isOpen":false}
[2026-07-07T07:25:55.858Z] 🔵 All business hours: {"monday":{"open":"09:00","close":"23:00","isOpen":true},"tuesday":{"open":"09:00","close":"23:00","isOpen":true},"wednesday":{"open":"09:00","close":"23:00","isOpen":true},"thursday":{"open":"09:00","close":"23:00","isOpen":true},"friday":{"open":"09:00","close":"23:00","isOpen":true},"saturday":{"open":"09:00","close":"18:00","isOpen":true},"sunday":{"open":"09:00","close":"18:00","isOpen":false}}
[2026-07-07T07:27:40.122Z] 🔵 Availability Request: {"clinicId":"4ca4e344-a7c6-473c-b3be-21b90c1ae067","serviceIds":["24484414-7772-4f7f-8d9c-26d45503d5fc"],"providerId":"d3e3aec9-5e11-4601-8b59-d22cbed98fa0","date":"2026-07-07"}
[2026-07-07T07:27:40.123Z] 🔵 Using date: "2026-07-07"
[2026-07-07T07:27:40.150Z] 🔵 Clinic: "muneeb"
[2026-07-07T07:27:40.155Z] 🔵 Total duration: 60
[2026-07-07T07:27:40.156Z] 🔵 Using timezone: "Asia/Karachi"
[2026-07-07T07:27:40.158Z] 🔵 Day of week: "tuesday"
[2026-07-07T07:27:40.158Z] 🔵 Business hours for tuesday: {"open":"09:00","close":"23:00","isOpen":true}
[2026-07-07T07:27:40.159Z] 🔵 All business hours: {"monday":{"open":"09:00","close":"23:00","isOpen":true},"tuesday":{"open":"09:00","close":"23:00","isOpen":true},"wednesday":{"open":"09:00","close":"23:00","isOpen":true},"thursday":{"open":"09:00","close":"23:00","isOpen":true},"friday":{"open":"09:00","close":"23:00","isOpen":true},"saturday":{"open":"09:00","close":"18:00","isOpen":true},"sunday":{"open":"09:00","close":"18:00","isOpen":false}}
[2026-07-07T07:27:40.160Z] ✅ Clinic is open on tuesday from 09:00 to 23:00 
[2026-07-07T07:27:40.169Z] 🔵 Checking availability for 1 providers 
[2026-07-07T07:27:40.217Z] ✅ Found 20 slots for clinic: muneeb 
[2026-07-07T07:37:08.137Z] 🔵 Availability Request: {"clinicId":"4ca4e344-a7c6-473c-b3be-21b90c1ae067","serviceIds":["967e0ea6-9422-4579-93e6-23ea3201b1c9"],"providerId":null,"date":"2026-07-07"}
[2026-07-07T07:37:08.138Z] 🔵 Using date: "2026-07-07"
[2026-07-07T07:37:08.184Z] 🔵 Clinic: "muneeb"
[2026-07-07T07:37:08.190Z] 🔵 Total duration: 60
[2026-07-07T07:37:08.191Z] 🔵 Using timezone: "Asia/Karachi"
[2026-07-07T07:37:08.208Z] 🔵 Day of week: "tuesday"
[2026-07-07T07:37:08.218Z] 🔵 Business hours for tuesday: {"open":"09:00","close":"23:00","isOpen":true}
[2026-07-07T07:37:08.220Z] 🔵 All business hours: {"monday":{"open":"09:00","close":"23:00","isOpen":true},"tuesday":{"open":"09:00","close":"23:00","isOpen":true},"wednesday":{"open":"09:00","close":"23:00","isOpen":true},"thursday":{"open":"09:00","close":"23:00","isOpen":true},"friday":{"open":"09:00","close":"23:00","isOpen":true},"saturday":{"open":"09:00","close":"18:00","isOpen":true},"sunday":{"open":"09:00","close":"18:00","isOpen":false}}
[2026-07-07T07:37:08.221Z] ✅ Clinic is open on tuesday from 09:00 to 23:00 
[2026-07-07T07:37:08.312Z] 🔵 Checking availability for 6 providers 
[2026-07-07T07:37:08.411Z] ✅ Found 19 slots for clinic: muneeb 
[2026-07-07T07:47:57.229Z] 🔵 Availability Request: {"clinicId":"4ca4e344-a7c6-473c-b3be-21b90c1ae067","serviceIds":["4776d73c-16be-4861-928e-31dc4838b441"],"providerId":"343abd7b-587f-4447-9a1d-eabfc843334d","date":"2026-07-07"}
[2026-07-07T07:47:57.511Z] 🔵 Using date: "2026-07-07"
[2026-07-07T07:47:57.548Z] 🔵 Clinic: "muneeb"
[2026-07-07T07:47:57.568Z] 🔵 Total duration: 60
[2026-07-07T07:47:57.569Z] 🔵 Using timezone: "Asia/Karachi"
[2026-07-07T07:47:57.571Z] 🔵 Day of week: "tuesday"
[2026-07-07T07:47:57.571Z] 🔵 Business hours for tuesday: {"open":"09:00","close":"23:00","isOpen":true}
[2026-07-07T07:47:57.573Z] 🔵 All business hours: {"monday":{"open":"09:00","close":"23:00","isOpen":true},"tuesday":{"open":"09:00","close":"23:00","isOpen":true},"wednesday":{"open":"09:00","close":"23:00","isOpen":true},"thursday":{"open":"09:00","close":"23:00","isOpen":true},"friday":{"open":"09:00","close":"23:00","isOpen":true},"saturday":{"open":"09:00","close":"18:00","isOpen":true},"sunday":{"open":"09:00","close":"18:00","isOpen":false}}
[2026-07-07T07:47:57.576Z] ✅ Clinic is open on tuesday from 09:00 to 23:00 
[2026-07-07T07:47:57.580Z] 🔵 Checking availability for 1 providers 
[2026-07-07T07:47:57.652Z] ✅ Found 17 slots for clinic: muneeb 
[2026-07-07T07:48:04.265Z] 🔵 Availability Request: {"clinicId":"4ca4e344-a7c6-473c-b3be-21b90c1ae067","serviceIds":["4776d73c-16be-4861-928e-31dc4838b441"],"providerId":"343abd7b-587f-4447-9a1d-eabfc843334d","date":"2026-07-24"}
[2026-07-07T07:48:04.267Z] 🔵 Using date: "2026-07-24"
[2026-07-07T07:48:04.294Z] 🔵 Clinic: "muneeb"
[2026-07-07T07:48:04.306Z] 🔵 Total duration: 60
[2026-07-07T07:48:04.307Z] 🔵 Using timezone: "Asia/Karachi"
[2026-07-07T07:48:04.311Z] 🔵 Day of week: "friday"
[2026-07-07T07:48:04.312Z] 🔵 Business hours for friday: {"open":"09:00","close":"23:00","isOpen":true}
[2026-07-07T07:48:04.315Z] 🔵 All business hours: {"monday":{"open":"09:00","close":"23:00","isOpen":true},"tuesday":{"open":"09:00","close":"23:00","isOpen":true},"wednesday":{"open":"09:00","close":"23:00","isOpen":true},"thursday":{"open":"09:00","close":"23:00","isOpen":true},"friday":{"open":"09:00","close":"23:00","isOpen":true},"saturday":{"open":"09:00","close":"18:00","isOpen":true},"sunday":{"open":"09:00","close":"18:00","isOpen":false}}
[2026-07-07T07:48:04.318Z] ✅ Clinic is open on friday from 09:00 to 23:00 
[2026-07-07T07:48:04.322Z] 🔵 Checking availability for 1 providers 
[2026-07-07T07:48:04.379Z] ✅ Found 21 slots for clinic: muneeb 
[2026-07-07T08:06:40.775Z] 🔵 Availability Request: {"clinicId":"4ca4e344-a7c6-473c-b3be-21b90c1ae067","serviceIds":["4776d73c-16be-4861-928e-31dc4838b441"],"providerId":"d3e3aec9-5e11-4601-8b59-d22cbed98fa0","date":"2026-07-07"}
[2026-07-07T08:06:40.796Z] 🔵 Using date: "2026-07-07"
[2026-07-07T08:06:40.816Z] 🔵 Clinic: "muneeb"
[2026-07-07T08:06:40.826Z] 🔵 Total duration: 60
[2026-07-07T08:06:40.827Z] 🔵 Using timezone: "Asia/Karachi"
[2026-07-07T08:06:40.835Z] 🔵 Day of week: "tuesday"
[2026-07-07T08:06:40.837Z] 🔵 Business hours for tuesday: {"open":"09:00","close":"23:00","isOpen":true}
[2026-07-07T08:06:40.838Z] 🔵 All business hours: {"monday":{"open":"09:00","close":"23:00","isOpen":true},"tuesday":{"open":"09:00","close":"23:00","isOpen":true},"wednesday":{"open":"09:00","close":"23:00","isOpen":true},"thursday":{"open":"09:00","close":"23:00","isOpen":true},"friday":{"open":"09:00","close":"23:00","isOpen":true},"saturday":{"open":"09:00","close":"18:00","isOpen":true},"sunday":{"open":"09:00","close":"18:00","isOpen":false}}
[2026-07-07T08:06:40.841Z] ✅ Clinic is open on tuesday from 09:00 to 23:00 
[2026-07-07T08:06:40.857Z] 🔵 Checking availability for 1 providers 
[2026-07-07T08:06:40.919Z] ✅ Found 17 slots for clinic: muneeb 
[2026-07-07T08:06:45.925Z] 🔵 Availability Request: {"clinicId":"4ca4e344-a7c6-473c-b3be-21b90c1ae067","serviceIds":["4776d73c-16be-4861-928e-31dc4838b441"],"providerId":"d3e3aec9-5e11-4601-8b59-d22cbed98fa0","date":"2026-07-31"}
[2026-07-07T08:06:45.927Z] 🔵 Using date: "2026-07-31"
[2026-07-07T08:06:45.953Z] 🔵 Clinic: "muneeb"
[2026-07-07T08:06:45.961Z] 🔵 Total duration: 60
[2026-07-07T08:06:45.962Z] 🔵 Using timezone: "Asia/Karachi"
[2026-07-07T08:06:45.963Z] 🔵 Day of week: "friday"
[2026-07-07T08:06:45.963Z] 🔵 Business hours for friday: {"open":"09:00","close":"23:00","isOpen":true}
[2026-07-07T08:06:45.964Z] 🔵 All business hours: {"monday":{"open":"09:00","close":"23:00","isOpen":true},"tuesday":{"open":"09:00","close":"23:00","isOpen":true},"wednesday":{"open":"09:00","close":"23:00","isOpen":true},"thursday":{"open":"09:00","close":"23:00","isOpen":true},"friday":{"open":"09:00","close":"23:00","isOpen":true},"saturday":{"open":"09:00","close":"18:00","isOpen":true},"sunday":{"open":"09:00","close":"18:00","isOpen":false}}
[2026-07-07T08:06:45.966Z] ✅ Clinic is open on friday from 09:00 to 23:00 
[2026-07-07T08:06:45.971Z] 🔵 Checking availability for 1 providers 
[2026-07-07T08:06:45.995Z] ✅ Found 27 slots for clinic: muneeb 
[2026-07-07T08:31:25.779Z] 🔵 Availability Request: {"clinicId":"4ca4e344-a7c6-473c-b3be-21b90c1ae067","serviceIds":["4776d73c-16be-4861-928e-31dc4838b441"],"providerId":"d3e3aec9-5e11-4601-8b59-d22cbed98fa0","date":"2026-07-31"}
[2026-07-07T08:31:25.807Z] 🔵 Using date: "2026-07-31"
[2026-07-07T08:31:25.923Z] 🔵 Clinic: "muneeb"
[2026-07-07T08:31:25.936Z] 🔵 Total duration: 60
[2026-07-07T08:31:25.937Z] 🔵 Using timezone: "Asia/Karachi"
[2026-07-07T08:31:25.947Z] 🔵 Day of week: "friday"
[2026-07-07T08:31:25.949Z] 🔵 Business hours for friday: {"open":"09:00","close":"23:00","isOpen":true}
[2026-07-07T08:31:25.950Z] 🔵 All business hours: {"monday":{"open":"09:00","close":"23:00","isOpen":true},"tuesday":{"open":"09:00","close":"23:00","isOpen":true},"wednesday":{"open":"09:00","close":"23:00","isOpen":true},"thursday":{"open":"09:00","close":"23:00","isOpen":true},"friday":{"open":"09:00","close":"23:00","isOpen":true},"saturday":{"open":"09:00","close":"18:00","isOpen":true},"sunday":{"open":"09:00","close":"18:00","isOpen":false}}
[2026-07-07T08:31:25.954Z] ✅ Clinic is open on friday from 09:00 to 23:00 
[2026-07-07T08:31:25.960Z] 🔵 Checking availability for 1 providers 
[2026-07-07T08:31:26.015Z] ✅ Found 27 slots for clinic: muneeb 
[2026-07-07T08:42:48.157Z] 🔵 Availability Request: {"clinicId":"4ca4e344-a7c6-473c-b3be-21b90c1ae067","serviceIds":["4776d73c-16be-4861-928e-31dc4838b441"],"providerId":"d3e3aec9-5e11-4601-8b59-d22cbed98fa0","date":"2026-07-31"}
[2026-07-07T08:42:48.160Z] 🔵 Using date: "2026-07-31"
[2026-07-07T08:42:48.260Z] 🔵 Clinic: "muneeb"
[2026-07-07T08:42:48.269Z] 🔵 Total duration: 60
[2026-07-07T08:42:48.270Z] 🔵 Using timezone: "Asia/Karachi"
[2026-07-07T08:42:48.271Z] 🔵 Day of week: "friday"
[2026-07-07T08:42:48.272Z] 🔵 Business hours for friday: {"open":"09:00","close":"23:00","isOpen":true}
[2026-07-07T08:42:48.272Z] 🔵 All business hours: {"monday":{"open":"09:00","close":"23:00","isOpen":true},"tuesday":{"open":"09:00","close":"23:00","isOpen":true},"wednesday":{"open":"09:00","close":"23:00","isOpen":true},"thursday":{"open":"09:00","close":"23:00","isOpen":true},"friday":{"open":"09:00","close":"23:00","isOpen":true},"saturday":{"open":"09:00","close":"18:00","isOpen":true},"sunday":{"open":"09:00","close":"18:00","isOpen":false}}
[2026-07-07T08:42:48.273Z] ✅ Clinic is open on friday from 09:00 to 23:00 
[2026-07-07T08:42:48.278Z] 🔵 Checking availability for 1 providers 
[2026-07-07T08:42:48.342Z] ✅ Found 27 slots for clinic: muneeb 
[2026-07-07T08:51:02.710Z] 🔵 Availability Request: {"clinicId":"4ca4e344-a7c6-473c-b3be-21b90c1ae067","serviceIds":["4776d73c-16be-4861-928e-31dc4838b441"],"providerId":"d3e3aec9-5e11-4601-8b59-d22cbed98fa0","date":"2026-07-07"}
[2026-07-07T08:51:02.743Z] 🔵 Using date: "2026-07-07"
[2026-07-07T08:51:02.768Z] 🔵 Clinic: "muneeb"
[2026-07-07T08:51:02.774Z] 🔵 Total duration: 60
[2026-07-07T08:51:02.775Z] 🔵 Using timezone: "Asia/Karachi"
[2026-07-07T08:51:02.777Z] 🔵 Day of week: "tuesday"
[2026-07-07T08:51:02.778Z] 🔵 Business hours for tuesday: {"open":"09:00","close":"23:00","isOpen":true}
[2026-07-07T08:51:02.779Z] 🔵 All business hours: {"monday":{"open":"09:00","close":"23:00","isOpen":true},"tuesday":{"open":"09:00","close":"23:00","isOpen":true},"wednesday":{"open":"09:00","close":"23:00","isOpen":true},"thursday":{"open":"09:00","close":"23:00","isOpen":true},"friday":{"open":"09:00","close":"23:00","isOpen":true},"saturday":{"open":"09:00","close":"18:00","isOpen":true},"sunday":{"open":"09:00","close":"18:00","isOpen":false}}
[2026-07-07T08:51:02.780Z] ✅ Clinic is open on tuesday from 09:00 to 23:00 
[2026-07-07T08:51:02.784Z] 🔵 Checking availability for 1 providers 
[2026-07-07T08:51:02.813Z] ✅ Found 27 slots for clinic: muneeb 
[2026-07-07T08:51:08.585Z] 🔵 Availability Request: {"clinicId":"4ca4e344-a7c6-473c-b3be-21b90c1ae067","serviceIds":["4776d73c-16be-4861-928e-31dc4838b441"],"providerId":"d3e3aec9-5e11-4601-8b59-d22cbed98fa0","date":"2026-07-29"}
[2026-07-07T08:51:08.587Z] 🔵 Using date: "2026-07-29"
[2026-07-07T08:51:08.627Z] 🔵 Clinic: "muneeb"
[2026-07-07T08:51:08.636Z] 🔵 Total duration: 60
[2026-07-07T08:51:08.638Z] 🔵 Using timezone: "Asia/Karachi"
[2026-07-07T08:51:08.639Z] 🔵 Day of week: "wednesday"
[2026-07-07T08:51:08.639Z] 🔵 Business hours for wednesday: {"open":"09:00","close":"23:00","isOpen":true}
[2026-07-07T08:51:08.640Z] 🔵 All business hours: {"monday":{"open":"09:00","close":"23:00","isOpen":true},"tuesday":{"open":"09:00","close":"23:00","isOpen":true},"wednesday":{"open":"09:00","close":"23:00","isOpen":true},"thursday":{"open":"09:00","close":"23:00","isOpen":true},"friday":{"open":"09:00","close":"23:00","isOpen":true},"saturday":{"open":"09:00","close":"18:00","isOpen":true},"sunday":{"open":"09:00","close":"18:00","isOpen":false}}
[2026-07-07T08:51:08.641Z] ✅ Clinic is open on wednesday from 09:00 to 23:00 
[2026-07-07T08:51:08.645Z] 🔵 Checking availability for 1 providers 
[2026-07-07T08:51:08.677Z] ✅ Found 27 slots for clinic: muneeb 
[2026-07-07T08:51:42.440Z] 🔵 Availability Request: {"clinicId":"4ca4e344-a7c6-473c-b3be-21b90c1ae067","serviceIds":["4776d73c-16be-4861-928e-31dc4838b441"],"providerId":"d3e3aec9-5e11-4601-8b59-d22cbed98fa0","date":"2026-07-31"}
[2026-07-07T08:51:42.441Z] 🔵 Using date: "2026-07-31"
[2026-07-07T08:51:42.511Z] 🔵 Clinic: "muneeb"
[2026-07-07T08:51:42.521Z] 🔵 Total duration: 60
[2026-07-07T08:51:42.522Z] 🔵 Using timezone: "Asia/Karachi"
[2026-07-07T08:51:42.523Z] 🔵 Day of week: "friday"
[2026-07-07T08:51:42.523Z] 🔵 Business hours for friday: {"open":"09:00","close":"23:00","isOpen":true}
[2026-07-07T08:51:42.524Z] 🔵 All business hours: {"monday":{"open":"09:00","close":"23:00","isOpen":true},"tuesday":{"open":"09:00","close":"23:00","isOpen":true},"wednesday":{"open":"09:00","close":"23:00","isOpen":true},"thursday":{"open":"09:00","close":"23:00","isOpen":true},"friday":{"open":"09:00","close":"23:00","isOpen":true},"saturday":{"open":"09:00","close":"18:00","isOpen":true},"sunday":{"open":"09:00","close":"18:00","isOpen":false}}
[2026-07-07T08:51:42.524Z] ✅ Clinic is open on friday from 09:00 to 23:00 
[2026-07-07T08:51:42.529Z] 🔵 Checking availability for 1 providers 
[2026-07-07T08:51:42.571Z] ✅ Found 27 slots for clinic: muneeb 
[2026-07-07T09:51:57.681Z] 🔵 Availability Request: {"clinicId":"4ca4e344-a7c6-473c-b3be-21b90c1ae067","serviceIds":["4776d73c-16be-4861-928e-31dc4838b441"],"providerId":"d3e3aec9-5e11-4601-8b59-d22cbed98fa0","date":"2026-07-07"}
[2026-07-07T09:51:57.754Z] 🔵 Using date: "2026-07-07"
[2026-07-07T09:51:57.786Z] 🔵 Clinic: "muneeb"
[2026-07-07T09:51:57.792Z] 🔵 Total duration: 60
[2026-07-07T09:51:57.794Z] 🔵 Using timezone: "Asia/Karachi"
[2026-07-07T09:51:57.801Z] 🔵 Day of week: "tuesday"
[2026-07-07T09:51:57.801Z] 🔵 Business hours for tuesday: {"open":"09:00","close":"23:00","isOpen":true}
[2026-07-07T09:51:57.802Z] 🔵 All business hours: {"monday":{"open":"09:00","close":"23:00","isOpen":true},"tuesday":{"open":"09:00","close":"23:00","isOpen":true},"wednesday":{"open":"09:00","close":"23:00","isOpen":true},"thursday":{"open":"09:00","close":"23:00","isOpen":true},"friday":{"open":"09:00","close":"23:00","isOpen":true},"saturday":{"open":"09:00","close":"18:00","isOpen":true},"sunday":{"open":"09:00","close":"18:00","isOpen":false}}
[2026-07-07T09:51:57.803Z] ✅ Clinic is open on tuesday from 09:00 to 23:00 
[2026-07-07T09:51:57.807Z] 🔵 Checking availability for 1 providers 
[2026-07-07T09:51:57.866Z] ✅ Found 27 slots for clinic: muneeb 
[2026-07-07T09:52:39.106Z] 🔵 Availability Request: {"clinicId":"4ca4e344-a7c6-473c-b3be-21b90c1ae067","serviceIds":["4776d73c-16be-4861-928e-31dc4838b441"],"providerId":"d3e3aec9-5e11-4601-8b59-d22cbed98fa0","date":"2026-07-07"}
[2026-07-07T09:52:39.107Z] 🔵 Using date: "2026-07-07"
[2026-07-07T09:52:39.142Z] 🔵 Clinic: "muneeb"
[2026-07-07T09:52:39.150Z] 🔵 Total duration: 60
[2026-07-07T09:52:39.151Z] 🔵 Using timezone: "Asia/Karachi"
[2026-07-07T09:52:39.152Z] 🔵 Day of week: "tuesday"
[2026-07-07T09:52:39.152Z] 🔵 Business hours for tuesday: {"open":"09:00","close":"23:00","isOpen":true}
[2026-07-07T09:52:39.153Z] 🔵 All business hours: {"monday":{"open":"09:00","close":"23:00","isOpen":true},"tuesday":{"open":"09:00","close":"23:00","isOpen":true},"wednesday":{"open":"09:00","close":"23:00","isOpen":true},"thursday":{"open":"09:00","close":"23:00","isOpen":true},"friday":{"open":"09:00","close":"23:00","isOpen":true},"saturday":{"open":"09:00","close":"18:00","isOpen":true},"sunday":{"open":"09:00","close":"18:00","isOpen":false}}
[2026-07-07T09:52:39.155Z] ✅ Clinic is open on tuesday from 09:00 to 23:00 
[2026-07-07T09:52:39.161Z] 🔵 Checking availability for 1 providers 
[2026-07-07T09:52:39.210Z] ✅ Found 27 slots for clinic: muneeb 
[2026-07-07T09:52:46.530Z] 🔵 Availability Request: {"clinicId":"4ca4e344-a7c6-473c-b3be-21b90c1ae067","serviceIds":["4776d73c-16be-4861-928e-31dc4838b441"],"providerId":"d3e3aec9-5e11-4601-8b59-d22cbed98fa0","date":"2026-07-31"}
[2026-07-07T09:52:46.531Z] 🔵 Using date: "2026-07-31"
[2026-07-07T09:52:46.556Z] 🔵 Clinic: "muneeb"
[2026-07-07T09:52:46.569Z] 🔵 Total duration: 60
[2026-07-07T09:52:46.569Z] 🔵 Using timezone: "Asia/Karachi"
[2026-07-07T09:52:46.570Z] 🔵 Day of week: "friday"
[2026-07-07T09:52:46.571Z] 🔵 Business hours for friday: {"open":"09:00","close":"23:00","isOpen":true}
[2026-07-07T09:52:46.572Z] 🔵 All business hours: {"monday":{"open":"09:00","close":"23:00","isOpen":true},"tuesday":{"open":"09:00","close":"23:00","isOpen":true},"wednesday":{"open":"09:00","close":"23:00","isOpen":true},"thursday":{"open":"09:00","close":"23:00","isOpen":true},"friday":{"open":"09:00","close":"23:00","isOpen":true},"saturday":{"open":"09:00","close":"18:00","isOpen":true},"sunday":{"open":"09:00","close":"18:00","isOpen":false}}
[2026-07-07T09:52:46.572Z] ✅ Clinic is open on friday from 09:00 to 23:00 
[2026-07-07T09:52:46.576Z] 🔵 Checking availability for 1 providers 
[2026-07-07T09:52:46.609Z] ✅ Found 27 slots for clinic: muneeb 
[2026-07-07T10:01:03.370Z] 🔵 Availability Request: {"clinicId":"4ca4e344-a7c6-473c-b3be-21b90c1ae067","serviceIds":["4776d73c-16be-4861-928e-31dc4838b441"],"providerId":"d3e3aec9-5e11-4601-8b59-d22cbed98fa0","date":"2026-07-07"}
[2026-07-07T10:01:03.372Z] 🔵 Using date: "2026-07-07"
[2026-07-07T10:01:03.432Z] 🔵 Clinic: "muneeb"
[2026-07-07T10:01:03.459Z] 🔵 Total duration: 60
[2026-07-07T10:01:03.460Z] 🔵 Using timezone: "Europe/Athens"
[2026-07-07T10:01:03.466Z] 🔵 Day of week: "tuesday"
[2026-07-07T10:01:03.469Z] 🔵 Business hours for tuesday: {"open":"09:00","close":"23:00","isOpen":true}
[2026-07-07T10:01:03.470Z] 🔵 All business hours: {"monday":{"open":"09:00","close":"23:00","isOpen":true},"tuesday":{"open":"09:00","close":"23:00","isOpen":true},"wednesday":{"open":"09:00","close":"23:00","isOpen":true},"thursday":{"open":"09:00","close":"23:00","isOpen":true},"friday":{"open":"09:00","close":"23:00","isOpen":true},"saturday":{"open":"09:00","close":"18:00","isOpen":true},"sunday":{"open":"09:00","close":"18:00","isOpen":false}}
[2026-07-07T10:01:03.471Z] ✅ Clinic is open on tuesday from 09:00 to 23:00 
[2026-07-07T10:01:03.480Z] 🔵 Checking availability for 1 providers 
[2026-07-07T10:01:03.563Z] ✅ Found 27 slots for clinic: muneeb 
[2026-07-07T10:01:09.731Z] 🔵 Availability Request: {"clinicId":"4ca4e344-a7c6-473c-b3be-21b90c1ae067","serviceIds":["4776d73c-16be-4861-928e-31dc4838b441"],"providerId":"d3e3aec9-5e11-4601-8b59-d22cbed98fa0","date":"2026-07-31"}
[2026-07-07T10:01:09.731Z] 🔵 Using date: "2026-07-31"
[2026-07-07T10:01:09.751Z] 🔵 Clinic: "muneeb"
[2026-07-07T10:01:09.763Z] 🔵 Total duration: 60
[2026-07-07T10:01:09.764Z] 🔵 Using timezone: "Europe/Athens"
[2026-07-07T10:01:09.767Z] 🔵 Day of week: "friday"
[2026-07-07T10:01:09.767Z] 🔵 Business hours for friday: {"open":"09:00","close":"23:00","isOpen":true}
[2026-07-07T10:01:09.768Z] 🔵 All business hours: {"monday":{"open":"09:00","close":"23:00","isOpen":true},"tuesday":{"open":"09:00","close":"23:00","isOpen":true},"wednesday":{"open":"09:00","close":"23:00","isOpen":true},"thursday":{"open":"09:00","close":"23:00","isOpen":true},"friday":{"open":"09:00","close":"23:00","isOpen":true},"saturday":{"open":"09:00","close":"18:00","isOpen":true},"sunday":{"open":"09:00","close":"18:00","isOpen":false}}
[2026-07-07T10:01:09.770Z] ✅ Clinic is open on friday from 09:00 to 23:00 
[2026-07-07T10:01:09.777Z] 🔵 Checking availability for 1 providers 
[2026-07-07T10:01:09.800Z] ✅ Found 27 slots for clinic: muneeb 
[2026-07-07T10:04:41.452Z] 🔵 Availability Request: {"clinicId":"4ca4e344-a7c6-473c-b3be-21b90c1ae067","serviceIds":["4776d73c-16be-4861-928e-31dc4838b441"],"providerId":"d3e3aec9-5e11-4601-8b59-d22cbed98fa0","date":"2026-07-31"}
[2026-07-07T10:04:41.452Z] 🔵 Using date: "2026-07-31"
[2026-07-07T10:04:41.604Z] 🔵 Clinic: "muneeb"
[2026-07-07T10:04:41.609Z] 🔵 Total duration: 60
[2026-07-07T10:04:41.610Z] 🔵 Using timezone: "Europe/Athens"
[2026-07-07T10:04:41.611Z] 🔵 Day of week: "friday"
[2026-07-07T10:04:41.611Z] 🔵 Business hours for friday: {"open":"09:00","close":"23:00","isOpen":true}
[2026-07-07T10:04:41.612Z] 🔵 All business hours: {"monday":{"open":"09:00","close":"23:00","isOpen":true},"tuesday":{"open":"09:00","close":"23:00","isOpen":true},"wednesday":{"open":"09:00","close":"23:00","isOpen":true},"thursday":{"open":"09:00","close":"23:00","isOpen":true},"friday":{"open":"09:00","close":"23:00","isOpen":true},"saturday":{"open":"09:00","close":"18:00","isOpen":true},"sunday":{"open":"09:00","close":"18:00","isOpen":false}}
[2026-07-07T10:04:41.612Z] ✅ Clinic is open on friday from 09:00 to 23:00 
[2026-07-07T10:04:41.618Z] 🔵 Checking availability for 1 providers 
[2026-07-07T10:04:41.662Z] ✅ Found 27 slots for clinic: muneeb 
[2026-07-07T10:05:51.288Z] 🔵 Availability Request: {"clinicId":"4ca4e344-a7c6-473c-b3be-21b90c1ae067","serviceIds":["4776d73c-16be-4861-928e-31dc4838b441"],"providerId":"d3e3aec9-5e11-4601-8b59-d22cbed98fa0","date":"2026-07-31"}
[2026-07-07T10:05:51.290Z] 🔵 Using date: "2026-07-31"
[2026-07-07T10:05:51.412Z] 🔵 Clinic: "muneeb"
[2026-07-07T10:05:51.437Z] 🔵 Total duration: 60
[2026-07-07T10:05:51.438Z] 🔵 Using timezone: "Europe/Athens"
[2026-07-07T10:05:51.440Z] 🔵 Day of week: "friday"
[2026-07-07T10:05:51.440Z] 🔵 Business hours for friday: {"open":"09:00","close":"23:00","isOpen":true}
[2026-07-07T10:05:51.441Z] 🔵 All business hours: {"monday":{"open":"09:00","close":"23:00","isOpen":true},"tuesday":{"open":"09:00","close":"23:00","isOpen":true},"wednesday":{"open":"09:00","close":"23:00","isOpen":true},"thursday":{"open":"09:00","close":"23:00","isOpen":true},"friday":{"open":"09:00","close":"23:00","isOpen":true},"saturday":{"open":"09:00","close":"18:00","isOpen":true},"sunday":{"open":"09:00","close":"18:00","isOpen":false}}
[2026-07-07T10:05:51.442Z] ✅ Clinic is open on friday from 09:00 to 23:00 
[2026-07-07T10:05:51.457Z] 🔵 Checking availability for 1 providers 
[2026-07-07T10:05:51.527Z] ✅ Found 27 slots for clinic: muneeb 
[2026-07-07T10:06:15.561Z] 🔵 Availability Request: {"clinicId":"4ca4e344-a7c6-473c-b3be-21b90c1ae067","serviceIds":["4776d73c-16be-4861-928e-31dc4838b441"],"providerId":"d3e3aec9-5e11-4601-8b59-d22cbed98fa0","date":"2026-07-07"}
[2026-07-07T10:06:15.562Z] 🔵 Using date: "2026-07-07"
[2026-07-07T10:06:15.579Z] 🔵 Clinic: "muneeb"
[2026-07-07T10:06:15.587Z] 🔵 Total duration: 60
[2026-07-07T10:06:15.588Z] 🔵 Using timezone: "Europe/Athens"
[2026-07-07T10:06:15.590Z] 🔵 Day of week: "tuesday"
[2026-07-07T10:06:15.591Z] 🔵 Business hours for tuesday: {"open":"09:00","close":"23:00","isOpen":true}
[2026-07-07T10:06:15.594Z] 🔵 All business hours: {"monday":{"open":"09:00","close":"23:00","isOpen":true},"tuesday":{"open":"09:00","close":"23:00","isOpen":true},"wednesday":{"open":"09:00","close":"23:00","isOpen":true},"thursday":{"open":"09:00","close":"23:00","isOpen":true},"friday":{"open":"09:00","close":"23:00","isOpen":true},"saturday":{"open":"09:00","close":"18:00","isOpen":true},"sunday":{"open":"09:00","close":"18:00","isOpen":false}}
[2026-07-07T10:06:15.595Z] ✅ Clinic is open on tuesday from 09:00 to 23:00 
[2026-07-07T10:06:15.599Z] 🔵 Checking availability for 1 providers 
[2026-07-07T10:06:15.621Z] ✅ Found 27 slots for clinic: muneeb 
[2026-07-07T10:06:27.685Z] 🔵 Availability Request: {"clinicId":"4ca4e344-a7c6-473c-b3be-21b90c1ae067","serviceIds":["4776d73c-16be-4861-928e-31dc4838b441"],"providerId":"d3e3aec9-5e11-4601-8b59-d22cbed98fa0","date":"2026-08-02"}
[2026-07-07T10:06:27.685Z] 🔵 Using date: "2026-08-02"
[2026-07-07T10:06:27.703Z] 🔵 Clinic: "muneeb"
[2026-07-07T10:06:27.713Z] 🔵 Total duration: 60
[2026-07-07T10:06:27.714Z] 🔵 Using timezone: "Europe/Athens"
[2026-07-07T10:06:27.715Z] 🔵 Day of week: "sunday"
[2026-07-07T10:06:27.716Z] 🔵 Business hours for sunday: {"open":"09:00","close":"18:00","isOpen":false}
[2026-07-07T10:06:27.716Z] 🔵 All business hours: {"monday":{"open":"09:00","close":"23:00","isOpen":true},"tuesday":{"open":"09:00","close":"23:00","isOpen":true},"wednesday":{"open":"09:00","close":"23:00","isOpen":true},"thursday":{"open":"09:00","close":"23:00","isOpen":true},"friday":{"open":"09:00","close":"23:00","isOpen":true},"saturday":{"open":"09:00","close":"18:00","isOpen":true},"sunday":{"open":"09:00","close":"18:00","isOpen":false}}
[2026-07-07T10:06:31.697Z] 🔵 Availability Request: {"clinicId":"4ca4e344-a7c6-473c-b3be-21b90c1ae067","serviceIds":["4776d73c-16be-4861-928e-31dc4838b441"],"providerId":"d3e3aec9-5e11-4601-8b59-d22cbed98fa0","date":"2026-08-03"}
[2026-07-07T10:06:31.698Z] 🔵 Using date: "2026-08-03"
[2026-07-07T10:06:31.721Z] 🔵 Clinic: "muneeb"
[2026-07-07T10:06:31.727Z] 🔵 Total duration: 60
[2026-07-07T10:06:31.728Z] 🔵 Using timezone: "Europe/Athens"
[2026-07-07T10:06:31.729Z] 🔵 Day of week: "monday"
[2026-07-07T10:06:31.730Z] 🔵 Business hours for monday: {"open":"09:00","close":"23:00","isOpen":true}
[2026-07-07T10:06:31.731Z] 🔵 All business hours: {"monday":{"open":"09:00","close":"23:00","isOpen":true},"tuesday":{"open":"09:00","close":"23:00","isOpen":true},"wednesday":{"open":"09:00","close":"23:00","isOpen":true},"thursday":{"open":"09:00","close":"23:00","isOpen":true},"friday":{"open":"09:00","close":"23:00","isOpen":true},"saturday":{"open":"09:00","close":"18:00","isOpen":true},"sunday":{"open":"09:00","close":"18:00","isOpen":false}}
[2026-07-07T10:06:31.731Z] ✅ Clinic is open on monday from 09:00 to 23:00 
[2026-07-07T10:06:31.735Z] 🔵 Checking availability for 1 providers 
[2026-07-07T10:06:31.754Z] ✅ Found 27 slots for clinic: muneeb 
[2026-07-07T10:40:58.967Z] 🔵 Availability Request: {"clinicId":"4ca4e344-a7c6-473c-b3be-21b90c1ae067","serviceIds":["4776d73c-16be-4861-928e-31dc4838b441"],"providerId":"d3e3aec9-5e11-4601-8b59-d22cbed98fa0","date":"2026-07-07"}
[2026-07-07T10:40:59.245Z] 🔵 Using date: "2026-07-07"
[2026-07-07T10:40:59.280Z] 🔵 Clinic: "muneeb"
[2026-07-07T10:40:59.288Z] 🔵 Total duration: 60
[2026-07-07T10:40:59.289Z] 🔵 Using timezone: "Europe/Athens"
[2026-07-07T10:40:59.293Z] 🔵 Day of week: "tuesday"
[2026-07-07T10:40:59.294Z] 🔵 Business hours for tuesday: {"open":"09:00","close":"23:00","isOpen":true}
[2026-07-07T10:40:59.294Z] 🔵 All business hours: {"monday":{"open":"09:00","close":"23:00","isOpen":true},"tuesday":{"open":"09:00","close":"23:00","isOpen":true},"wednesday":{"open":"09:00","close":"23:00","isOpen":true},"thursday":{"open":"09:00","close":"23:00","isOpen":true},"friday":{"open":"09:00","close":"23:00","isOpen":true},"saturday":{"open":"09:00","close":"18:00","isOpen":true},"sunday":{"open":"09:00","close":"18:00","isOpen":false}}
[2026-07-07T10:40:59.299Z] ✅ Clinic is open on tuesday from 09:00 to 23:00 
[2026-07-07T10:40:59.303Z] 🔵 Checking availability for 1 providers 
[2026-07-07T10:40:59.402Z] ✅ Found 27 slots for clinic: muneeb 
[2026-07-07T10:41:06.311Z] 🔵 Availability Request: {"clinicId":"4ca4e344-a7c6-473c-b3be-21b90c1ae067","serviceIds":["4776d73c-16be-4861-928e-31dc4838b441"],"providerId":"d3e3aec9-5e11-4601-8b59-d22cbed98fa0","date":"2026-08-01"}
[2026-07-07T10:41:06.312Z] 🔵 Using date: "2026-08-01"
[2026-07-07T10:41:06.342Z] 🔵 Clinic: "muneeb"
[2026-07-07T10:41:06.366Z] 🔵 Total duration: 60
[2026-07-07T10:41:06.369Z] 🔵 Using timezone: "Europe/Athens"
[2026-07-07T10:41:06.370Z] 🔵 Day of week: "saturday"
[2026-07-07T10:41:06.371Z] 🔵 Business hours for saturday: {"open":"09:00","close":"18:00","isOpen":true}
[2026-07-07T10:41:06.372Z] 🔵 All business hours: {"monday":{"open":"09:00","close":"23:00","isOpen":true},"tuesday":{"open":"09:00","close":"23:00","isOpen":true},"wednesday":{"open":"09:00","close":"23:00","isOpen":true},"thursday":{"open":"09:00","close":"23:00","isOpen":true},"friday":{"open":"09:00","close":"23:00","isOpen":true},"saturday":{"open":"09:00","close":"18:00","isOpen":true},"sunday":{"open":"09:00","close":"18:00","isOpen":false}}
[2026-07-07T10:41:06.374Z] ✅ Clinic is open on saturday from 09:00 to 18:00 
[2026-07-07T10:41:06.378Z] 🔵 Checking availability for 1 providers 
[2026-07-07T10:41:06.406Z] ✅ Found 17 slots for clinic: muneeb 
[2026-07-07T10:41:14.753Z] 🔵 Availability Request: {"clinicId":"4ca4e344-a7c6-473c-b3be-21b90c1ae067","serviceIds":["4776d73c-16be-4861-928e-31dc4838b441"],"providerId":"d3e3aec9-5e11-4601-8b59-d22cbed98fa0","date":"2026-08-03"}
[2026-07-07T10:41:14.753Z] 🔵 Using date: "2026-08-03"
[2026-07-07T10:41:14.786Z] 🔵 Clinic: "muneeb"
[2026-07-07T10:41:14.791Z] 🔵 Total duration: 60
[2026-07-07T10:41:14.791Z] 🔵 Using timezone: "Europe/Athens"
[2026-07-07T10:41:14.793Z] 🔵 Day of week: "monday"
[2026-07-07T10:41:14.794Z] 🔵 Business hours for monday: {"open":"09:00","close":"23:00","isOpen":true}
[2026-07-07T10:41:14.794Z] 🔵 All business hours: {"monday":{"open":"09:00","close":"23:00","isOpen":true},"tuesday":{"open":"09:00","close":"23:00","isOpen":true},"wednesday":{"open":"09:00","close":"23:00","isOpen":true},"thursday":{"open":"09:00","close":"23:00","isOpen":true},"friday":{"open":"09:00","close":"23:00","isOpen":true},"saturday":{"open":"09:00","close":"18:00","isOpen":true},"sunday":{"open":"09:00","close":"18:00","isOpen":false}}
[2026-07-07T10:41:14.796Z] ✅ Clinic is open on monday from 09:00 to 23:00 
[2026-07-07T10:41:14.801Z] 🔵 Checking availability for 1 providers 
[2026-07-07T10:41:14.822Z] ✅ Found 27 slots for clinic: muneeb 
[2026-07-07T10:57:06.030Z] 🔵 Availability Request: {"clinicId":"4ca4e344-a7c6-473c-b3be-21b90c1ae067","serviceIds":["4776d73c-16be-4861-928e-31dc4838b441"],"providerId":"d3e3aec9-5e11-4601-8b59-d22cbed98fa0","date":"2026-07-07"}
[2026-07-07T10:57:06.077Z] 🔵 Using date: "2026-07-07"
[2026-07-07T10:57:06.095Z] 🔵 Clinic: "muneeb"
[2026-07-07T10:57:06.100Z] 🔵 Total duration: 60
[2026-07-07T10:57:06.104Z] 🔵 Using timezone: "Europe/Athens"
[2026-07-07T10:57:06.110Z] 🔵 Day of week: "tuesday"
[2026-07-07T10:57:06.111Z] 🔵 Business hours for tuesday: {"open":"09:00","close":"23:00","isOpen":true}
[2026-07-07T10:57:06.112Z] 🔵 All business hours: {"monday":{"open":"09:00","close":"23:00","isOpen":true},"tuesday":{"open":"09:00","close":"23:00","isOpen":true},"wednesday":{"open":"09:00","close":"23:00","isOpen":true},"thursday":{"open":"09:00","close":"23:00","isOpen":true},"friday":{"open":"09:00","close":"23:00","isOpen":true},"saturday":{"open":"09:00","close":"18:00","isOpen":true},"sunday":{"open":"09:00","close":"18:00","isOpen":false}}
[2026-07-07T10:57:06.112Z] ✅ Clinic is open on tuesday from 09:00 to 23:00 
[2026-07-07T10:57:06.116Z] 🔵 Checking availability for 1 providers 
[2026-07-07T10:57:06.229Z] ✅ Found 27 slots for clinic: muneeb 
[2026-07-07T10:57:15.930Z] 🔵 Availability Request: {"clinicId":"4ca4e344-a7c6-473c-b3be-21b90c1ae067","serviceIds":["4776d73c-16be-4861-928e-31dc4838b441"],"providerId":"d3e3aec9-5e11-4601-8b59-d22cbed98fa0","date":"2026-08-07"}
[2026-07-07T10:57:15.931Z] 🔵 Using date: "2026-08-07"
[2026-07-07T10:57:15.963Z] 🔵 Clinic: "muneeb"
[2026-07-07T10:57:15.974Z] 🔵 Total duration: 60
[2026-07-07T10:57:15.977Z] 🔵 Using timezone: "Europe/Athens"
[2026-07-07T10:57:15.979Z] 🔵 Day of week: "friday"
[2026-07-07T10:57:15.983Z] 🔵 Business hours for friday: {"open":"09:00","close":"23:00","isOpen":true}
[2026-07-07T10:57:15.984Z] 🔵 All business hours: {"monday":{"open":"09:00","close":"23:00","isOpen":true},"tuesday":{"open":"09:00","close":"23:00","isOpen":true},"wednesday":{"open":"09:00","close":"23:00","isOpen":true},"thursday":{"open":"09:00","close":"23:00","isOpen":true},"friday":{"open":"09:00","close":"23:00","isOpen":true},"saturday":{"open":"09:00","close":"18:00","isOpen":true},"sunday":{"open":"09:00","close":"18:00","isOpen":false}}
[2026-07-07T10:57:15.989Z] ✅ Clinic is open on friday from 09:00 to 23:00 
[2026-07-07T10:57:15.994Z] 🔵 Checking availability for 1 providers 
[2026-07-07T10:57:16.027Z] ✅ Found 27 slots for clinic: muneeb 
[2026-07-07T11:41:14.859Z] 🔵 Availability Request: {"clinicId":"4ca4e344-a7c6-473c-b3be-21b90c1ae067","serviceIds":["4776d73c-16be-4861-928e-31dc4838b441"],"providerId":"d3e3aec9-5e11-4601-8b59-d22cbed98fa0","date":"2026-08-07"}
[2026-07-07T11:41:14.960Z] 🔵 Using date: "2026-08-07"
[2026-07-07T11:41:16.573Z] 🔵 Clinic: "muneeb"
[2026-07-07T11:41:16.647Z] 🔵 Total duration: 60
[2026-07-07T11:41:16.649Z] 🔵 Using timezone: "Europe/Athens"
[2026-07-07T11:41:16.659Z] 🔵 Day of week: "friday"
[2026-07-07T11:41:16.659Z] 🔵 Business hours for friday: {"open":"09:00","close":"23:00","isOpen":true}
[2026-07-07T11:41:16.660Z] 🔵 All business hours: {"monday":{"open":"09:00","close":"23:00","isOpen":true},"tuesday":{"open":"09:00","close":"23:00","isOpen":true},"wednesday":{"open":"09:00","close":"23:00","isOpen":true},"thursday":{"open":"09:00","close":"23:00","isOpen":true},"friday":{"open":"09:00","close":"23:00","isOpen":true},"saturday":{"open":"09:00","close":"18:00","isOpen":true},"sunday":{"open":"09:00","close":"18:00","isOpen":false}}
[2026-07-07T11:41:16.661Z] ✅ Clinic is open on friday from 09:00 to 23:00 
[2026-07-07T11:41:16.695Z] 🔵 Checking availability for 1 providers 
[2026-07-07T11:41:17.086Z] ✅ Found 27 slots for clinic: muneeb 
[2026-07-07T13:23:33.602Z] 🔵 Availability Request: {"clinicId":"4ca4e344-a7c6-473c-b3be-21b90c1ae067","serviceIds":["4776d73c-16be-4861-928e-31dc4838b441"],"providerId":"d3e3aec9-5e11-4601-8b59-d22cbed98fa0","date":"2026-07-07"}
[2026-07-07T13:23:33.611Z] 🔵 Using date: "2026-07-07"
[2026-07-07T13:23:33.658Z] 🔵 Clinic: "muneeb"
[2026-07-07T13:23:33.726Z] 🔵 Total duration: 60
[2026-07-07T13:23:34.002Z] 🔵 Using timezone: "Europe/Athens"
[2026-07-07T13:23:34.189Z] 🔵 Day of week: "tuesday"
[2026-07-07T13:23:34.243Z] 🔵 Business hours for tuesday: {"open":"09:00","close":"23:00","isOpen":true}
[2026-07-07T13:23:34.274Z] 🔵 All business hours: {"monday":{"open":"09:00","close":"23:00","isOpen":true},"tuesday":{"open":"09:00","close":"23:00","isOpen":true},"wednesday":{"open":"09:00","close":"23:00","isOpen":true},"thursday":{"open":"09:00","close":"23:00","isOpen":true},"friday":{"open":"09:00","close":"23:00","isOpen":true},"saturday":{"open":"09:00","close":"18:00","isOpen":true},"sunday":{"open":"09:00","close":"18:00","isOpen":false}}
[2026-07-07T13:23:34.295Z] ✅ Clinic is open on tuesday from 09:00 to 23:00 
[2026-07-07T13:23:34.344Z] 🔵 Checking availability for 1 providers 
[2026-07-07T13:23:35.822Z] ✅ Found 27 slots for clinic: muneeb 
[2026-07-07T13:23:40.024Z] 🔵 Availability Request: {"clinicId":"4ca4e344-a7c6-473c-b3be-21b90c1ae067","serviceIds":["4776d73c-16be-4861-928e-31dc4838b441"],"providerId":"d3e3aec9-5e11-4601-8b59-d22cbed98fa0","date":"2026-08-06"}
[2026-07-07T13:23:40.027Z] 🔵 Using date: "2026-08-06"
[2026-07-07T13:23:40.104Z] 🔵 Clinic: "muneeb"
[2026-07-07T13:23:40.117Z] 🔵 Total duration: 60
[2026-07-07T13:23:40.120Z] 🔵 Using timezone: "Europe/Athens"
[2026-07-07T13:23:40.121Z] 🔵 Day of week: "thursday"
[2026-07-07T13:23:40.122Z] 🔵 Business hours for thursday: {"open":"09:00","close":"23:00","isOpen":true}
[2026-07-07T13:23:40.123Z] 🔵 All business hours: {"monday":{"open":"09:00","close":"23:00","isOpen":true},"tuesday":{"open":"09:00","close":"23:00","isOpen":true},"wednesday":{"open":"09:00","close":"23:00","isOpen":true},"thursday":{"open":"09:00","close":"23:00","isOpen":true},"friday":{"open":"09:00","close":"23:00","isOpen":true},"saturday":{"open":"09:00","close":"18:00","isOpen":true},"sunday":{"open":"09:00","close":"18:00","isOpen":false}}
[2026-07-07T13:23:40.124Z] ✅ Clinic is open on thursday from 09:00 to 23:00 
[2026-07-07T13:23:40.134Z] 🔵 Checking availability for 1 providers 
[2026-07-07T13:23:40.184Z] ✅ Found 27 slots for clinic: muneeb 
[2026-07-07T13:26:27.864Z] 🔵 Availability Request: {"clinicId":"4ca4e344-a7c6-473c-b3be-21b90c1ae067","serviceIds":["967e0ea6-9422-4579-93e6-23ea3201b1c9"],"providerId":"343abd7b-587f-4447-9a1d-eabfc843334d","date":"2026-07-07"}
[2026-07-07T13:26:27.864Z] 🔵 Using date: "2026-07-07"
[2026-07-07T13:26:27.893Z] 🔵 Clinic: "muneeb"
[2026-07-07T13:26:27.915Z] 🔵 Total duration: 60
[2026-07-07T13:26:27.916Z] 🔵 Using timezone: "Europe/Athens"
[2026-07-07T13:26:27.918Z] 🔵 Day of week: "tuesday"
[2026-07-07T13:26:27.926Z] 🔵 Business hours for tuesday: {"open":"09:00","close":"23:00","isOpen":true}
[2026-07-07T13:26:27.929Z] 🔵 All business hours: {"monday":{"open":"09:00","close":"23:00","isOpen":true},"tuesday":{"open":"09:00","close":"23:00","isOpen":true},"wednesday":{"open":"09:00","close":"23:00","isOpen":true},"thursday":{"open":"09:00","close":"23:00","isOpen":true},"friday":{"open":"09:00","close":"23:00","isOpen":true},"saturday":{"open":"09:00","close":"18:00","isOpen":true},"sunday":{"open":"09:00","close":"18:00","isOpen":false}}
[2026-07-07T13:26:27.934Z] ✅ Clinic is open on tuesday from 09:00 to 23:00 
[2026-07-07T13:26:27.952Z] 🔵 Checking availability for 1 providers 
[2026-07-07T13:26:28.092Z] ✅ Found 27 slots for clinic: muneeb 
[2026-07-07T13:26:34.171Z] 🔵 Availability Request: {"clinicId":"4ca4e344-a7c6-473c-b3be-21b90c1ae067","serviceIds":["967e0ea6-9422-4579-93e6-23ea3201b1c9"],"providerId":"343abd7b-587f-4447-9a1d-eabfc843334d","date":"2026-07-30"}
[2026-07-07T13:26:34.175Z] 🔵 Using date: "2026-07-30"
[2026-07-07T13:26:34.235Z] 🔵 Clinic: "muneeb"
[2026-07-07T13:26:34.253Z] 🔵 Total duration: 60
[2026-07-07T13:26:34.253Z] 🔵 Using timezone: "Europe/Athens"
[2026-07-07T13:26:34.260Z] 🔵 Day of week: "thursday"
[2026-07-07T13:26:34.261Z] 🔵 Business hours for thursday: {"open":"09:00","close":"23:00","isOpen":true}
[2026-07-07T13:26:34.281Z] 🔵 All business hours: {"monday":{"open":"09:00","close":"23:00","isOpen":true},"tuesday":{"open":"09:00","close":"23:00","isOpen":true},"wednesday":{"open":"09:00","close":"23:00","isOpen":true},"thursday":{"open":"09:00","close":"23:00","isOpen":true},"friday":{"open":"09:00","close":"23:00","isOpen":true},"saturday":{"open":"09:00","close":"18:00","isOpen":true},"sunday":{"open":"09:00","close":"18:00","isOpen":false}}
[2026-07-07T13:26:34.282Z] ✅ Clinic is open on thursday from 09:00 to 23:00 
[2026-07-07T13:26:34.312Z] 🔵 Checking availability for 1 providers 
[2026-07-07T13:26:34.408Z] ✅ Found 27 slots for clinic: muneeb 
[2026-07-07T13:26:47.606Z] 🔵 Availability Request: {"clinicId":"4ca4e344-a7c6-473c-b3be-21b90c1ae067","serviceIds":["967e0ea6-9422-4579-93e6-23ea3201b1c9"],"providerId":"343abd7b-587f-4447-9a1d-eabfc843334d","date":"2026-08-07"}
[2026-07-07T13:26:47.606Z] 🔵 Using date: "2026-08-07"
[2026-07-07T13:26:47.735Z] 🔵 Clinic: "muneeb"
[2026-07-07T13:26:47.748Z] 🔵 Total duration: 60
[2026-07-07T13:26:47.750Z] 🔵 Using timezone: "Europe/Athens"
[2026-07-07T13:26:47.751Z] 🔵 Day of week: "friday"
[2026-07-07T13:26:47.752Z] 🔵 Business hours for friday: {"open":"09:00","close":"23:00","isOpen":true}
[2026-07-07T13:26:47.757Z] 🔵 All business hours: {"monday":{"open":"09:00","close":"23:00","isOpen":true},"tuesday":{"open":"09:00","close":"23:00","isOpen":true},"wednesday":{"open":"09:00","close":"23:00","isOpen":true},"thursday":{"open":"09:00","close":"23:00","isOpen":true},"friday":{"open":"09:00","close":"23:00","isOpen":true},"saturday":{"open":"09:00","close":"18:00","isOpen":true},"sunday":{"open":"09:00","close":"18:00","isOpen":false}}
[2026-07-07T13:26:47.758Z] ✅ Clinic is open on friday from 09:00 to 23:00 
[2026-07-07T13:26:47.764Z] 🔵 Checking availability for 1 providers 
[2026-07-07T13:26:47.883Z] ✅ Found 27 slots for clinic: muneeb 
[2026-07-10T06:27:23.517Z] 🔵 Availability Request: {"clinicId":"4ca4e344-a7c6-473c-b3be-21b90c1ae067","serviceIds":["4776d73c-16be-4861-928e-31dc4838b441"],"providerId":"343abd7b-587f-4447-9a1d-eabfc843334d","date":"2026-07-10"}
[2026-07-10T06:27:23.625Z] 🔵 Using date: "2026-07-10"
[2026-07-10T06:27:24.328Z] 🔵 Clinic: "muneeb"
[2026-07-10T06:27:24.449Z] 🔵 Total duration: 60
[2026-07-10T06:27:24.450Z] 🔵 Using timezone: "Europe/Athens"
[2026-07-10T06:27:24.764Z] 🔵 Day of week: "friday"
[2026-07-10T06:27:24.778Z] 🔵 Business hours for friday: {"open":"09:00","close":"23:00","isOpen":true}
[2026-07-10T06:27:24.780Z] 🔵 All business hours: {"monday":{"open":"09:00","close":"23:00","isOpen":true},"tuesday":{"open":"09:00","close":"23:00","isOpen":true},"wednesday":{"open":"09:00","close":"23:00","isOpen":true},"thursday":{"open":"09:00","close":"23:00","isOpen":true},"friday":{"open":"09:00","close":"23:00","isOpen":true},"saturday":{"open":"09:00","close":"18:00","isOpen":true},"sunday":{"open":"09:00","close":"18:00","isOpen":false}}
[2026-07-10T06:27:24.781Z] ✅ Clinic is open on friday from 09:00 to 23:00 
[2026-07-10T06:27:24.862Z] 🔵 Checking availability for 1 providers 
[2026-07-10T06:27:26.351Z] ✅ Found 27 slots for clinic: muneeb 
[2026-07-10T06:27:31.658Z] 🔵 Availability Request: {"clinicId":"4ca4e344-a7c6-473c-b3be-21b90c1ae067","serviceIds":["4776d73c-16be-4861-928e-31dc4838b441"],"providerId":"343abd7b-587f-4447-9a1d-eabfc843334d","date":"2026-07-13"}
[2026-07-10T06:27:31.660Z] 🔵 Using date: "2026-07-13"
[2026-07-10T06:27:33.213Z] 🔵 Clinic: "muneeb"
[2026-07-10T06:27:33.551Z] 🔵 Total duration: 60
[2026-07-10T06:27:33.552Z] 🔵 Using timezone: "Europe/Athens"
[2026-07-10T06:27:33.553Z] 🔵 Day of week: "monday"
[2026-07-10T06:27:33.601Z] 🔵 Business hours for monday: {"open":"09:00","close":"23:00","isOpen":true}
[2026-07-10T06:27:33.602Z] 🔵 All business hours: {"monday":{"open":"09:00","close":"23:00","isOpen":true},"tuesday":{"open":"09:00","close":"23:00","isOpen":true},"wednesday":{"open":"09:00","close":"23:00","isOpen":true},"thursday":{"open":"09:00","close":"23:00","isOpen":true},"friday":{"open":"09:00","close":"23:00","isOpen":true},"saturday":{"open":"09:00","close":"18:00","isOpen":true},"sunday":{"open":"09:00","close":"18:00","isOpen":false}}
[2026-07-10T06:27:33.696Z] ✅ Clinic is open on monday from 09:00 to 23:00 
[2026-07-10T06:27:33.788Z] 🔵 Checking availability for 1 providers 
[2026-07-10T06:27:34.262Z] ✅ Found 27 slots for clinic: muneeb 
[2026-07-10T06:35:49.906Z] 🔵 Availability Request: {"clinicId":"4ca4e344-a7c6-473c-b3be-21b90c1ae067","serviceIds":["4776d73c-16be-4861-928e-31dc4838b441"],"providerId":"d3e3aec9-5e11-4601-8b59-d22cbed98fa0","date":"2026-07-10"}
[2026-07-10T06:35:50.185Z] 🔵 Using date: "2026-07-10"
[2026-07-10T06:35:50.205Z] 🔵 Clinic: "muneeb"
[2026-07-10T06:35:50.213Z] 🔵 Total duration: 60
[2026-07-10T06:35:50.214Z] 🔵 Using timezone: "Europe/Athens"
[2026-07-10T06:35:50.223Z] 🔵 Day of week: "friday"
[2026-07-10T06:35:50.224Z] 🔵 Business hours for friday: {"open":"09:00","close":"23:00","isOpen":true}
[2026-07-10T06:35:50.225Z] 🔵 All business hours: {"monday":{"open":"09:00","close":"23:00","isOpen":true},"tuesday":{"open":"09:00","close":"23:00","isOpen":true},"wednesday":{"open":"09:00","close":"23:00","isOpen":true},"thursday":{"open":"09:00","close":"23:00","isOpen":true},"friday":{"open":"09:00","close":"23:00","isOpen":true},"saturday":{"open":"09:00","close":"18:00","isOpen":true},"sunday":{"open":"09:00","close":"18:00","isOpen":false}}
[2026-07-10T06:35:50.226Z] ✅ Clinic is open on friday from 09:00 to 23:00 
[2026-07-10T06:35:50.232Z] 🔵 Checking availability for 1 providers 
[2026-07-10T06:35:50.361Z] ✅ Found 27 slots for clinic: muneeb 
[2026-07-10T06:35:54.407Z] 🔵 Availability Request: {"clinicId":"4ca4e344-a7c6-473c-b3be-21b90c1ae067","serviceIds":["4776d73c-16be-4861-928e-31dc4838b441"],"providerId":"d3e3aec9-5e11-4601-8b59-d22cbed98fa0","date":"2026-07-13"}
[2026-07-10T06:35:54.433Z] 🔵 Using date: "2026-07-13"
[2026-07-10T06:35:54.483Z] 🔵 Clinic: "muneeb"
[2026-07-10T06:35:54.495Z] 🔵 Total duration: 60
[2026-07-10T06:35:54.497Z] 🔵 Using timezone: "Europe/Athens"
[2026-07-10T06:35:54.499Z] 🔵 Day of week: "monday"
[2026-07-10T06:35:54.504Z] 🔵 Business hours for monday: {"open":"09:00","close":"23:00","isOpen":true}
[2026-07-10T06:35:54.506Z] 🔵 All business hours: {"monday":{"open":"09:00","close":"23:00","isOpen":true},"tuesday":{"open":"09:00","close":"23:00","isOpen":true},"wednesday":{"open":"09:00","close":"23:00","isOpen":true},"thursday":{"open":"09:00","close":"23:00","isOpen":true},"friday":{"open":"09:00","close":"23:00","isOpen":true},"saturday":{"open":"09:00","close":"18:00","isOpen":true},"sunday":{"open":"09:00","close":"18:00","isOpen":false}}
[2026-07-10T06:35:54.506Z] ✅ Clinic is open on monday from 09:00 to 23:00 
[2026-07-10T06:35:54.516Z] 🔵 Checking availability for 1 providers 
[2026-07-10T06:35:54.645Z] ✅ Found 27 slots for clinic: muneeb 
[2026-07-10T07:30:22.658Z] 🔵 Availability Request: {"clinicId":"4ca4e344-a7c6-473c-b3be-21b90c1ae067","serviceIds":["4776d73c-16be-4861-928e-31dc4838b441"],"providerId":null,"date":"2026-07-10"}
[2026-07-10T07:30:22.711Z] 🔵 Using date: "2026-07-10"
[2026-07-10T07:30:22.770Z] 🔵 Clinic: "muneeb"
[2026-07-10T07:30:22.781Z] 🔵 Total duration: 60
[2026-07-10T07:30:22.790Z] 🔵 Using timezone: "Europe/Athens"
[2026-07-10T07:30:22.952Z] 🔵 Day of week: "friday"
[2026-07-10T07:30:22.953Z] 🔵 Business hours for friday: {"open":"09:00","close":"23:00","isOpen":true}
[2026-07-10T07:30:22.954Z] 🔵 All business hours: {"monday":{"open":"09:00","close":"23:00","isOpen":true},"tuesday":{"open":"09:00","close":"23:00","isOpen":true},"wednesday":{"open":"09:00","close":"23:00","isOpen":true},"thursday":{"open":"09:00","close":"23:00","isOpen":true},"friday":{"open":"09:00","close":"23:00","isOpen":true},"saturday":{"open":"09:00","close":"18:00","isOpen":true},"sunday":{"open":"09:00","close":"18:00","isOpen":false}}
[2026-07-10T07:30:22.955Z] ✅ Clinic is open on friday from 09:00 to 23:00 
[2026-07-10T07:30:23.044Z] 🔵 Checking availability for 6 providers 
[2026-07-10T07:30:23.190Z] ✅ Found 23 slots for clinic: muneeb 
[2026-07-10T07:41:07.378Z] 🔵 Availability Request: {"clinicId":"4ca4e344-a7c6-473c-b3be-21b90c1ae067","serviceIds":["4776d73c-16be-4861-928e-31dc4838b441"],"providerId":null,"date":"2026-07-10"}
[2026-07-10T07:41:07.459Z] 🔵 Using date: "2026-07-10"
[2026-07-10T07:41:07.643Z] 🔵 Clinic: "muneeb"
[2026-07-10T07:41:07.698Z] 🔵 Total duration: 60
[2026-07-10T07:41:07.727Z] 🔵 Using timezone: "Europe/Athens"
[2026-07-10T07:41:07.927Z] 🔵 Day of week: "friday"
[2026-07-10T07:41:07.946Z] 🔵 Business hours for friday: {"open":"09:00","close":"23:00","isOpen":true}
[2026-07-10T07:41:07.957Z] 🔵 All business hours: {"monday":{"open":"09:00","close":"23:00","isOpen":true},"tuesday":{"open":"09:00","close":"23:00","isOpen":true},"wednesday":{"open":"09:00","close":"23:00","isOpen":true},"thursday":{"open":"09:00","close":"23:00","isOpen":true},"friday":{"open":"09:00","close":"23:00","isOpen":true},"saturday":{"open":"09:00","close":"18:00","isOpen":true},"sunday":{"open":"09:00","close":"18:00","isOpen":false}}
[2026-07-10T07:41:07.975Z] ✅ Clinic is open on friday from 09:00 to 23:00 
[2026-07-10T07:41:08.448Z] 🔵 Checking availability for 6 providers 
[2026-07-10T07:41:09.044Z] ✅ Found 23 slots for clinic: muneeb 
[2026-07-10T07:41:14.108Z] 🔵 Availability Request: {"clinicId":"4ca4e344-a7c6-473c-b3be-21b90c1ae067","serviceIds":["4776d73c-16be-4861-928e-31dc4838b441"],"providerId":null,"date":"2026-07-13"}
[2026-07-10T07:41:14.113Z] 🔵 Using date: "2026-07-13"
[2026-07-10T07:41:14.194Z] 🔵 Clinic: "muneeb"
[2026-07-10T07:41:14.228Z] 🔵 Total duration: 60
[2026-07-10T07:41:14.239Z] 🔵 Using timezone: "Europe/Athens"
[2026-07-10T07:41:14.245Z] 🔵 Day of week: "monday"
[2026-07-10T07:41:14.254Z] 🔵 Business hours for monday: {"open":"09:00","close":"23:00","isOpen":true}
[2026-07-10T07:41:14.258Z] 🔵 All business hours: {"monday":{"open":"09:00","close":"23:00","isOpen":true},"tuesday":{"open":"09:00","close":"23:00","isOpen":true},"wednesday":{"open":"09:00","close":"23:00","isOpen":true},"thursday":{"open":"09:00","close":"23:00","isOpen":true},"friday":{"open":"09:00","close":"23:00","isOpen":true},"saturday":{"open":"09:00","close":"18:00","isOpen":true},"sunday":{"open":"09:00","close":"18:00","isOpen":false}}
[2026-07-10T07:41:14.261Z] ✅ Clinic is open on monday from 09:00 to 23:00 
[2026-07-10T07:41:14.344Z] 🔵 Checking availability for 6 providers 
[2026-07-10T07:41:14.439Z] ✅ Found 27 slots for clinic: muneeb 
[2026-07-10T07:42:11.777Z] 🔵 Availability Request: {"clinicId":"4ca4e344-a7c6-473c-b3be-21b90c1ae067","serviceIds":["4776d73c-16be-4861-928e-31dc4838b441"],"providerId":null,"date":"2026-07-10"}
[2026-07-10T07:42:11.790Z] 🔵 Using date: "2026-07-10"
[2026-07-10T07:42:11.908Z] 🔵 Clinic: "muneeb"
[2026-07-10T07:42:11.939Z] 🔵 Total duration: 60
[2026-07-10T07:42:11.940Z] 🔵 Using timezone: "Europe/Athens"
[2026-07-10T07:42:11.956Z] 🔵 Day of week: "friday"
[2026-07-10T07:42:11.957Z] 🔵 Business hours for friday: {"open":"09:00","close":"23:00","isOpen":true}
[2026-07-10T07:42:11.959Z] 🔵 All business hours: {"monday":{"open":"09:00","close":"23:00","isOpen":true},"tuesday":{"open":"09:00","close":"23:00","isOpen":true},"wednesday":{"open":"09:00","close":"23:00","isOpen":true},"thursday":{"open":"09:00","close":"23:00","isOpen":true},"friday":{"open":"09:00","close":"23:00","isOpen":true},"saturday":{"open":"09:00","close":"18:00","isOpen":true},"sunday":{"open":"09:00","close":"18:00","isOpen":false}}
[2026-07-10T07:42:11.960Z] ✅ Clinic is open on friday from 09:00 to 23:00 
[2026-07-10T07:42:12.111Z] 🔵 Checking availability for 6 providers 
[2026-07-10T07:42:12.271Z] ✅ Found 23 slots for clinic: muneeb 
[2026-07-10T07:45:45.323Z] 🔵 Availability Request: {"clinicId":"4ca4e344-a7c6-473c-b3be-21b90c1ae067","serviceIds":["4776d73c-16be-4861-928e-31dc4838b441"],"providerId":null,"date":"2026-07-10"}
[2026-07-10T07:45:45.592Z] 🔵 Using date: "2026-07-10"
[2026-07-10T07:45:45.898Z] 🔵 Clinic: "muneeb"
[2026-07-10T07:45:46.029Z] 🔵 Total duration: 60
[2026-07-10T07:45:46.030Z] 🔵 Using timezone: "Europe/Athens"
[2026-07-10T07:45:46.088Z] 🔵 Day of week: "friday"
[2026-07-10T07:45:46.095Z] 🔵 Business hours for friday: {"open":"09:00","close":"23:00","isOpen":true}
[2026-07-10T07:45:46.099Z] 🔵 All business hours: {"monday":{"open":"09:00","close":"23:00","isOpen":true},"tuesday":{"open":"09:00","close":"23:00","isOpen":true},"wednesday":{"open":"09:00","close":"23:00","isOpen":true},"thursday":{"open":"09:00","close":"23:00","isOpen":true},"friday":{"open":"09:00","close":"23:00","isOpen":true},"saturday":{"open":"09:00","close":"18:00","isOpen":true},"sunday":{"open":"09:00","close":"18:00","isOpen":false}}
[2026-07-10T07:45:46.157Z] ✅ Clinic is open on friday from 09:00 to 23:00 
[2026-07-10T07:45:46.952Z] 🔵 Checking availability for 6 providers 
[2026-07-10T07:45:48.101Z] ✅ Found 23 slots for clinic: muneeb 
[2026-07-10T07:45:57.279Z] 🔵 Availability Request: {"clinicId":"4ca4e344-a7c6-473c-b3be-21b90c1ae067","serviceIds":["4776d73c-16be-4861-928e-31dc4838b441"],"providerId":null,"date":"2026-07-20"}
[2026-07-10T07:45:57.389Z] 🔵 Using date: "2026-07-20"
[2026-07-10T07:45:57.495Z] 🔵 Clinic: "muneeb"
[2026-07-10T07:45:57.569Z] 🔵 Total duration: 60
[2026-07-10T07:45:57.570Z] 🔵 Using timezone: "Europe/Athens"
[2026-07-10T07:45:57.572Z] 🔵 Day of week: "monday"
[2026-07-10T07:45:57.586Z] 🔵 Business hours for monday: {"open":"09:00","close":"23:00","isOpen":true}
[2026-07-10T07:45:57.589Z] 🔵 All business hours: {"monday":{"open":"09:00","close":"23:00","isOpen":true},"tuesday":{"open":"09:00","close":"23:00","isOpen":true},"wednesday":{"open":"09:00","close":"23:00","isOpen":true},"thursday":{"open":"09:00","close":"23:00","isOpen":true},"friday":{"open":"09:00","close":"23:00","isOpen":true},"saturday":{"open":"09:00","close":"18:00","isOpen":true},"sunday":{"open":"09:00","close":"18:00","isOpen":false}}
[2026-07-10T07:45:57.616Z] ✅ Clinic is open on monday from 09:00 to 23:00 
[2026-07-10T07:45:58.638Z] 🔵 Checking availability for 6 providers 
[2026-07-10T07:45:59.830Z] ✅ Found 27 slots for clinic: muneeb 
[2026-07-10T07:48:45.156Z] 🔵 Availability Request: {"clinicId":"4ca4e344-a7c6-473c-b3be-21b90c1ae067","serviceIds":["4776d73c-16be-4861-928e-31dc4838b441"],"providerId":null,"date":"2026-07-10"}
[2026-07-10T07:48:45.187Z] 🔵 Using date: "2026-07-10"
[2026-07-10T07:48:45.254Z] 🔵 Clinic: "muneeb"
[2026-07-10T07:48:45.294Z] 🔵 Total duration: 60
[2026-07-10T07:48:45.301Z] 🔵 Using timezone: "Europe/Athens"
[2026-07-10T07:48:45.316Z] 🔵 Day of week: "friday"
[2026-07-10T07:48:45.327Z] 🔵 Business hours for friday: {"open":"09:00","close":"23:00","isOpen":true}
[2026-07-10T07:48:45.337Z] 🔵 All business hours: {"monday":{"open":"09:00","close":"23:00","isOpen":true},"tuesday":{"open":"09:00","close":"23:00","isOpen":true},"wednesday":{"open":"09:00","close":"23:00","isOpen":true},"thursday":{"open":"09:00","close":"23:00","isOpen":true},"friday":{"open":"09:00","close":"23:00","isOpen":true},"saturday":{"open":"09:00","close":"18:00","isOpen":true},"sunday":{"open":"09:00","close":"18:00","isOpen":false}}
[2026-07-10T07:48:45.353Z] ✅ Clinic is open on friday from 09:00 to 23:00 
[2026-07-10T07:48:45.459Z] 🔵 Checking availability for 6 providers 
[2026-07-10T07:48:45.559Z] ✅ Found 23 slots for clinic: muneeb 
[2026-07-10T07:49:25.525Z] 🔵 Availability Request: {"clinicId":"4ca4e344-a7c6-473c-b3be-21b90c1ae067","serviceIds":["967e0ea6-9422-4579-93e6-23ea3201b1c9"],"providerId":null,"date":"2026-07-10"}
[2026-07-10T07:49:25.583Z] 🔵 Using date: "2026-07-10"
[2026-07-10T07:49:25.718Z] 🔵 Clinic: "muneeb"
[2026-07-10T07:49:25.751Z] 🔵 Total duration: 60
[2026-07-10T07:49:25.752Z] 🔵 Using timezone: "Europe/Athens"
[2026-07-10T07:49:25.758Z] 🔵 Day of week: "friday"
[2026-07-10T07:49:25.781Z] 🔵 Business hours for friday: {"open":"09:00","close":"23:00","isOpen":true}
[2026-07-10T07:49:25.797Z] 🔵 All business hours: {"monday":{"open":"09:00","close":"23:00","isOpen":true},"tuesday":{"open":"09:00","close":"23:00","isOpen":true},"wednesday":{"open":"09:00","close":"23:00","isOpen":true},"thursday":{"open":"09:00","close":"23:00","isOpen":true},"friday":{"open":"09:00","close":"23:00","isOpen":true},"saturday":{"open":"09:00","close":"18:00","isOpen":true},"sunday":{"open":"09:00","close":"18:00","isOpen":false}}
[2026-07-10T07:49:25.798Z] ✅ Clinic is open on friday from 09:00 to 23:00 
[2026-07-10T07:49:25.927Z] 🔵 Checking availability for 6 providers 
[2026-07-10T07:49:26.118Z] ✅ Found 23 slots for clinic: muneeb 
[2026-07-11T07:09:54.508Z] 🔵 Availability Request: {"clinicId":"4ca4e344-a7c6-473c-b3be-21b90c1ae067","serviceIds":["4776d73c-16be-4861-928e-31dc4838b441"],"providerId":null,"date":"2026-07-11"}
[2026-07-11T07:09:54.832Z] 🔵 Using date: "2026-07-11"
[2026-07-11T07:09:55.332Z] 🔵 Clinic: "muneeb"
[2026-07-11T07:09:55.461Z] 🔵 Total duration: 60
[2026-07-11T07:09:55.486Z] 🔵 Using timezone: "Europe/Athens"
[2026-07-11T07:09:57.627Z] 🔵 Day of week: "saturday"
[2026-07-11T07:09:57.746Z] 🔵 Business hours for saturday: {"open":"09:00","close":"18:00","isOpen":true}
[2026-07-11T07:09:57.811Z] 🔵 All business hours: {"monday":{"open":"09:00","close":"23:00","isOpen":true},"tuesday":{"open":"09:00","close":"23:00","isOpen":true},"wednesday":{"open":"09:00","close":"23:00","isOpen":true},"thursday":{"open":"09:00","close":"23:00","isOpen":true},"friday":{"open":"09:00","close":"23:00","isOpen":true},"saturday":{"open":"09:00","close":"18:00","isOpen":true},"sunday":{"open":"09:00","close":"18:00","isOpen":false}}
[2026-07-11T07:09:57.815Z] ✅ Clinic is open on saturday from 09:00 to 18:00 
[2026-07-11T07:09:58.747Z] 🔵 Checking availability for 6 providers 
[2026-07-11T07:09:59.620Z] ✅ Found 14 slots for clinic: muneeb 
[2026-07-11T07:15:28.427Z] 🔵 Availability Request: {"clinicId":"4ca4e344-a7c6-473c-b3be-21b90c1ae067","serviceIds":["4776d73c-16be-4861-928e-31dc4838b441"],"providerId":null,"date":"2026-07-11"}
[2026-07-11T07:15:28.571Z] 🔵 Using date: "2026-07-11"
[2026-07-11T07:15:28.766Z] 🔵 Clinic: "muneeb"
[2026-07-11T07:15:28.800Z] 🔵 Total duration: 60
[2026-07-11T07:15:28.804Z] 🔵 Using timezone: "Europe/Athens"
[2026-07-11T07:15:28.879Z] 🔵 Day of week: "saturday"
[2026-07-11T07:15:28.888Z] 🔵 Business hours for saturday: {"open":"09:00","close":"18:00","isOpen":true}
[2026-07-11T07:15:28.900Z] 🔵 All business hours: {"monday":{"open":"09:00","close":"23:00","isOpen":true},"tuesday":{"open":"09:00","close":"23:00","isOpen":true},"wednesday":{"open":"09:00","close":"23:00","isOpen":true},"thursday":{"open":"09:00","close":"23:00","isOpen":true},"friday":{"open":"09:00","close":"23:00","isOpen":true},"saturday":{"open":"09:00","close":"18:00","isOpen":true},"sunday":{"open":"09:00","close":"18:00","isOpen":false}}
[2026-07-11T07:15:28.902Z] ✅ Clinic is open on saturday from 09:00 to 18:00 
[2026-07-11T07:15:28.986Z] 🔵 Checking availability for 6 providers 
[2026-07-11T07:15:29.192Z] ✅ Found 14 slots for clinic: muneeb 
[2026-07-11T07:16:12.671Z] 🔵 Availability Request: {"clinicId":"4ca4e344-a7c6-473c-b3be-21b90c1ae067","serviceIds":["4776d73c-16be-4861-928e-31dc4838b441"],"providerId":"d3e3aec9-5e11-4601-8b59-d22cbed98fa0","date":"2026-07-11"}
[2026-07-11T07:16:12.673Z] 🔵 Using date: "2026-07-11"
[2026-07-11T07:16:12.724Z] 🔵 Clinic: "muneeb"
[2026-07-11T07:16:12.739Z] 🔵 Total duration: 60
[2026-07-11T07:16:12.742Z] 🔵 Using timezone: "Europe/Athens"
[2026-07-11T07:16:12.744Z] 🔵 Day of week: "saturday"
[2026-07-11T07:16:12.748Z] 🔵 Business hours for saturday: {"open":"09:00","close":"18:00","isOpen":true}
[2026-07-11T07:16:12.749Z] 🔵 All business hours: {"monday":{"open":"09:00","close":"23:00","isOpen":true},"tuesday":{"open":"09:00","close":"23:00","isOpen":true},"wednesday":{"open":"09:00","close":"23:00","isOpen":true},"thursday":{"open":"09:00","close":"23:00","isOpen":true},"friday":{"open":"09:00","close":"23:00","isOpen":true},"saturday":{"open":"09:00","close":"18:00","isOpen":true},"sunday":{"open":"09:00","close":"18:00","isOpen":false}}
[2026-07-11T07:16:12.771Z] ✅ Clinic is open on saturday from 09:00 to 18:00 
[2026-07-11T07:16:12.782Z] 🔵 Checking availability for 1 providers 
[2026-07-11T07:16:12.876Z] ✅ Found 17 slots for clinic: muneeb 
[2026-07-11T07:16:44.606Z] 🔵 Availability Request: {"clinicId":"4ca4e344-a7c6-473c-b3be-21b90c1ae067","serviceIds":["4776d73c-16be-4861-928e-31dc4838b441"],"providerId":null,"date":"2026-07-11"}
[2026-07-11T07:16:44.607Z] 🔵 Using date: "2026-07-11"
[2026-07-11T07:16:44.720Z] 🔵 Clinic: "muneeb"
[2026-07-11T07:16:44.791Z] 🔵 Total duration: 60
[2026-07-11T07:16:44.805Z] 🔵 Using timezone: "Europe/Athens"
[2026-07-11T07:16:44.849Z] 🔵 Day of week: "saturday"
[2026-07-11T07:16:44.870Z] 🔵 Business hours for saturday: {"open":"09:00","close":"18:00","isOpen":true}
[2026-07-11T07:16:44.871Z] 🔵 All business hours: {"monday":{"open":"09:00","close":"23:00","isOpen":true},"tuesday":{"open":"09:00","close":"23:00","isOpen":true},"wednesday":{"open":"09:00","close":"23:00","isOpen":true},"thursday":{"open":"09:00","close":"23:00","isOpen":true},"friday":{"open":"09:00","close":"23:00","isOpen":true},"saturday":{"open":"09:00","close":"18:00","isOpen":true},"sunday":{"open":"09:00","close":"18:00","isOpen":false}}
[2026-07-11T07:16:44.915Z] ✅ Clinic is open on saturday from 09:00 to 18:00 
[2026-07-11T07:16:45.180Z] 🔵 Checking availability for 6 providers 
[2026-07-11T07:16:46.124Z] ✅ Found 14 slots for clinic: muneeb 
[2026-07-11T07:18:26.912Z] 🔵 Availability Request: {"clinicId":"4ca4e344-a7c6-473c-b3be-21b90c1ae067","serviceIds":["4776d73c-16be-4861-928e-31dc4838b441"],"providerId":null,"date":"2026-07-11"}
[2026-07-11T07:18:27.014Z] 🔵 Using date: "2026-07-11"
[2026-07-11T07:18:27.238Z] 🔵 Clinic: "muneeb"
[2026-07-11T07:18:27.270Z] 🔵 Total duration: 60
[2026-07-11T07:18:27.272Z] 🔵 Using timezone: "Europe/Athens"
[2026-07-11T07:18:27.275Z] 🔵 Day of week: "saturday"
[2026-07-11T07:18:27.284Z] 🔵 Business hours for saturday: {"open":"09:00","close":"18:00","isOpen":true}
[2026-07-11T07:18:27.297Z] 🔵 All business hours: {"monday":{"open":"09:00","close":"23:00","isOpen":true},"tuesday":{"open":"09:00","close":"23:00","isOpen":true},"wednesday":{"open":"09:00","close":"23:00","isOpen":true},"thursday":{"open":"09:00","close":"23:00","isOpen":true},"friday":{"open":"09:00","close":"23:00","isOpen":true},"saturday":{"open":"09:00","close":"18:00","isOpen":true},"sunday":{"open":"09:00","close":"18:00","isOpen":false}}
[2026-07-11T07:18:27.298Z] ✅ Clinic is open on saturday from 09:00 to 18:00 
[2026-07-11T07:18:27.454Z] 🔵 Checking availability for 6 providers 
[2026-07-11T07:18:27.771Z] ✅ Found 14 slots for clinic: muneeb 
[2026-07-11T07:41:57.142Z] 🔵 Availability Request: {"clinicId":"4ca4e344-a7c6-473c-b3be-21b90c1ae067","serviceIds":["4776d73c-16be-4861-928e-31dc4838b441"],"providerId":null,"date":"2026-07-11"}
[2026-07-11T07:41:57.223Z] 🔵 Using date: "2026-07-11"
[2026-07-11T07:41:57.760Z] 🔵 Clinic: "muneeb"
[2026-07-11T07:41:57.880Z] 🔵 Total duration: 60
[2026-07-11T07:41:57.998Z] 🔵 Using timezone: "Europe/Athens"
[2026-07-11T07:41:58.078Z] 🔵 Day of week: "saturday"
[2026-07-11T07:41:58.089Z] 🔵 Business hours for saturday: {"open":"09:00","close":"18:00","isOpen":true}
[2026-07-11T07:41:58.157Z] 🔵 All business hours: {"monday":{"open":"09:00","close":"23:00","isOpen":true},"tuesday":{"open":"09:00","close":"23:00","isOpen":true},"wednesday":{"open":"09:00","close":"23:00","isOpen":true},"thursday":{"open":"09:00","close":"23:00","isOpen":true},"friday":{"open":"09:00","close":"23:00","isOpen":true},"saturday":{"open":"09:00","close":"18:00","isOpen":true},"sunday":{"open":"09:00","close":"18:00","isOpen":false}}
[2026-07-11T07:41:58.162Z] ✅ Clinic is open on saturday from 09:00 to 18:00 
[2026-07-11T07:41:58.755Z] 🔵 Checking availability for 6 providers 
[2026-07-11T07:41:59.711Z] ✅ Found 13 slots for clinic: muneeb 
[2026-07-11T09:48:10.170Z] 🔵 Availability Request: {"clinicId":"4ca4e344-a7c6-473c-b3be-21b90c1ae067","serviceIds":["4776d73c-16be-4861-928e-31dc4838b441"],"providerId":"d3e3aec9-5e11-4601-8b59-d22cbed98fa0","date":"2026-07-11"}
[2026-07-11T09:48:10.214Z] 🔵 Using date: "2026-07-11"
[2026-07-11T09:48:10.237Z] 🔵 Clinic: "muneeb"
[2026-07-11T09:48:10.248Z] 🔵 Total duration: 60
[2026-07-11T09:48:10.250Z] 🔵 Using timezone: "Europe/Athens"
[2026-07-11T09:48:10.344Z] 🔵 Day of week: "saturday"
[2026-07-11T09:48:10.345Z] 🔵 Business hours for saturday: {"open":"09:00","close":"18:00","isOpen":true}
[2026-07-11T09:48:10.346Z] 🔵 All business hours: {"monday":{"open":"09:00","close":"23:00","isOpen":true},"tuesday":{"open":"09:00","close":"23:00","isOpen":true},"wednesday":{"open":"09:00","close":"23:00","isOpen":true},"thursday":{"open":"09:00","close":"23:00","isOpen":true},"friday":{"open":"09:00","close":"23:00","isOpen":true},"saturday":{"open":"09:00","close":"18:00","isOpen":true},"sunday":{"open":"09:00","close":"18:00","isOpen":false}}
[2026-07-11T09:48:10.352Z] ✅ Clinic is open on saturday from 09:00 to 18:00 
[2026-07-11T09:48:10.355Z] 🔵 Checking availability for 1 providers 
[2026-07-11T09:48:10.558Z] ✅ Found 17 slots for clinic: muneeb 
[2026-08-08T10:56:40.494Z] 🔵 Availability Request: {"clinicId":"4ca4e344-a7c6-473c-b3be-21b90c1ae067","serviceIds":["967e0ea6-9422-4579-93e6-23ea3201b1c9"],"providerId":null,"date":"2026-08-08"}
[2026-08-08T10:56:40.525Z] 🔵 Using date: "2026-08-08"
[2026-08-08T10:56:40.559Z] 🔵 Clinic: "muneeb"
[2026-08-08T10:56:40.568Z] 🔵 Total duration: 60
[2026-08-08T10:56:40.569Z] 🔵 Using timezone: "Asia/Karachi"
[2026-08-08T10:56:40.579Z] 🔵 Day of week: "saturday"
[2026-08-08T10:56:40.580Z] 🔵 Business hours for saturday: {"open":"09:00","close":"18:00","isOpen":true}
[2026-08-08T10:56:40.581Z] 🔵 All business hours: {"monday":{"open":"09:00","close":"23:00","isOpen":true},"tuesday":{"open":"09:00","close":"23:00","isOpen":true},"wednesday":{"open":"09:00","close":"23:00","isOpen":true},"thursday":{"open":"09:00","close":"23:00","isOpen":true},"friday":{"open":"09:00","close":"23:00","isOpen":true},"saturday":{"open":"09:00","close":"18:00","isOpen":true},"sunday":{"open":"09:00","close":"18:00","isOpen":false}}
[2026-08-08T10:56:40.582Z] ✅ Clinic is open on saturday from 09:00 to 18:00 
[2026-08-08T10:56:40.631Z] 🔵 Checking availability for 6 providers 
[2026-08-08T10:56:40.686Z] ✅ Found 3 slots for clinic: muneeb 
[2026-08-08T10:56:44.947Z] 🔵 Availability Request: {"clinicId":"4ca4e344-a7c6-473c-b3be-21b90c1ae067","serviceIds":["967e0ea6-9422-4579-93e6-23ea3201b1c9"],"providerId":null,"date":"2026-08-09"}
[2026-08-08T10:56:44.947Z] 🔵 Using date: "2026-08-09"
[2026-08-08T10:56:44.974Z] 🔵 Clinic: "muneeb"
[2026-08-08T10:56:44.981Z] 🔵 Total duration: 60
[2026-08-08T10:56:44.983Z] 🔵 Using timezone: "Asia/Karachi"
[2026-08-08T10:56:44.984Z] 🔵 Day of week: "sunday"
[2026-08-08T10:56:44.985Z] 🔵 Business hours for sunday: {"open":"09:00","close":"18:00","isOpen":false}
[2026-08-08T10:56:44.987Z] 🔵 All business hours: {"monday":{"open":"09:00","close":"23:00","isOpen":true},"tuesday":{"open":"09:00","close":"23:00","isOpen":true},"wednesday":{"open":"09:00","close":"23:00","isOpen":true},"thursday":{"open":"09:00","close":"23:00","isOpen":true},"friday":{"open":"09:00","close":"23:00","isOpen":true},"saturday":{"open":"09:00","close":"18:00","isOpen":true},"sunday":{"open":"09:00","close":"18:00","isOpen":false}}
[2026-08-08T10:56:48.718Z] 🔵 Availability Request: {"clinicId":"4ca4e344-a7c6-473c-b3be-21b90c1ae067","serviceIds":["967e0ea6-9422-4579-93e6-23ea3201b1c9"],"providerId":null,"date":"2026-08-11"}
[2026-08-08T10:56:48.719Z] 🔵 Using date: "2026-08-11"
[2026-08-08T10:56:48.731Z] 🔵 Clinic: "muneeb"
[2026-08-08T10:56:48.769Z] 🔵 Total duration: 60
[2026-08-08T10:56:48.769Z] 🔵 Using timezone: "Asia/Karachi"
[2026-08-08T10:56:48.781Z] 🔵 Day of week: "tuesday"
[2026-08-08T10:56:48.782Z] 🔵 Business hours for tuesday: {"open":"09:00","close":"23:00","isOpen":true}
[2026-08-08T10:56:48.785Z] 🔵 All business hours: {"monday":{"open":"09:00","close":"23:00","isOpen":true},"tuesday":{"open":"09:00","close":"23:00","isOpen":true},"wednesday":{"open":"09:00","close":"23:00","isOpen":true},"thursday":{"open":"09:00","close":"23:00","isOpen":true},"friday":{"open":"09:00","close":"23:00","isOpen":true},"saturday":{"open":"09:00","close":"18:00","isOpen":true},"sunday":{"open":"09:00","close":"18:00","isOpen":false}}
[2026-08-08T10:56:48.840Z] ✅ Clinic is open on tuesday from 09:00 to 23:00 
[2026-08-08T10:56:48.889Z] 🔵 Checking availability for 6 providers 
[2026-08-08T10:56:48.939Z] ✅ Found 27 slots for clinic: muneeb 
[2026-08-08T10:58:22.642Z] 🔵 Availability Request: {"clinicId":"4ca4e344-a7c6-473c-b3be-21b90c1ae067","serviceIds":["967e0ea6-9422-4579-93e6-23ea3201b1c9"],"providerId":null,"date":"2026-08-11"}
[2026-08-08T10:58:22.643Z] 🔵 Using date: "2026-08-11"
[2026-08-08T10:58:22.655Z] 🔵 Clinic: "muneeb"
[2026-08-08T10:58:22.659Z] 🔵 Total duration: 60
[2026-08-08T10:58:22.659Z] 🔵 Using timezone: "Asia/Karachi"
[2026-08-08T10:58:22.660Z] 🔵 Day of week: "tuesday"
[2026-08-08T10:58:22.661Z] 🔵 Business hours for tuesday: {"open":"09:00","close":"23:00","isOpen":true}
[2026-08-08T10:58:22.661Z] 🔵 All business hours: {"monday":{"open":"09:00","close":"23:00","isOpen":true},"tuesday":{"open":"09:00","close":"23:00","isOpen":true},"wednesday":{"open":"09:00","close":"23:00","isOpen":true},"thursday":{"open":"09:00","close":"23:00","isOpen":true},"friday":{"open":"09:00","close":"23:00","isOpen":true},"saturday":{"open":"09:00","close":"18:00","isOpen":true},"sunday":{"open":"09:00","close":"18:00","isOpen":false}}
[2026-08-08T10:58:22.662Z] ✅ Clinic is open on tuesday from 09:00 to 23:00 
[2026-08-08T10:58:22.684Z] 🔵 Checking availability for 6 providers 
[2026-08-08T10:58:22.710Z] ✅ Found 27 slots for clinic: muneeb 
[2026-08-08T10:58:51.469Z] 🔵 Availability Request: {"clinicId":"4ca4e344-a7c6-473c-b3be-21b90c1ae067","serviceIds":["967e0ea6-9422-4579-93e6-23ea3201b1c9"],"providerId":null,"date":"2026-08-11"}
[2026-08-08T10:58:51.470Z] 🔵 Using date: "2026-08-11"
[2026-08-08T10:58:51.482Z] 🔵 Clinic: "muneeb"
[2026-08-08T10:58:51.486Z] 🔵 Total duration: 60
[2026-08-08T10:58:51.486Z] 🔵 Using timezone: "Asia/Karachi"
[2026-08-08T10:58:51.487Z] 🔵 Day of week: "tuesday"
[2026-08-08T10:58:51.488Z] 🔵 Business hours for tuesday: {"open":"09:00","close":"23:00","isOpen":true}
[2026-08-08T10:58:51.488Z] 🔵 All business hours: {"monday":{"open":"09:00","close":"23:00","isOpen":true},"tuesday":{"open":"09:00","close":"23:00","isOpen":true},"wednesday":{"open":"09:00","close":"23:00","isOpen":true},"thursday":{"open":"09:00","close":"23:00","isOpen":true},"friday":{"open":"09:00","close":"23:00","isOpen":true},"saturday":{"open":"09:00","close":"18:00","isOpen":true},"sunday":{"open":"09:00","close":"18:00","isOpen":false}}
[2026-08-08T10:58:51.489Z] ✅ Clinic is open on tuesday from 09:00 to 23:00 
[2026-08-08T10:58:51.510Z] 🔵 Checking availability for 6 providers 
[2026-08-08T10:58:51.528Z] ✅ Found 27 slots for clinic: muneeb 
[2026-08-08T10:59:19.944Z] 🔵 Availability Request: {"clinicId":"4ca4e344-a7c6-473c-b3be-21b90c1ae067","serviceIds":["967e0ea6-9422-4579-93e6-23ea3201b1c9"],"providerId":null,"date":"2026-08-12"}
[2026-08-08T10:59:19.944Z] 🔵 Using date: "2026-08-12"
[2026-08-08T10:59:19.964Z] 🔵 Clinic: "muneeb"
[2026-08-08T10:59:19.973Z] 🔵 Total duration: 60
[2026-08-08T10:59:19.974Z] 🔵 Using timezone: "Asia/Karachi"
[2026-08-08T10:59:19.975Z] 🔵 Day of week: "wednesday"
[2026-08-08T10:59:19.975Z] 🔵 Business hours for wednesday: {"open":"09:00","close":"23:00","isOpen":true}
[2026-08-08T10:59:19.975Z] 🔵 All business hours: {"monday":{"open":"09:00","close":"23:00","isOpen":true},"tuesday":{"open":"09:00","close":"23:00","isOpen":true},"wednesday":{"open":"09:00","close":"23:00","isOpen":true},"thursday":{"open":"09:00","close":"23:00","isOpen":true},"friday":{"open":"09:00","close":"23:00","isOpen":true},"saturday":{"open":"09:00","close":"18:00","isOpen":true},"sunday":{"open":"09:00","close":"18:00","isOpen":false}}
[2026-08-08T10:59:19.976Z] ✅ Clinic is open on wednesday from 09:00 to 23:00 
[2026-08-08T10:59:20.011Z] 🔵 Checking availability for 6 providers 
[2026-08-08T10:59:20.045Z] ✅ Found 27 slots for clinic: muneeb 
[2026-08-08T11:00:00.671Z] 🔵 Availability Request: {"clinicId":"4ca4e344-a7c6-473c-b3be-21b90c1ae067","serviceIds":["967e0ea6-9422-4579-93e6-23ea3201b1c9"],"providerId":null,"date":"2026-08-13"}
[2026-08-08T11:00:00.672Z] 🔵 Using date: "2026-08-13"
[2026-08-08T11:00:00.688Z] 🔵 Clinic: "muneeb"
[2026-08-08T11:00:00.692Z] 🔵 Total duration: 60
[2026-08-08T11:00:00.693Z] 🔵 Using timezone: "Asia/Karachi"
[2026-08-08T11:00:00.695Z] 🔵 Day of week: "thursday"
[2026-08-08T11:00:00.696Z] 🔵 Business hours for thursday: {"open":"09:00","close":"23:00","isOpen":true}
[2026-08-08T11:00:00.697Z] 🔵 All business hours: {"monday":{"open":"09:00","close":"23:00","isOpen":true},"tuesday":{"open":"09:00","close":"23:00","isOpen":true},"wednesday":{"open":"09:00","close":"23:00","isOpen":true},"thursday":{"open":"09:00","close":"23:00","isOpen":true},"friday":{"open":"09:00","close":"23:00","isOpen":true},"saturday":{"open":"09:00","close":"18:00","isOpen":true},"sunday":{"open":"09:00","close":"18:00","isOpen":false}}
[2026-08-08T11:00:00.698Z] ✅ Clinic is open on thursday from 09:00 to 23:00 
[2026-08-08T11:00:00.723Z] 🔵 Checking availability for 6 providers 
[2026-08-08T11:00:00.754Z] ✅ Found 27 slots for clinic: muneeb 
[2026-08-08T11:01:22.670Z] 🔵 Availability Request: {"clinicId":"4ca4e344-a7c6-473c-b3be-21b90c1ae067","serviceIds":["967e0ea6-9422-4579-93e6-23ea3201b1c9"],"providerId":null,"date":"2026-08-13"}
[2026-08-08T11:01:22.671Z] 🔵 Using date: "2026-08-13"
[2026-08-08T11:01:22.682Z] 🔵 Clinic: "muneeb"
[2026-08-08T11:01:22.688Z] 🔵 Total duration: 60
[2026-08-08T11:01:22.688Z] 🔵 Using timezone: "Asia/Karachi"
[2026-08-08T11:01:22.689Z] 🔵 Day of week: "thursday"
[2026-08-08T11:01:22.690Z] 🔵 Business hours for thursday: {"open":"09:00","close":"23:00","isOpen":true}
[2026-08-08T11:01:22.690Z] 🔵 All business hours: {"monday":{"open":"09:00","close":"23:00","isOpen":true},"tuesday":{"open":"09:00","close":"23:00","isOpen":true},"wednesday":{"open":"09:00","close":"23:00","isOpen":true},"thursday":{"open":"09:00","close":"23:00","isOpen":true},"friday":{"open":"09:00","close":"23:00","isOpen":true},"saturday":{"open":"09:00","close":"18:00","isOpen":true},"sunday":{"open":"09:00","close":"18:00","isOpen":false}}
[2026-08-08T11:01:22.691Z] ✅ Clinic is open on thursday from 09:00 to 23:00 
[2026-08-08T11:01:22.714Z] 🔵 Checking availability for 6 providers 
[2026-08-08T11:01:22.744Z] ✅ Found 27 slots for clinic: muneeb 
[2026-08-08T11:01:31.556Z] 🔵 Availability Request: {"clinicId":"4ca4e344-a7c6-473c-b3be-21b90c1ae067","serviceIds":["967e0ea6-9422-4579-93e6-23ea3201b1c9"],"providerId":null,"date":"2026-08-12"}
[2026-08-08T11:01:31.557Z] 🔵 Using date: "2026-08-12"
[2026-08-08T11:01:31.576Z] 🔵 Clinic: "muneeb"
[2026-08-08T11:01:31.583Z] 🔵 Total duration: 60
[2026-08-08T11:01:31.583Z] 🔵 Using timezone: "Asia/Karachi"
[2026-08-08T11:01:31.584Z] 🔵 Day of week: "wednesday"
[2026-08-08T11:01:31.584Z] 🔵 Business hours for wednesday: {"open":"09:00","close":"23:00","isOpen":true}
[2026-08-08T11:01:31.585Z] 🔵 All business hours: {"monday":{"open":"09:00","close":"23:00","isOpen":true},"tuesday":{"open":"09:00","close":"23:00","isOpen":true},"wednesday":{"open":"09:00","close":"23:00","isOpen":true},"thursday":{"open":"09:00","close":"23:00","isOpen":true},"friday":{"open":"09:00","close":"23:00","isOpen":true},"saturday":{"open":"09:00","close":"18:00","isOpen":true},"sunday":{"open":"09:00","close":"18:00","isOpen":false}}
[2026-08-08T11:01:31.585Z] ✅ Clinic is open on wednesday from 09:00 to 23:00 
[2026-08-08T11:01:31.607Z] 🔵 Checking availability for 6 providers 
[2026-08-08T11:01:31.634Z] ✅ Found 27 slots for clinic: muneeb 
[2026-08-08T11:01:38.042Z] 🔵 Availability Request: {"clinicId":"4ca4e344-a7c6-473c-b3be-21b90c1ae067","serviceIds":["967e0ea6-9422-4579-93e6-23ea3201b1c9"],"providerId":null,"date":"2026-08-12"}
[2026-08-08T11:01:38.043Z] 🔵 Using date: "2026-08-12"
[2026-08-08T11:01:38.636Z] 🔵 Clinic: "muneeb"
[2026-08-08T11:01:38.642Z] 🔵 Total duration: 60
[2026-08-08T11:01:38.642Z] 🔵 Using timezone: "Asia/Karachi"
[2026-08-08T11:01:38.643Z] 🔵 Day of week: "wednesday"
[2026-08-08T11:01:38.643Z] 🔵 Business hours for wednesday: {"open":"09:00","close":"23:00","isOpen":true}
[2026-08-08T11:01:38.644Z] 🔵 All business hours: {"monday":{"open":"09:00","close":"23:00","isOpen":true},"tuesday":{"open":"09:00","close":"23:00","isOpen":true},"wednesday":{"open":"09:00","close":"23:00","isOpen":true},"thursday":{"open":"09:00","close":"23:00","isOpen":true},"friday":{"open":"09:00","close":"23:00","isOpen":true},"saturday":{"open":"09:00","close":"18:00","isOpen":true},"sunday":{"open":"09:00","close":"18:00","isOpen":false}}
[2026-08-08T11:01:38.653Z] ✅ Clinic is open on wednesday from 09:00 to 23:00 
[2026-08-08T11:01:38.801Z] 🔵 Checking availability for 6 providers 
[2026-08-08T11:01:38.970Z] ✅ Found 27 slots for clinic: muneeb 
[2026-08-08T11:01:40.388Z] 🔵 Availability Request: {"clinicId":"4ca4e344-a7c6-473c-b3be-21b90c1ae067","serviceIds":["967e0ea6-9422-4579-93e6-23ea3201b1c9"],"providerId":null,"date":"2026-08-13"}
[2026-08-08T11:01:40.389Z] 🔵 Using date: "2026-08-13"
[2026-08-08T11:01:40.419Z] 🔵 Clinic: "muneeb"
[2026-08-08T11:01:40.428Z] 🔵 Total duration: 60
[2026-08-08T11:01:40.429Z] 🔵 Using timezone: "Asia/Karachi"
[2026-08-08T11:01:40.429Z] 🔵 Day of week: "thursday"
[2026-08-08T11:01:40.430Z] 🔵 Business hours for thursday: {"open":"09:00","close":"23:00","isOpen":true}
[2026-08-08T11:01:40.431Z] 🔵 All business hours: {"monday":{"open":"09:00","close":"23:00","isOpen":true},"tuesday":{"open":"09:00","close":"23:00","isOpen":true},"wednesday":{"open":"09:00","close":"23:00","isOpen":true},"thursday":{"open":"09:00","close":"23:00","isOpen":true},"friday":{"open":"09:00","close":"23:00","isOpen":true},"saturday":{"open":"09:00","close":"18:00","isOpen":true},"sunday":{"open":"09:00","close":"18:00","isOpen":false}}
[2026-08-08T11:01:40.431Z] ✅ Clinic is open on thursday from 09:00 to 23:00 
[2026-08-08T11:01:40.453Z] 🔵 Checking availability for 6 providers 
[2026-08-08T11:01:40.490Z] ✅ Found 27 slots for clinic: muneeb 
[2026-08-08T11:49:05.609Z] 🔵 Availability Request: {"clinicId":"4ca4e344-a7c6-473c-b3be-21b90c1ae067","serviceIds":["24484414-7772-4f7f-8d9c-26d45503d5fc"],"providerId":null,"date":"2026-08-08"}
[2026-08-08T11:49:05.643Z] 🔵 Using date: "2026-08-08"
[2026-08-08T11:49:05.720Z] 🔵 Clinic: "muneeb"
[2026-08-08T11:49:05.735Z] 🔵 Total duration: 60
[2026-08-08T11:49:05.736Z] 🔵 Using timezone: "Asia/Karachi"
[2026-08-08T11:49:05.738Z] 🔵 Day of week: "saturday"
[2026-08-08T11:49:05.740Z] 🔵 Business hours for saturday: {"open":"09:00","close":"18:00","isOpen":true}
[2026-08-08T11:49:05.740Z] 🔵 All business hours: {"monday":{"open":"09:00","close":"23:00","isOpen":true},"tuesday":{"open":"09:00","close":"23:00","isOpen":true},"wednesday":{"open":"09:00","close":"23:00","isOpen":true},"thursday":{"open":"09:00","close":"23:00","isOpen":true},"friday":{"open":"09:00","close":"23:00","isOpen":true},"saturday":{"open":"09:00","close":"18:00","isOpen":true},"sunday":{"open":"09:00","close":"18:00","isOpen":false}}
[2026-08-08T11:49:05.741Z] ✅ Clinic is open on saturday from 09:00 to 18:00 
[2026-08-08T11:49:05.835Z] 🔵 Checking availability for 6 providers 
[2026-08-08T11:49:05.867Z] ✅ Found 1 slots for clinic: muneeb 
[2026-08-08T11:49:08.025Z] 🔵 Availability Request: {"clinicId":"4ca4e344-a7c6-473c-b3be-21b90c1ae067","serviceIds":["24484414-7772-4f7f-8d9c-26d45503d5fc"],"providerId":null,"date":"2026-08-12"}
[2026-08-08T11:49:08.026Z] 🔵 Using date: "2026-08-12"
[2026-08-08T11:49:08.038Z] 🔵 Clinic: "muneeb"
[2026-08-08T11:49:08.048Z] 🔵 Total duration: 60
[2026-08-08T11:49:08.049Z] 🔵 Using timezone: "Asia/Karachi"
[2026-08-08T11:49:08.052Z] 🔵 Day of week: "wednesday"
[2026-08-08T11:49:08.052Z] 🔵 Business hours for wednesday: {"open":"09:00","close":"23:00","isOpen":true}
[2026-08-08T11:49:08.053Z] 🔵 All business hours: {"monday":{"open":"09:00","close":"23:00","isOpen":true},"tuesday":{"open":"09:00","close":"23:00","isOpen":true},"wednesday":{"open":"09:00","close":"23:00","isOpen":true},"thursday":{"open":"09:00","close":"23:00","isOpen":true},"friday":{"open":"09:00","close":"23:00","isOpen":true},"saturday":{"open":"09:00","close":"18:00","isOpen":true},"sunday":{"open":"09:00","close":"18:00","isOpen":false}}
[2026-08-08T11:49:08.053Z] ✅ Clinic is open on wednesday from 09:00 to 23:00 
[2026-08-08T11:49:08.073Z] 🔵 Checking availability for 6 providers 
[2026-08-08T11:49:08.230Z] ✅ Found 27 slots for clinic: muneeb 
